a,k,k h,Omega_cdm,Omega_b,Omega_m,A_s,h,k_horizon,sigma8,delta_cdm,delta_b,delta_m,delta_prime_cdm,delta_prime_b,delta_prime_m
0.03001042,0.01681133,0.0109273645,0.2513226502018911,0.04867734979810887,0.3,2e-09,0.65,0.004326073916777189,0.7487395865324111,-115.88450000000000273,-105.271199999999993224,-114.16240894462576705,-3763.9186584052190483,-3729.3562316577572346,-3758.310633949693056
0.03003639,0.2784455,0.180989575,0.2513226502018911,0.04867734979810887,0.3,2e-09,0.65,0.004326073916777189,0.7487395865324111,-1083.4459999999999127,-959.5340999999999667,-1063.3403236651722636,-35187.918140577807208,-34902.39370842410426,-35141.58956504496018
0.03005617,0.1024415,0.066586975,0.2513226502018911,0.04867734979810887,0.3,2e-09,0.65,0.004326073916777189,0.7487395865324111,-614.0924999999999727,-534.1508000000000038,-601.1213330188149939,-19883.935832873987238,-19679.111490051265719,-19850.701478931488964
0.0300685,0.06642447,0.0431759055,0.2513226502018911,0.04867734979810887,0.3,2e-09,0.65,0.004326073916777189,0.7487395865324111,-442.82920000000001437,-376.5532000000000039,-432.07539988260174368,-14289.7589450637624395,-14111.152352456130757,-14260.778626448394789
0.0300716,0.04953792,0.032199648,0.2513226502018911,0.04867734979810887,0.3,2e-09,0.65,0.004326073916777189,0.7487395865324111,-365.7740999999999758,-336.84100000000000819,-361.07947790185443182,-11922.2735565289276565,-11868.016274187093586,-11913.469887490098699
0.03010663,0.01060726,0.0068947190000000005,0.2513226502018911,0.04867734979810887,0.3,2e-09,0.65,0.004326073916777189,0.7487395865324111,-62.20383000000000351,-59.83404000000000167,-61.819313010739797676,-2015.5608405780947123,-2007.3929078440173726,-2014.2355295153474799
0.03012679,0.008425647,0.00547667055,0.2513226502018911,0.04867734979810887,0.3,2e-09,0.65,0.004326073916777189,0.7487395865324111,-43.724490000000002965,-42.689759999999999707,-43.556596952811339918,-1409.0356274777195722,-1405.3706100716583478,-1408.4409496967493851
0.03013801,0.1979325,0.128656125,0.2513226502018911,0.04867734979810887,0.3,2e-09,0.65,0.004326073916777189,0.7487395865324111,-915.2255999999999858,-808.0661000000000058,-897.83813178103173414,-29612.477564205029921,-29364.328849872799765,-29572.213491640024586
0.03013961,0.01335375,0.0086799375,0.2513226502018911,0.04867734979810887,0.3,2e-09,0.65,0.004326073916777189,0.7487395865324111,-86.504900000000006344,-81.31040000000000134,-85.662051688245739456,-2803.2043324400965503,-2785.840166073344335,-2800.3868604394733666
0.03018784,0.04753057,0.0308948705,0.2513226502018911,0.04867734979810887,0.3,2e-09,0.65,0.004326073916777189,0.7487395865324111,-353.7961999999999989,-326.95240000000001146,-349.4405831916317311,-11492.214427492319373,-11446.568073085483775,-11484.807948957419285
0.03024701,0.1792382,0.11650482999999999,0.2513226502018911,0.04867734979810887,0.3,2e-09,0.65,0.004326073916777189,0.7487395865324111,-877.35829999999998563,-781.18880000000001473,-861.7540453619691334,-28317.295281903527211,-28099.74359840744728,-28281.995817247836385
0.03026139,0.08979081,0.0583640265,0.2513226502018911,0.04867734979810887,0.3,2e-09,0.65,0.004326073916777189,0.7487395865324111,-582.7820000000000391,-532.0322999999999638,-574.5474636698363611,-18860.529483000078471,-18763.140964172853273,-18844.727433009167726
0.03031839,0.06873681,0.0446789265,0.2513226502018911,0.04867734979810887,0.3,2e-09,0.65,0.004326073916777189,0.7487395865324111,-457.84559999999999036,-390.443300000000022,-446.9090488856763841,-14658.302699663419844,-14482.883683914375069,-14629.839590360565126
0.03036563,0.1734242,0.11272573000000001,0.2513226502018911,0.04867734979810887,0.3,2e-09,0.65,0.004326073916777189,0.7487395865324111,-868.1068000000000211,-777.7356999999999516,-853.44338117886707096,-27932.26481237020198,-27737.198861015665898,-27900.613833877578145
0.03039257,0.1678036,0.10907234,0.2513226502018911,0.04867734979810887,0.3,2e-09,0.65,0.004326073916777189,0.7487395865324111,-852.31359999999995125,-763.6173000000000002,-837.9219305970065079,-27399.568310271435621,-27210.900405135434994,-27368.955464891496376
0.03040521,0.05357266,0.034822229,0.2513226502018911,0.04867734979810887,0.3,2e-09,0.65,0.004326073916777189,0.7487395865324111,-392.76499999999998636,-356.02870000000001482,-386.80424758203906777,-12637.746512893412728,-12555.422706658862808,-12624.388830517442329
0.03042681,0.00669273,0.0043502745,0.2513226502018911,0.04867734979810887,0.3,2e-09,0.65,0.004326073916777189,0.7487395865324111,-30.487639999999998963,-30.048069999999999169,-30.416316324497479684,-963.8566079990465596,-962.2784089717640654,-963.6005328453729817
0.03061385,0.2046178,0.13300156999999999,0.2513226502018911,0.04867734979810887,0.3,2e-09,0.65,0.004326073916777189,0.7487395865324111,-949.3144999999999527,-844.431699999999978,-932.2964441886496161,-30270.7211576871523,-30040.07878548654844,-30233.297626254236093
0.03064956,0.1207578,0.07849257,0.2513226502018911,0.04867734979810887,0.3,2e-09,0.65,0.004326073916777189,0.7487395865324111,-705.00469999999995707,-630.56330000000002656,-692.92599977579675397,-22469.077194713972858,-22314.179541308509215,-22443.943837188224279
0.03068582,0.2262291,0.147048915,0.2513226502018911,0.04867734979810887,0.3,2e-09,0.65,0.004326073916777189,0.7487395865324111,-1001.11099999999999,-889.11609999999996035,-982.9389502569858905,-31841.918643146327668,-31591.16645038866045,-31801.232135814632784
0.03073357,0.1,0.065,0.2513226502018911,0.04867734979810887,0.3,2e-09,0.65,0.004326073916777189,0.7487395865324111,-621.66039999999998145,-547.15790000000004056,-609.5717858222212726,-19718.392659054676187,-19538.09216634394761,-19689.13749187983558
0.0307549,0.323461,0.21024965,0.2513226502018911,0.04867734979810887,0.3,2e-09,0.65,0.004326073916777189,0.7487395865324111,-1187.6649999999999636,-1055.5950000000000273,-1166.2356080405456851,-37695.150674004071334,-37403.21269056158053,-37647.781449539455934
0.03082055,0.1289694,0.08383011000000001,0.2513226502018911,0.04867734979810887,0.3,2e-09,0.65,0.004326073916777189,0.7487395865324111,-746.8182000000000471,-676.7101999999999862,-735.44262786784724995,-23712.63403933725931,-23574.76966604395784,-23690.264464925607172
0.03092731,0.07864133,0.0511168645,0.2513226502018911,0.04867734979810887,0.3,2e-09,0.65,0.004326073916777189,0.7487395865324111,-530.0096999999999525,-474.44089999999999918,-520.99322694846273407,-16740.254983456845366,-16628.835632696940593,-16722.176321086117241
0.0309843,0.05981015,0.0388765975,0.2513226502018911,0.04867734979810887,0.3,2e-09,0.65,0.004326073916777189,0.7487395865324111,-427.82220000000000937,-374.03059999999999263,-419.0940915686667836,-13447.9860533041555755,-13311.025165536919303,-13425.763076495804853
0.03102242,0.3668233,0.23843514500000001,0.2513226502018911,0.04867734979810887,0.3,2e-09,0.65,0.004326073916777189,0.7487395865324111,-1265.6359999999999673,-1126.3840000000000146,-1243.0412722863791259,-39833.015325315398513,-39529.91394198002672,-39783.834751779038925
0.03102575,0.03916053,0.0254543445,0.2513226502018911,0.04867734979810887,0.3,2e-09,0.65,0.004326073916777189,0.7487395865324111,-295.57990000000000919,-266.15100000000001046,-290.80483046842141448,-9307.710418347576706,-9252.5019773866806645,-9298.752416372704829
0.03103768,0.1423456,0.09252463999999999,0.2513226502018911,0.04867734979810887,0.3,2e-09,0.65,0.004326073916777189,0.7487395865324111,-784.3873999999999569,-693.47080000000005384,-769.6354695311507612,-24652.91549436160858,-24444.185516134712088,-24619.04742048326807
0.03104065,0.06416902,0.041709863,0.2513226502018911,0.04867734979810887,0.3,2e-09,0.65,0.004326073916777189,0.7487395865324111,-446.47410000000002128,-382.92430000000001655,-436.1626471860004699,-13974.582176996567796,-13809.923247659600747,-13947.864975994174529
0.03104535,0.1377393,0.089530545,0.2513226502018911,0.04867734979810887,0.3,2e-09,0.65,0.004326073916777189,0.7487395865324111,-775.66030000000000655,-693.36779999999998836,-762.30769730579697807,-24407.603907935303141,-24227.036994479993155,-24378.305511907870823
0.03106645,0.2887157,0.18766520500000003,0.2513226502018911,0.04867734979810887,0.3,2e-09,0.65,0.004326073916777189,0.7487395865324111,-1139.3369999999999891,-1014.10400000000004184,-1119.0169648424446223,-35807.729559569335834,-35535.88674929933768,-35763.62093435061979
0.03109288,0.2687019,0.174656235,0.2513226502018911,0.04867734979810887,0.3,2e-09,0.65,0.004326073916777189,0.7487395865324111,-1102.9760000000001128,-981.7256999999999607,-1083.302189112581118,-34635.8561498557101,-34371.775444048733334,-34593.006986884051003
0.03111787,1.061917,0.69024605,0.2513226502018911,0.04867734979810887,0.3,2e-09,0.65,0.004326073916777189,0.7487395865324111,-1872.2380000000000564,-1667.4179999999998927,-1839.0043507145044259,-58750.482860566975432,-58308.22831024872721,-58678.723595748153457
0.03113015,0.8453723,0.549491995,0.2513226502018911,0.04867734979810887,0.3,2e-09,0.65,0.004326073916777189,0.7487395865324111,-1739.9860000000001037,-1549.6639999999999873,-1709.1047647724144554,-54579.244493034442712,-54168.456252676507575,-54512.59088347159559
0.03113229,0.05769665,0.037502822500000005,0.2513226502018911,0.04867734979810887,0.3,2e-09,0.65,0.004326073916777189,0.7487395865324111,-421.11410000000000764,-373.1664000000000101,-413.33421011695071456,-13197.437184658021579,-13080.24332836188114,-13178.421563534298912
0.0311376,0.4039004,0.26253526,0.2513226502018911,0.04867734979810887,0.3,2e-09,0.65,0.004326073916777189,0.7487395865324111,-1322.8360000000000127,-1177.9529999999999745,-1299.3275984306685586,-41483.35713938713161,-41170.092832472146256,-41432.527551897248486
0.03114305,0.6893279,0.448063135,0.2513226502018911,0.04867734979810887,0.3,2e-09,0.65,0.004326073916777189,0.7487395865324111,-1623.0660000000000309,-1445.5570000000000164,-1594.2637743822915581,-50890.847597350773867,-50507.862410517846,-50828.70525099423685
0.03115185,0.5919636,0.38477634000000005,0.2513226502018911,0.04867734979810887,0.3,2e-09,0.65,0.004326073916777189,0.7487395865324111,-1536.7429999999999382,-1368.6829999999999927,-1509.4739486430992201,-48170.74776768598531,-47808.17525757540716,-48111.917538013214653
0.03115215,0.4533349,0.294667685,0.2513226502018911,0.04867734979810887,0.3,2e-09,0.65,0.004326073916777189,0.7487395865324111,-1387.1099999999999,-1235.3209999999999127,-1362.4810458383160494,-43479.414568516105646,-43151.66761279811908,-43426.23505782027496
0.03115984,0.5299694,0.34448011000000006,0.2513226502018911,0.04867734979810887,0.3,2e-09,0.65,0.004326073916777189,0.7487395865324111,-1474.7119999999999891,-1313.4500000000000455,-1448.5459773895245235,-46214.63211520891491,-45866.77271356145502,-46158.189202627065242
0.031168,0.4864863,0.316216095,0.2513226502018911,0.04867734979810887,0.3,2e-09,0.65,0.004326073916777189,0.7487395865324111,-1427.0989999999999327,-1271.0550000000000637,-1401.7796387603461881,-44710.86306691941718,-44374.307502100782585,-44656.254290402153856
0.0311934,0.1094098,0.07111637,0.2513226502018911,0.04867734979810887,0.3,2e-09,0.65,0.004326073916777189,0.7487395865324111,-659.480199999999968,-572.1390999999999849,-645.3084224118279053,-20572.99606772901825,-20363.720077226480498,-20539.039399082223099
0.03119596,0.147106,0.09561889999999999,0.2513226502018911,0.04867734979810887,0.3,2e-09,0.65,0.004326073916777189,0.7487395865324111,-798.9031999999999698,-701.73299999999994725,-783.13657394882591234,-24961.578438675140205,-24736.21998756735411,-24925.012264826691535
0.03120375,0.4265155,0.277235075,0.2513226502018911,0.04867734979810887,0.3,2e-09,0.65,0.004326073916777189,0.7487395865324111,-1355.6520000000000437,-1207.5730000000000928,-1331.625022397486191,-42424.81596271860326,-42105.934243751180475,-42373.074906123933033
0.03123953,0.311127,0.20223255,0.2513226502018911,0.04867734979810887,0.3,2e-09,0.65,0.004326073916777189,0.7487395865324111,-1185.7560000000000855,-1056.2609999999999673,-1164.7444219596463881,-37065.94629474740941,-36786.88335826923867,-37020.666147498624923
0.03127974,0.3842579,0.249767635,0.2513226502018911,0.04867734979810887,0.3,2e-09,0.65,0.004326073916777189,0.7487395865324111,-1301.4970000000000709,-1159.6949999999999363,-1278.4885148130952075,-40633.39662413427868,-40329.177883403644955,-40584.034750608654576
0.03131617,0.07354966,0.047807279,0.2513226502018911,0.04867734979810887,0.3,2e-09,0.65,0.004326073916777189,0.7487395865324111,-501.44709999999997763,-437.36230000000000473,-491.0488392455271196,-15590.090504080215396,-15444.345194325018383,-15566.442185998923378
0.03132744,0.3510935,0.228210775,0.2513226502018911,0.04867734979810887,0.3,2e-09,0.65,0.004326073916777189,0.7487395865324111,-1254.2110000000000127,-1117.7529999999999291,-1232.069620670832137,-39098.750787101409514,-38806.48387443705724,-39051.32819129415293
0.03135837,0.3367221,0.218869365,0.2513226502018911,0.04867734979810887,0.3,2e-09,0.65,0.004326073916777189,0.7487395865324111,-1232.7110000000000127,-1098.7519999999999527,-1210.9751029946503422,-38391.57316180820635,-38105.342813644987473,-38345.130045873622294
0.03143961,0.02634401,0.017123606500000003,0.2513226502018911,0.04867734979810887,0.3,2e-09,0.65,0.004326073916777189,0.7487395865324111,-196.370900000000006,-167.19820000000001414,-191.63740092514902358,-6054.1157261738153466,-5975.3921912613986933,-6041.342216019564148
0.03163664,0.2115515,0.13750847500000002,0.2513226502018911,0.04867734979810887,0.3,2e-09,0.65,0.004326073916777189,0.7487395865324111,-1000.32200000000000273,-896.09019999999998163,-983.4095740377115362,-30901.902611362351308,-30686.886618250759057,-30867.014582332747523
0.03172373,0.1168502,0.07595263000000001,0.2513226502018911,0.04867734979810887,0.3,2e-09,0.65,0.004326073916777189,0.7487395865324111,-707.41430000000002565,-627.008199999999988,-694.3677804813275998,-21761.687477619580022,-21591.883879643693945,-21734.135513834076846
0.0317448,0.08404437,0.0546288405,0.2513226502018911,0.04867734979810887,0.3,2e-09,0.65,0.004326073916777189,0.7487395865324111,-580.30570000000000164,-531.5041999999999689,-572.38727437942520737,-17915.756015880982886,-17834.239081053579866,-17902.529254710771056
0.03176774,0.07111046,0.046221799,0.2513226502018911,0.04867734979810887,0.3,2e-09,0.65,0.004326073916777189,0.7487395865324111,-492.86369999999999436,-426.0717999999999961,-482.0261910667322809,-15090.025815073307967,-14934.0672796678118175,-15064.72032113352725
0.0317977,0.2505811,0.162877715,0.2513226502018911,0.04867734979810887,0.3,2e-09,0.65,0.004326073916777189,0.7487395865324111,-1091.19399999999996,-975.09739999999999327,-1072.3564173047627719,-33528.86643533368624,-33287.617636866139947,-33489.721928162420227
0.03189739,0.1520261,0.098816965,0.2513226502018911,0.04867734979810887,0.3,2e-09,0.65,0.004326073916777189,0.7487395865324111,-831.1853999999999587,-732.1748999999999796,-815.12017085938100536,-25411.831132986506418,-25193.39983120852412,-25376.38894337482634
0.03198776,0.2995812,0.19472778,0.2513226502018911,0.04867734979810887,0.3,2e-09,0.65,0.004326073916777189,0.7487395865324111,-1193.3730000000000473,-1066.6020000000000891,-1172.803412295813132,-36453.097853371677047,-36191.00426723295095,-36410.571116130624432
0.03208136,0.1914821,0.12446336499999999,0.2513226502018911,0.04867734979810887,0.3,2e-09,0.65,0.004326073916777189,0.7487395865324111,-954.6187999999999647,-846.9169000000000551,-937.1433231325967199,-29046.75012599501133,-28816.386290674407064,-29009.371789352557244
0.03211521,0.03087148,0.020066462,0.2513226502018911,0.04867734979810887,0.3,2e-09,0.65,0.004326073916777189,0.7487395865324111,-235.26150000000001228,-201.7932999999999879,-229.83102240495642832,-7110.7936645354284337,-7030.912181140914072,-7097.8322681701392867
0.03212247,0.06196587,0.0402778155,0.2513226502018911,0.04867734979810887,0.3,2e-09,0.65,0.004326073916777189,0.7487395865324111,-452.085899999999981,-392.742999999999995,-442.45704966221927634,-13699.349071061657014,-13554.243524014882496,-13675.8045594908508065
0.03212475,0.2340111,0.15210721500000002,0.2513226502018911,0.04867734979810887,0.3,2e-09,0.65,0.004326073916777189,0.7487395865324111,-1062.59699999999998,-946.5203999999999951,-1043.7626624614160846,-32306.41709502600861,-32063.250941936701565,-32266.961482049377082
0.03228095,0.1571115,0.10212247499999999,0.2513226502018911,0.04867734979810887,0.3,2e-09,0.65,0.004326073916777189,0.7487395865324111,-860.467200000000048,-764.105199999999968,-844.83171072918207756,-26023.529854658438126,-25822.716398716049298,-25990.946298528186162
0.03239388,0.04136112,0.026884728,0.2513226502018911,0.04867734979810887,0.3,2e-09,0.65,0.004326073916777189,0.7487395865324111,-327.96769999999997935,-300.35199999999997544,-323.4868363706011678,-9918.196536575274877,-9874.3161074192103115,-9911.07659324420456
0.03239969,0.1852542,0.12041523000000001,0.2513226502018911,0.04867734979810887,0.3,2e-09,0.65,0.004326073916777189,0.7487395865324111,-949.940900000000056,-846.3854000000000042,-933.13820900993971463,-28638.644097059044725,-28421.630477137776325,-28603.431937432837003
0.03252919,0.03413118,0.022185266999999998,0.2513226502018911,0.04867734979810887,0.3,2e-09,0.65,0.004326073916777189,0.7487395865324111,-265.18430000000000746,-231.84540000000001214,-259.77480234271939707,-7934.818998038661448,-7863.613270557138094,-7923.2653110245046264
0.03256859,0.1332822,0.08663343,0.2513226502018911,0.04867734979810887,0.3,2e-09,0.65,0.004326073916777189,0.7487395865324111,-802.36990000000002965,-727.6755000000000564,-790.2501485441338218,-24121.249627366079949,-23979.225239986306406,-24098.205058084920893
0.03258456,0.02115622,0.013751543,0.2513226502018911,0.04867734979810887,0.3,2e-09,0.65,0.004326073916777189,0.7487395865324111,-162.79920000000001323,-143.27819999999999823,-159.6317648486370615,-4860.8980684685775486,-4807.6025338296067275,-4852.2504505275828706
0.03268139,0.1623685,0.10553952500000001,0.2513226502018911,0.04867734979810887,0.3,2e-09,0.65,0.004326073916777189,0.7487395865324111,-893.41269999999997253,-801.5579000000000178,-878.5085392325488556,-26727.342000331755116,-26548.211575433328107,-26698.276685824206652
0.03270275,0.07605859,0.0494380835,0.2513226502018911,0.04867734979810887,0.3,2e-09,0.65,0.004326073916777189,0.7487395865324111,-540.83169999999995525,-480.52649999999999864,-531.04670894985019913,-16145.093657009743765,-16025.035600794437414,-16125.613297014831915
0.03273723,0.2594292,0.16862898,0.2513226502018911,0.04867734979810887,0.3,2e-09,0.65,0.004326073916777189,0.7487395865324111,-1142.1820000000000164,-1024.2429999999999382,-1123.0454734738693787,-34110.641296158770274,-33876.05887278418959,-34072.57846056179551
0.03274136,0.09591253,0.0623431445,0.2513226502018911,0.04867734979810887,0.3,2e-09,0.65,0.004326073916777189,0.7487395865324111,-650.9070000000000391,-586.8976999999999862,-640.52098971189298027,-19449.571221836318728,-19319.26711375614832,-19428.428359672485385
0.03280559,0.09912409,0.0644306585,0.2513226502018911,0.04867734979810887,0.3,2e-09,0.65,0.004326073916777189,0.7487395865324111,-660.36009999999998854,-587.7480000000000473,-648.5782180290824499,-19660.201189202340174,-19503.39765976349372,-19634.758588362095907
0.03284536,0.05154835,0.0335064275,0.2513226502018911,0.04867734979810887,0.3,2e-09,0.65,0.004326073916777189,0.7487395865324111,-411.90589999999997417,-379.46570000000002665,-406.64222345693127636,-12301.749672855517929,-12243.01482282944562,-12292.219483388655135
0.03298119,0.04346481,0.028252126500000002,0.2513226502018911,0.04867734979810887,0.3,2e-09,0.65,0.004326073916777189,0.7487395865324111,-352.49959999999998672,-326.10239999999998872,-348.2164475396978105,-10487.05689573800737,-10449.055214492824234,-10480.890825301712539
0.03301489,0.09280277,0.06032180050000001,0.2513226502018911,0.04867734979810887,0.3,2e-09,0.65,0.004326073916777189,0.7487395865324111,-646.6425000000000409,-590.2417000000000371,-637.4910284316894149,-19194.070436192429042,-19090.16623535420149,-19177.211165760108997
0.03323044,0.08687267,0.056467235500000004,0.2513226502018911,0.04867734979810887,0.3,2e-09,0.65,0.004326073916777189,0.7487395865324111,-624.06979999999998654,-575.5466000000000122,-616.1965307342546794,-18429.285701199743926,-18353.822564425667224,-18417.041216181027266
0.03334466,0.04551242,0.029583072999999998,0.2513226502018911,0.04867734979810887,0.3,2e-09,0.65,0.004326073916777189,0.7487395865324111,-373.89220000000000255,-347.77569999999997208,-369.65459331332561987,-11012.285808364234981,-10975.926047842640401,-11006.386152425950058
0.03338418,0.1130689,0.073494785,0.2513226502018911,0.04867734979810887,0.3,2e-09,0.65,0.004326073916777189,0.7487395865324111,-722.3492999999999711,-636.676900000000046,-708.44828205718829395,-21107.773013849360723,-20930.079689821854117,-21078.940880214438948
0.03340607,0.08130191,0.0528462415,0.2513226502018911,0.04867734979810887,0.3,2e-09,0.65,0.004326073916777189,0.7487395865324111,-591.1346999999999525,-539.467200000000048,-582.75124343102061175,-17339.776084874323715,-17255.290498510432371,-17326.067636739877344
0.03342904,0.03679435,0.023916327500000004,0.2513226502018911,0.04867734979810887,0.3,2e-09,0.65,0.004326073916777189,0.7487395865324111,-296.17509999999998627,-264.498299999999972,-291.0352910863841771,-8650.434338339255191,-8591.723803299926658,-8640.9080941694428475
0.03346453,0.1058687,0.068814655,0.2513226502018911,0.04867734979810887,0.3,2e-09,0.65,0.004326073916777189,0.7487395865324111,-692.3383999999999787,-606.32770000000004984,-678.3824902323992774,-20166.204593463124183,-19978.338893369138532,-20135.721912134649756
0.0334907,0.2421193,0.157377545,0.2513226502018911,0.04867734979810887,0.3,2e-09,0.65,0.004326073916777189,0.7487395865324111,-1126.4819999999999709,-1009.50699999999994816,-1107.5018900245538589,-32887.09230191079405,-32660.110748856171995,-32850.262767058266036
0.03351721,0.124796,0.0811174,0.2513226502018911,0.04867734979810887,0.3,2e-09,0.65,0.004326073916777189,0.7487395865324111,-791.73299999999994725,-721.00909999999998945,-780.2574932687116416,-23144.570681282151781,-23022.712105561720819,-23124.7981728946761
0.03378762,0.2187494,0.14218711,0.2513226502018911,0.04867734979810887,0.3,2e-09,0.65,0.004326073916777189,0.7487395865324111,-1084.5789999999999509,-977.01530000000002474,-1067.125947165070329,-31408.792532524254057,-31205.744822245724208,-31375.846451127807086
0.03452209,0.05561963,0.036152759500000006,0.2513226502018911,0.04867734979810887,0.3,2e-09,0.65,0.004326073916777189,0.7487395865324111,-455.78800000000001091,-413.35950000000002547,-448.9036435469697608,-12929.5350989439029945,-12845.714469235617798,-12915.934545235208134
0.03011726,0.01355509,0.008946359400000001,0.2513226502018911,0.04867734979810887,0.3,2e-09,0.66,0.004392061430222918,0.76174001094047,-87.04192000000000462,-81.82895000000000607,-86.19607478607650819,-2823.2904013735392255,-2805.9254856684469814,-2820.4728077869008303
0.03011844,0.01706479,0.0112627614,0.2513226502018911,0.04867734979810887,0.3,2e-09,0.66,0.004392061430222918,0.76174001094047,-117.23390000000000555,-106.581800000000001205,-115.50551334071855081,-3795.404311019108718,-3761.0696740515486454,-3789.8332472395718469
0.03011961,0.008552686,0.005644772760000001,0.2513226502018911,0.04867734979810887,0.3,2e-09,0.66,0.004392061430222918,0.76174001094047,-43.926810000000003242,-42.888410000000000366,-43.7583214665654765,-1416.1427343781201671,-1412.4828011053884893,-1415.5488815376049843
0.03015182,0.00679364,0.0044838024,0.2513226502018911,0.04867734979810887,0.3,2e-09,0.66,0.004392061430222918,0.76174001094047,-30.341509999999999536,-29.900919999999999277,-30.270020821508168751,-967.8188128609277783,-966.2230706924211745,-967.55989119518108055
0.03019154,0.1261129,0.08323451400000001,0.2513226502018911,0.04867734979810887,0.3,2e-09,0.66,0.004392061430222918,0.76174001094047,-725.5905999999999949,-654.46550000000002,-714.04999542624841524,-23505.345442755864497,-23361.166995593801403,-23481.951360403010767
0.03021202,0.04600474,0.0303631284,0.2513226502018911,0.04867734979810887,0.3,2e-09,0.66,0.004392061430222918,0.76174001094047,-342.66609999999997171,-316.38179999999999836,-338.4012664490051634,-11121.797124645258009,-11078.936357736378341,-11114.842629500461044
0.03024639,0.01076719,0.0071063454,0.2513226502018911,0.04867734979810887,0.3,2e-09,0.66,0.004392061430222918,0.76174001094047,-62.851909999999996614,-60.47231000000000023,-62.46580126140139555,-2027.7723118115707166,-2019.6712460856615508,-2026.4578504446453735
0.03025318,0.05621177,0.0370997682,0.2513226502018911,0.04867734979810887,0.3,2e-09,0.66,0.004392061430222918,0.76174001094047,-405.05979999999999563,-362.85610000000002628,-398.21191910775183942,-13081.3477026702694275,-12979.107952246453351,-13064.75850235476355
0.03029318,0.09073851,0.0598874166,0.2513226502018911,0.04867734979810887,0.3,2e-09,0.66,0.004392061430222918,0.76174001094047,-591.3201000000000249,-540.0569000000000415,-583.00224427276532424,-19122.166468134677416,-19024.069658743726905,-19106.249492452003324
0.03030568,0.05006921,0.0330456786,0.2513226502018911,0.04867734979810887,0.3,2e-09,0.66,0.004392061430222918,0.76174001094047,-372.30910000000000082,-343.09660000000002356,-367.5691430634091148,-12045.945754106714958,-11991.758763314994212,-12037.15349042246271
0.030384,0.2814027,0.185725782,0.2513226502018911,0.04867734979810887,0.3,2e-09,0.66,0.004392061430222918,0.76174001094047,-1115.9139999999999873,-990.1938000000000102,-1095.5149128263726652,-35847.531140425562626,-35563.39242817084596,-35801.42740880020574
0.03039262,0.06712759,0.0443042094,0.2513226502018911,0.04867734979810887,0.3,2e-09,0.66,0.004392061430222918,0.76174001094047,-453.03879999999998063,-386.44209999999998217,-442.23296379566755832,-14473.106900409127775,-14297.171761235567828,-14444.560046038024666
0.03040959,0.2000223,0.132014718,0.2513226502018911,0.04867734979810887,0.3,2e-09,0.66,0.004392061430222918,0.76174001094047,-939.1106999999999516,-830.43840000000000146,-921.4777681317831366,-30128.422596169883036,-29880.511513960893353,-30088.19708127816557
0.03043572,0.1035224,0.068324784,0.2513226502018911,0.04867734979810887,0.3,2e-09,0.66,0.004392061430222918,0.76174001094047,-630.8147000000000162,-550.251700000000028,-617.74272222738318305,-20184.139154284574033,-19982.348075744390371,-20151.39697123044607
0.03052551,0.04804225,0.031707885000000005,0.2513226502018911,0.04867734979810887,0.3,2e-09,0.66,0.004392061430222918,0.76174001094047,-361.21059999999999945,-334.06490000000002283,-356.8059975519515774,-11607.950343480530137,-11562.375752380810809,-11600.555509104306111
0.03056883,0.2210608,0.14590012800000002,0.2513226502018911,0.04867734979810887,0.3,2e-09,0.66,0.004392061430222918,0.76174001094047,-1000.94899999999995543,-892.8664999999999736,-983.41176780148623493,-31982.84560667912956,-31745.086909827954514,-31944.267395831902832
0.03060188,0.06946396,0.045846213600000005,0.2513226502018911,0.04867734979810887,0.3,2e-09,0.66,0.004392061430222918,0.76174001094047,-467.80380000000002383,-400.00940000000002783,-456.80362758949030422,-14847.475073572330075,-14674.036913953059411,-14819.333373691904853
0.03065038,0.05414413,0.0357351258,0.2513226502018911,0.04867734979810887,0.3,2e-09,0.66,0.004392061430222918,0.76174001094047,-400.14699999999999136,-363.1875,-394.15003163378929685,-12777.893333742853429,-12696.352615229083312,-12764.662713483239713
0.03078241,0.1811299,0.11954573400000001,0.2513226502018911,0.04867734979810887,0.3,2e-09,0.66,0.004392061430222918,0.76174001094047,-907.7578999999999496,-810.49049999999999727,-891.97550248749132606,-28809.057428964195424,-28595.538472483480291,-28774.412305853729777
0.03081902,0.07947191,0.052451460600000006,0.2513226502018911,0.04867734979810887,0.3,2e-09,0.66,0.004392061430222918,0.76174001094047,-534.91430000000002565,-478.7230000000000132,-525.79682144763171436,-16957.193289509206807,-16843.757565594754851,-16938.78745480058933
0.03098429,0.1695744,0.11191910399999999,0.2513226502018911,0.04867734979810887,0.3,2e-09,0.66,0.004392061430222918,0.76174001094047,-882.9501000000000204,-793.11800000000005184,-868.3741381506710013,-27861.654379916275502,-27676.614636079266347,-27831.630232125251496
0.03104059,0.122032,0.08054112000000001,0.2513226502018911,0.04867734979810887,0.3,2e-09,0.66,0.004392061430222918,0.76174001094047,-724.46690000000000964,-649.03769999999997253,-712.2279214886949603,-22810.320010693514632,-22656.460870148239337,-22785.355160013652494
0.03104192,0.1752544,0.115667904,0.2513226502018911,0.04867734979810887,0.3,2e-09,0.66,0.004392061430222918,0.76174001094047,-901.97910000000001673,-810.54349999999999454,-887.142957716000069,-28411.753487619738735,-28221.611135344603099,-28380.901401642629935
0.03111572,0.3269228,0.21576904800000002,0.2513226502018911,0.04867734979810887,0.3,2e-09,0.66,0.004392061430222918,0.76174001094047,-1224.0860000000000127,-1090.0450000000000728,-1202.3367978523722286,-38421.49383269388636,-38130.990972906947718,-38374.357468283218623
0.03113159,0.1180831,0.077934846,0.2513226502018911,0.04867734979810887,0.3,2e-09,0.66,0.004392061430222918,0.76174001094047,-704.8310000000000173,-623.5701999999999998,-691.6457987117527182,-22091.059436225463287,-21914.402897107658646,-22062.39552906292738
0.0311681,0.03959599,0.0261333534,0.2513226502018911,0.04867734979810887,0.3,2e-09,0.66,0.004392061430222918,0.76174001094047,-299.66300000000001091,-270.03890000000001237,-294.85625773948612505,-9396.430787425390008,-9341.159204599331133,-9387.462540188324056
0.03116872,0.2286204,0.150889464,0.2513226502018911,0.04867734979810887,0.3,2e-09,0.66,0.004392061430222918,0.76174001094047,-1034.6539999999999964,-921.175200000000018,-1016.2411758591011903,-32419.822014480752841,-32172.33378833901952,-32379.66511129803257
0.03133428,0.06044504,0.0398937264,0.2513226502018911,0.04867734979810887,0.3,2e-09,0.66,0.004392061430222918,0.76174001094047,-437.6490999999999758,-383.66480000000001382,-428.88972448431314888,-13611.807318906445289,-13477.289338492717434,-13589.980722950664131
0.03136534,0.06484879,0.0428002014,0.2513226502018911,0.04867734979810887,0.3,2e-09,0.66,0.004392061430222918,0.76174001094047,-456.570699999999988,-392.76679999999998927,-446.21801747072140643,-14151.942483708508007,-13989.854647251535425,-14125.642462664391132
0.03139808,0.3707954,0.24472496400000002,0.2513226502018911,0.04867734979810887,0.3,2e-09,0.66,0.004392061430222918,0.76174001094047,-1305.4610000000000127,-1164.0879999999999654,-1282.5221234233065388,-40617.128053431872104,-40315.619274362565193,-40568.20589241201378
0.03140762,0.2917864,0.19257902400000002,0.2513226502018911,0.04867734979810887,0.3,2e-09,0.66,0.004392061430222918,0.76174001094047,-1172.9790000000000418,-1045.928000000000111,-1152.3639801026681653,-36483.648853917984525,-36212.954694286425365,-36439.72660626234574
0.03141582,0.02672216,0.0176366256,0.2513226502018911,0.04867734979810887,0.3,2e-09,0.66,0.004392061430222918,0.76174001094047,-198.25790000000000646,-169.0800000000000125,-193.52355718441918953,-6119.3512309350962823,-6040.8901919118115984,-6106.6203127948974725
0.0314196,0.1303302,0.086017932,0.2513226502018911,0.04867734979810887,0.3,2e-09,0.66,0.004392061430222918,0.76174001094047,-772.7825000000000273,-701.8544000000000551,-761.27386021928248283,-24084.939184526239842,-23949.857392699050251,-24063.021105752482981
0.03143617,0.07432697,0.049055800200000006,0.2513226502018911,0.04867734979810887,0.3,2e-09,0.66,0.004392061430222918,0.76174001094047,-509.67720000000002756,-445.056699999999978,-499.1920177245710306,-15791.509931512802723,-15645.578699910965952,-15767.831446155631056
0.03145627,0.05830992,0.038484547200000004,0.2513226502018911,0.04867734979810887,0.3,2e-09,0.66,0.004392061430222918,0.76174001094047,-430.29169999999999163,-382.15589999999997417,-422.48128941862728425,-13353.73516745190318,-13238.442267123851707,-13335.027991323544484
0.03148268,0.2067786,0.13647387600000002,0.2513226502018911,0.04867734979810887,0.3,2e-09,0.66,0.004392061430222918,0.76174001094047,-992.5240000000000009,-886.073099999999954,-975.25150768125490686,-30802.247475982094329,-30578.453729779274,-30765.935187760278495
0.03150804,1.077903,0.7114159800000001,0.2513226502018911,0.04867734979810887,0.3,2e-09,0.66,0.004392061430222918,0.76174001094047,-1938.8969999999999345,-1730.22199999999998,-1905.0378467695986728,-60122.31088173117314,-59681.13977794029779,-60050.7274145976844
0.03150945,0.1438476,0.094939416,0.2513226502018911,0.04867734979810887,0.3,2e-09,0.66,0.004392061430222918,0.76174001094047,-808.89869999999996253,-717.0362999999999829,-793.9933060730205625,-25059.147832450384158,-24853.683144973569142,-25025.809577572155831
0.03151941,0.8579617,0.566254722,0.2513226502018911,0.04867734979810887,0.3,2e-09,0.66,0.004392061430222918,0.76174001094047,-1801.2119999999999891,-1607.3810000000000855,-1769.7614020376090593,-55833.011972867301665,-55423.383087354246527,-55766.546477708870952
0.03152277,0.4083378,0.269502948,0.2513226502018911,0.04867734979810887,0.3,2e-09,0.66,0.004392061430222918,0.76174001094047,-1365.2590000000000146,-1218.1310000000000855,-1341.3863295963460587,-42313.985121972298657,-42002.425230346962053,-42263.432089213267318
0.03152384,0.08493165,0.056054889000000004,0.2513226502018911,0.04867734979810887,0.3,2e-09,0.66,0.004392061430222918,0.76174001094047,-583.8585000000000491,-534.45090000000004693,-575.84172990704985295,-18153.247288655871671,-18069.603121394178743,-18139.675367361305689
0.03152973,0.2715523,0.17922451800000003,0.2513226502018911,0.04867734979810887,0.3,2e-09,0.66,0.004392061430222918,0.76174001094047,-1138.7170000000000982,-1015.7759999999999536,-1118.7688597949022551,-35283.780142217030516,-35022.243781127544935,-35241.343819104768045
0.03153092,0.6989097,0.461280402,0.2513226502018911,0.04867734979810887,0.3,2e-09,0.66,0.004392061430222918,0.76174001094047,-1679.0139999999998963,-1498.3520000000000891,-1649.7001754359132519,-52026.380766196634795,-51644.65931068323698,-51964.443470145066385
0.03153781,0.4584522,0.302578452,0.2513226502018911,0.04867734979810887,0.3,2e-09,0.66,0.004392061430222918,0.76174001094047,-1432.1920000000000073,-1277.9900000000000091,-1407.1715176881066327,-44368.133773720510362,-44042.039988900651224,-44315.22250295161939
0.03153917,0.5995022,0.39567145200000003,0.2513226502018911,0.04867734979810887,0.3,2e-09,0.66,0.004392061430222918,0.76174001094047,-1588.5779999999999745,-1417.65300000000002,-1560.8440799525274088,-49211.341316531179473,-48850.251274309113796,-49152.751628884980164
0.03154749,0.536326,0.35397516,0.2513226502018911,0.04867734979810887,0.3,2e-09,0.66,0.004392061430222918,0.76174001094047,-1523.6929999999999836,-1359.76299999999992,-1497.0940734919865918,-47189.032013711730542,-46842.715127915267658,-47132.839386408712016
0.03155573,0.4921092,0.32479207200000004,0.2513226502018911,0.04867734979810887,0.3,2e-09,0.66,0.004392061430222918,0.76174001094047,-1473.9700000000000273,-1315.40300000000002,-1448.2412622485442171,-45637.254149097141635,-45302.333989454069524,-45582.91072987919324
0.0315915,0.4312543,0.284627838,0.2513226502018911,0.04867734979810887,0.3,2e-09,0.66,0.004392061430222918,0.76174001094047,-1399.4809999999999945,-1249.0850000000000364,-1375.0780709992120592,-43282.915444763581036,-42965.749295269401046,-43231.452752753415552
0.03162913,0.1391927,0.091867182,0.2513226502018911,0.04867734979810887,0.3,2e-09,0.66,0.004392061430222918,0.76174001094047,-802.5765999999999849,-719.46690000000000964,-789.0914002049469218,-24806.106222278107452,-24629.517912220868311,-24777.453385815060756
0.0316499,0.3144484,0.20753594400000003,0.2513226502018911,0.04867734979810887,0.3,2e-09,0.66,0.004392061430222918,0.76174001094047,-1223.678000000000111,-1092.3040000000000873,-1202.3615394920775543,-37776.957888867917063,-37500.028547494141094,-37732.023934136544995
0.03167107,0.3884449,0.256373634,0.2513226502018911,0.04867734979810887,0.3,2e-09,0.66,0.004392061430222918,0.76174001094047,-1343.1990000000000691,-1199.2339999999999236,-1319.8395511210508175,-41440.20043327382882,-41137.788085023603344,-41391.13166107701545
0.03172983,0.354877,0.23421882000000002,0.2513226502018911,0.04867734979810887,0.3,2e-09,0.66,0.004392061430222918,0.76174001094047,-1294.446999999999889,-1155.9539999999999509,-1271.9754259813680619,-39863.724912523655803,-39573.448448688490316,-39816.625282629443973
0.03174098,0.3403369,0.224622354,0.2513226502018911,0.04867734979810887,0.3,2e-09,0.66,0.004392061430222918,0.76174001094047,-1271.2829999999999018,-1135.3379999999999654,-1249.2248589389866993,-39137.000345917585946,-38852.461709109127696,-39090.83172340090823
0.03200107,0.07186231,0.047429124600000004,0.2513226502018911,0.04867734979810887,0.3,2e-09,0.66,0.004392061430222918,0.76174001094047,-502.648900000000026,-435.38880000000000337,-491.73542194948072392,-15285.092565961327637,-15130.1284641045822354,-15259.948426653891147
0.03214554,0.1486583,0.098114478,0.2513226502018911,0.04867734979810887,0.3,2e-09,0.66,0.004392061430222918,0.76174001094047,-835.93050000000005184,-737.51329999999995835,-819.9615384314985249,-25371.808950922186341,-25154.385298983979737,-25336.530260389587056
0.03222879,0.03125913,0.020631025800000004,0.2513226502018911,0.04867734979810887,0.3,2e-09,0.66,0.004392061430222918,0.76174001094047,-238.36650000000000205,-204.91480000000001382,-232.93869965919532206,-7182.8828655384222657,-7103.7855203854560386,-7170.0487017447121616
0.03240187,0.3027728,0.199830048,0.2513226502018911,0.04867734979810887,0.3,2e-09,0.66,0.004392061430222918,0.76174001094047,-1231.1790000000000873,-1102.6079999999999472,-1210.3173481970245575,-37147.92531099850021,-36887.88615257327183,-37105.731920745594834
0.03250124,0.02147442,0.014173117200000002,0.2513226502018911,0.04867734979810887,0.3,2e-09,0.66,0.004392061430222918,0.76174001094047,-163.92879999999999541,-144.36539999999999395,-160.75448511653223704,-4908.411440657408093,-4855.024960983742858,-4899.749066172192215
0.03250926,0.06262291,0.04133112060000001,0.2513226502018911,0.04867734979810887,0.3,2e-09,0.66,0.004392061430222918,0.76174001094047,-462.93020000000001346,-403.37040000000001783,-453.2661559383153076,-13870.188703953434015,-13727.797910890276398,-13847.084682480213814
0.03253657,0.2364859,0.15608069400000002,0.2513226502018911,0.04867734979810887,0.3,2e-09,0.66,0.004392061430222918,0.76174001094047,-1095.1410000000000764,-977.417699999999968,-1076.0394724883742583,-32892.331139577858266,-32650.883035934552026,-32853.15429358073743
0.03255505,0.1935034,0.127712244,0.2513226502018911,0.04867734979810887,0.3,2e-09,0.66,0.004392061430222918,0.76174001094047,-984.99289999999996326,-875.81349999999997635,-967.2776871848410565,-29552.391025009274017,-29324.42539987044438,-29515.401816753179446
0.03256595,0.1640818,0.10829398800000001,0.2513226502018911,0.04867734979810887,0.3,2e-09,0.66,0.004392061430222918,0.76174001094047,-904.9016000000000304,-811.89970000000005257,-889.81131327270418296,-27172.050845751109591,-26989.577785984733055,-27142.443162554511218
0.03260301,0.04181533,0.0275981178,0.2513226502018911,0.04867734979810887,0.3,2e-09,0.66,0.004392061430222918,0.76174001094047,-333.13060000000001537,-305.2629000000000019,-328.60884739677078414,-10012.9709447510558675,-9968.931146651942981,-10005.825142560692257
0.0326786,0.1536302,0.10139593200000001,0.2513226502018911,0.04867734979810887,0.3,2e-09,0.66,0.004392061430222918,0.76174001094047,-864.80700000000001637,-764.4311999999999898,-848.5202402404498798,-25828.626971142944967,-25615.633035363422096,-25794.06703675355675
0.03267938,0.03453132,0.022790671199999998,0.2513226502018911,0.04867734979810887,0.3,2e-09,0.66,0.004392061430222918,0.76174001094047,-268.88529999999997244,-235.49909999999999854,-263.46812754723453054,-8012.253183068539329,-7941.636451265831056,-8000.7950652166728105
0.03270634,0.2532345,0.16713477,0.2513226502018911,0.04867734979810887,0.3,2e-09,0.66,0.004392061430222918,0.76174001094047,-1142.0080000000000382,-1024.1790000000000873,-1122.8893218354621695,-34144.844865793391364,-33910.926932979171397,-34106.88984899456409
0.03271037,0.07686213,0.050729005800000004,0.2513226502018911,0.04867734979810887,0.3,2e-09,0.66,0.004392061430222918,0.76174001094047,-547.80930000000000746,-486.91190000000000282,-537.92821986134879353,-16353.686637705508474,-16232.495863049272884,-16334.022485271356345
0.032861,0.1587694,0.10478780400000001,0.2513226502018911,0.04867734979810887,0.3,2e-09,0.66,0.004392061430222918,0.76174001094047,-889.77120000000002165,-792.04579999999998563,-873.9144884001328819,-26451.631250652695599,-26253.7098542690037,-26419.516953838363406
0.03292009,0.1105643,0.072972438,0.2513226502018911,0.04867734979810887,0.3,2e-09,0.66,0.004392061430222918,0.76174001094047,-705.3387000000000171,-616.8486000000000331,-690.98048816210121004,-20882.576150048673298,-20688.042000899989944,-20851.011460629379144
0.0329389,0.2137862,0.141098892,0.2513226502018911,0.04867734979810887,0.3,2e-09,0.66,0.004392061430222918,0.76174001094047,-1058.8710000000000946,-953.122600000000034,-1041.7124938086988095,-31452.255455795730086,-31247.827070110783097,-31419.085349000230053
0.0329794,0.0969247,0.063970302,0.2513226502018911,0.04867734979810887,0.3,2e-09,0.66,0.004392061430222918,0.76174001094047,-664.92259999999998854,-600.44470000000001164,-654.4605556915083753,-19733.83525411537994,-19604.514393584930076,-19712.851931567933207
0.0330008,0.1872096,0.123558336,0.2513226502018911,0.04867734979810887,0.3,2e-09,0.66,0.004392061430222918,0.76174001094047,-983.7504999999999882,-878.897199999999998,-966.7372307947131276,-29137.478026461878471,-28924.371816094571841,-29102.89987464121441
0.03306715,0.09378218,0.06189623880000001,0.2513226502018911,0.04867734979810887,0.3,2e-09,0.66,0.004392061430222918,0.76174001094047,-656.7001000000000204,-599.834699999999998,-647.4732434426354075,-19467.693835578240396,-19363.500008961844287,-19450.787571094871964
0.0331281,0.08778968,0.0579411888,0.2513226502018911,0.04867734979810887,0.3,2e-09,0.66,0.004392061430222918,0.76174001094047,-630.4538000000000011,-581.36760000000003856,-622.4891795744669025,-18678.196826038180006,-18601.208682934840908,-18665.704896797684341
0.03313681,0.114262,0.07541292000000001,0.2513226502018911,0.04867734979810887,0.3,2e-09,0.66,0.004392061430222918,0.76174001094047,-727.7743000000000393,-641.234299999999962,-713.7325071615721299,-21427.273034262241708,-21245.883230109433498,-21397.841117773717997
0.03316418,0.1001701,0.066112266,0.2513226502018911,0.04867734979810887,0.3,2e-09,0.66,0.004392061430222918,0.76174001094047,-677.1548000000000229,-604.0217000000000098,-665.28838169826633475,-19953.367299208650365,-19798.631083864991524,-19928.260136272921955
0.0332855,0.0821604,0.054225864,0.2513226502018911,0.04867734979810887,0.3,2e-09,0.66,0.004392061430222918,0.76174001094047,-596.615099999999984,-544.3080999999999676,-588.1278795470343539,-17566.262826977370423,-17480.036922384533682,-17552.271998578959028
0.0333487,0.04393799,0.028999073400000002,0.2513226502018911,0.04867734979810887,0.3,2e-09,0.66,0.004392061430222918,0.76174001094047,-359.73279999999999745,-333.04370000000000118,-355.4022844783442565,-10588.290524362184442,-10550.273053275459461,-10582.121891900424089
0.03343464,0.05209955,0.034385703000000004,0.2513226502018911,0.04867734979810887,0.3,2e-09,0.66,0.004392061430222918,0.76174001094047,-423.5554000000000201,-390.8428000000000111,-418.24752442331458724,-12433.417012089576019,-12375.894746186306293,-12424.083573894398796
0.03344963,0.1346886,0.088894476,0.2513226502018911,0.04867734979810887,0.3,2e-09,0.66,0.004392061430222918,0.76174001094047,-836.6191000000000031,-761.12030000000004293,-824.3688283435417361,-24507.854799657052354,-24370.574790822349314,-24485.580042955934914
0.03346579,0.2621785,0.17303781,0.2513226502018911,0.04867734979810887,0.3,2e-09,0.66,0.004392061430222918,0.76174001094047,-1188.4629999999999654,-1068.8800000000001091,-1169.0597215969758054,-34745.51552552933572,-34516.168719416738895,-34708.302209841924196
0.03359,0.03721151,0.024559596600000004,0.2513226502018911,0.04867734979810887,0.3,2e-09,0.66,0.004392061430222918,0.76174001094047,-300.34109999999998308,-268.53800000000001091,-295.18079792211915446,-8733.410386366265811,-8674.943780659135882,-8723.923721641218435
0.03376297,0.1,0.066,0.2513226502018911,0.04867734979810887,0.3,2e-09,0.66,0.004392061430222918,0.76174001094047,-688.66399999999998727,-615.88450000000000273,-676.85495606789504563,-19941.651026190924313,-19792.291665049491712,-19917.416299964577775
0.03381622,0.2446813,0.161489658,0.2513226502018911,0.04867734979810887,0.3,2e-09,0.66,0.004392061430222918,0.76174001094047,-1157.6279999999999291,-1038.9780000000000655,-1138.3761081548477705,-33486.36427858575189,-33259.87215047518839,-33449.61415676389879
0.03434406,0.1069858,0.07061062800000001,0.2513226502018911,0.04867734979810887,0.3,2e-09,0.66,0.004392061430222918,0.76174001094047,-720.6449999999999818,-633.80330000000003565,-706.55425397345845795,-20471.651573702547466,-20289.943909036363038,-20442.168081856038043
0.03006337,0.01092713,0.0073211771,0.2513226502018911,0.04867734979810887,0.3,2e-09,0.67,0.004455216697561244,0.7747316875453288,-62.837899999999997647,-60.452139999999999986,-62.45079175315220965,-2039.7800908489098219,-2031.619065574439901,-2038.4559005755877479
0.0300945,0.01731826,0.0116032342,0.2513226502018911,0.04867734979810887,0.3,2e-09,0.67,0.004455216697561244,0.7747316875453288,-118.07299999999999329,-107.390199999999993,-116.339632025255866665,-3826.5271074040015264,-3792.2019198043617507,-3820.957576858423181
0.03010521,0.008679725,0.00581541575,0.2513226502018911,0.04867734979810887,0.3,2e-09,0.67,0.004455216697561244,0.7747316875453288,-44.11406000000000205,-43.072560000000002844,-43.945068467284229996,-1423.0923308145816009,-1419.4382993249332685,-1422.4994355845983591
0.03018477,0.01375644,0.0092168148,0.2513226502018911,0.04867734979810887,0.3,2e-09,0.67,0.004455216697561244,0.7747316875453288,-87.82370000000000232,-82.592699999999993565,-86.97492927735363821,-2843.0313055082515348,-2825.747251748907729,-2840.2268324056749407
0.03018546,0.1552466,0.10401522200000002,0.2513226502018911,0.04867734979810887,0.3,2e-09,0.67,0.004455216697561244,0.7747316875453288,-813.1490999999999758,-712.1509999999999536,-796.7613671911852862,-26251.833240357616887,-26009.369008900499466,-26212.491519663723011
0.03021691,0.2472625,0.16566587500000002,0.2513226502018911,0.04867734979810887,0.3,2e-09,0.67,0.004455216697561244,0.7747316875453288,-1055.4110000000000582,-936.04939999999999145,-1036.0436454811267595,-34094.758596756153565,-33823.272369841200998,-34050.70782997979404
0.03025561,0.1361056,0.091190752,0.2513226502018911,0.04867734979810887,0.3,2e-09,0.67,0.004455216697561244,0.7747316875453288,-770.08740000000000236,-694.373299999999972,-757.8021942321699953,-24899.112819061869232,-24738.49511625055311,-24873.051338716817554
0.03042322,0.006894551,0.00461934917,0.2513226502018911,0.04867734979810887,0.3,2e-09,0.67,0.004455216697561244,0.7747316875453288,-30.7212600000000009,-30.278990000000000293,-30.649498228349301598,-971.6603125907035974,-970.08997545883983094,-971.40551309114118794
0.03049679,0.05680822,0.0380615074,0.2513226502018911,0.04867734979810887,0.3,2e-09,0.67,0.004455216697561244,0.7747316875453288,-412.72879999999997835,-370.32389999999998054,-405.84827283182050905,-13228.743493270159888,-13127.677831357208561,-13212.344798011778039
0.0305295,0.04650039,0.031155261300000004,0.2513226502018911,0.04867734979810887,0.3,2e-09,0.67,0.004455216697561244,0.7747316875453288,-349.48140000000000782,-322.89289999999999736,-345.167207616309895,-11229.244555521483562,-11186.304556974664592,-11222.277204422836803
0.03053421,0.05060424,0.0339048408,0.2513226502018911,0.04867734979810887,0.3,2e-09,0.67,0.004455216697561244,0.7747316875453288,-378.80829999999997426,-349.31409999999999627,-374.0226350319486528,-12168.696149743727801,-12114.554303883111061,-12159.911211178152371
0.03061422,0.1274397,0.08538459899999999,0.2513226502018911,0.04867734979810887,0.3,2e-09,0.67,0.004455216697561244,0.7747316875453288,-746.497600000000034,-674.4633000000000038,-734.80947060479354604,-23861.334281860821648,-23718.513320189969818,-23838.160462161638861
0.03061724,0.2021279,0.135425693,0.2513226502018911,0.04867734979810887,0.3,2e-09,0.67,0.004455216697561244,0.7747316875453288,-961.34159999999997126,-851.16859999999996944,-943.46516780230979293,-30645.214399204207439,-30396.765913913197437,-30604.90168645313679
0.03062794,0.1081114,0.072434638,0.2513226502018911,0.04867734979810887,0.3,2e-09,0.67,0.004455216697561244,0.7747316875453288,-653.9823000000000093,-567.21220000000005257,-639.9031716342769869,-20783.815595155720075,-20567.316500096982054,-20748.686921218555653
0.03067072,0.2843818,0.19053580600000003,0.2513226502018911,0.04867734979810887,0.3,2e-09,0.67,0.004455216697561244,0.7747316875453288,-1146.6759999999999309,-1019.15800000000001546,-1125.9852056948157042,-36509.055535161067382,-36225.43787668884761,-36463.03634859315207
0.03070833,0.06783597,0.0454500999,0.2513226502018911,0.04867734979810887,0.3,2e-09,0.67,0.004455216697561244,0.7747316875453288,-463.22469999999998436,-396.31110000000001037,-452.3674442884974951,-14655.798393075563581,-14482.3914634899429075,-14627.661760512712135
0.03071258,0.08030875,0.053806862500000004,0.2513226502018911,0.04867734979810887,0.3,2e-09,0.67,0.004455216697561244,0.7747316875453288,-539.78539999999998145,-482.97419999999999618,-530.5673378171654804,-17173.487752144275873,-17058.02553011209966,-17154.753102243186731
0.03080278,0.1046116,0.07008977200000001,0.2513226502018911,0.04867734979810887,0.3,2e-09,0.67,0.004455216697561244,0.7747316875453288,-647.4962000000000444,-566.31730000000004566,-634.32428762824770274,-20483.889215980176232,-20284.931209422495158,-20451.606721045696759
0.03085861,0.04855746,0.0325334982,0.2513226502018911,0.04867734979810887,0.3,2e-09,0.67,0.004455216697561244,0.7747316875453288,-368.62450000000001182,-341.17599999999998772,-364.17076588022200667,-11722.815469538298203,-11677.303431555405041,-11715.4307848952375934
0.03087739,0.07019654,0.0470316818,0.2513226502018911,0.04867734979810887,0.3,2e-09,0.67,0.004455216697561244,0.7747316875453288,-477.73200000000002774,-409.55079999999998108,-466.66906625981727075,-15036.060471401295217,-14864.498088512540562,-15008.223130987717013
0.03088511,0.05471972,0.036662212400000005,0.2513226502018911,0.04867734979810887,0.3,2e-09,0.67,0.004455216697561244,0.7747316875453288,-407.43479999999999563,-370.24869999999998527,-401.40106400890846317,-12917.055238367973288,-12836.235852526853705,-12903.9416599844498705
0.03110318,0.2233896,0.149671032,0.2513226502018911,0.04867734979810887,0.3,2e-09,0.67,0.004455216697561244,0.7747316875453288,-1035.8569999999999709,-926.42420000000004165,-1018.1006710500449799,-32551.269891845207894,-32317.517961387438845,-32513.341810228954273
0.03122453,0.1193254,0.07994801800000001,0.2513226502018911,0.04867734979810887,0.3,2e-09,0.67,0.004455216697561244,0.7747316875453288,-717.21079999999994925,-634.97900000000004184,-703.8680463562394607,-22419.181699631761148,-22241.321163142871228,-22390.322434465262631
0.03124015,0.1830358,0.122633986,0.2513226502018911,0.04867734979810887,0.3,2e-09,0.67,0.004455216697561244,0.7747316875453288,-936.4275000000000091,-838.0760999999999967,-920.4692149968875583,-29301.469565374434751,-29091.046036010677199,-29267.3266995591257
0.03124853,0.08582562,0.05750316540000001,0.2513226502018911,0.04867734979810887,0.3,2e-09,0.67,0.004455216697561244,0.7747316875453288,-586.2825000000000273,-536.2705999999999449,-578.1676774987731733,-18389.931596352798806,-18303.876982888305065,-18375.968561281624716
0.03126547,0.04003399,0.0268227733,0.2513226502018911,0.04867734979810887,0.3,2e-09,0.67,0.004455216697561244,0.7747316875453288,-303.32450000000000045,-273.50799999999998136,-298.48653933248226622,-9484.481504967163346,-9429.025787657519686,-9475.483380467874667
0.03132493,0.1233158,0.08262158600000001,0.2513226502018911,0.04867734979810887,0.3,2e-09,0.67,0.004455216697561244,0.7747316875453288,-741.7137000000000171,-665.30920000000003256,-729.3164714245012874,-23151.214383986371104,-22997.588092365720513,-23126.28731486835386
0.03139493,0.02709967,0.0181567789,0.2513226502018911,0.04867734979810887,0.3,2e-09,0.67,0.004455216697561244,0.7747316875453288,-200.13740000000001373,-170.95769999999998845,-195.40276512032039591,-6183.8658416828193367,-6105.6763428032290904,-6171.178983057817277
0.03141424,0.1713586,0.11481026200000001,0.2513226502018911,0.04867734979810887,0.3,2e-09,0.67,0.004455216697561244,0.7747316875453288,-909.5566000000000031,-818.60950000000002547,-894.79972066725463264,-28324.037772758445499,-28141.045740444726107,-28294.345882201105269
0.0314159,0.3304095,0.22137436500000002,0.2513226502018911,0.04867734979810887,0.3,2e-09,0.67,0.004455216697561244,0.7747316875453288,-1258.7349999999999,-1122.7339999999999236,-1236.6677725003578416,-39150.372124062290823,-38860.437855756848876,-39103.328018073079875
0.03154978,0.07511012,0.050323780400000004,0.2513226502018911,0.04867734979810887,0.3,2e-09,0.67,0.004455216697561244,0.7747316875453288,-517.83749999999997726,-452.68700000000001182,-507.26632107326099685,-15992.397512744657433,-15846.252529473125833,-15968.684344504832552
0.03158589,0.2310298,0.154789966,0.2513226502018911,0.04867734979810887,0.3,2e-09,0.67,0.004455216697561244,0.7747316875453288,-1066.6269999999999527,-951.68100000000004,-1047.976111167021827,-32999.098656640147965,-32754.013444561231154,-32959.331661311116477
0.03161172,0.1770985,0.118655995,0.2513226502018911,0.04867734979810887,0.3,2e-09,0.67,0.004455216697561244,0.7747316875453288,-933.43269999999995434,-840.9457999999999629,-918.4259760565241777,-28891.600497301249561,-28705.174845276644191,-28861.351475051440502
0.03167349,0.0610846,0.040926682000000006,0.2513226502018911,0.04867734979810887,0.3,2e-09,0.67,0.004455216697561244,0.7747316875453288,-447.41590000000002192,-393.23739999999997963,-438.62501401321048888,-13774.744962357006443,-13642.51768633258871,-13753.290051130699794
0.03168094,0.06553362,0.0439075254,0.2513226502018911,0.04867734979810887,0.3,2e-09,0.67,0.004455216697561244,0.7747316875453288,-466.63049999999998363,-402.57450000000000045,-456.23691227110776936,-14328.577524992970211,-14168.921236939144364,-14302.672041722757058
0.03168949,0.2948796,0.19756933200000001,0.2513226502018911,0.04867734979810887,0.3,2e-09,0.67,0.004455216697561244,0.7747316875453288,-1204.9449999999999363,-1076.0830000000000837,-1184.0361311677202139,-37161.684918824816123,-36891.346199466068356,-37117.820344137486245
0.03171332,0.3747952,0.25111278400000003,0.2513226502018911,0.04867734979810887,0.3,2e-09,0.67,0.004455216697561244,0.7747316875453288,-1343.4729999999999563,-1199.9880000000000564,-1320.1914348807276838,-41404.37797482877795,-41103.568694110872457,-41355.56931289536442
0.03171391,0.1154641,0.077360947,0.2513226502018911,0.04867734979810887,0.3,2e-09,0.67,0.004455216697561244,0.7747316875453288,-707.471300000000042,-620.29120000000000346,-693.32564592288633776,-21748.330213363999064,-21553.223207454531803,-21716.672573448275216
0.03176863,0.05892768,0.03948154560000001,0.2513226502018911,0.04867734979810887,0.3,2e-09,0.67,0.004455216697561244,0.7747316875453288,-439.38549999999997908,-391.05910000000000082,-431.54416307572216738,-13509.092352011914045,-13395.574323635692053,-13490.673162759709157
0.03183808,1.093892,0.7329076400000001,0.2513226502018911,0.04867734979810887,0.3,2e-09,0.67,0.004455216697561244,0.7747316875453288,-2003.2329999999999472,-1790.7049999999999272,-1968.7486673403582245,-61503.732051008890267,-61062.297214859208907,-61432.105791234454955
0.03184782,0.4128047,0.276579149,0.2513226502018911,0.04867734979810887,0.3,2e-09,0.67,0.004455216697561244,0.7747316875453288,-1405.8440000000000509,-1256.4800000000000182,-1381.6085210825174272,-43148.32511929859902,-42837.545411993218295,-43097.89867755639716
0.03184913,0.8705641,0.583277947,0.2513226502018911,0.04867734979810887,0.3,2e-09,0.67,0.004455216697561244,0.7747316875453288,-1860.27800000000002,-1662.9400000000000546,-1828.2583638184692063,-57095.11195299810788,-56685.41198203516251,-57028.63492366864375
0.03185909,0.7085239,0.474711013,0.2513226502018911,0.04867734979810887,0.3,2e-09,0.67,0.004455216697561244,0.7747316875453288,-1732.8930000000000291,-1549.0820000000001073,-1703.0682255208660081,-53169.03085835181264,-52787.450415505103592,-53107.116442709921103
0.03186329,0.4636011,0.310612737,0.2513226502018911,0.04867734979810887,0.3,2e-09,0.67,0.004455216697561244,0.7747316875453288,-1475.375,-1318.7660000000000764,-1449.9639630848930665,-45261.22224710878072,-44935.820711245702114,-45208.423299155278073
0.03186724,0.6070754,0.40674051800000005,0.2513226502018911,0.04867734979810887,0.3,2e-09,0.67,0.004455216697561244,0.7747316875453288,-1638.4269999999999072,-1464.6410000000000764,-1610.2288602932860613,-50257.81798568389786,-49897.097530715400353,-50199.28826646444213
0.03187574,0.5427161,0.363619787,0.2513226502018911,0.04867734979810887,0.3,2e-09,0.67,0.004455216697561244,0.7747316875453288,-1570.7329999999999472,-1404.1420000000000528,-1543.702305399277293,-48168.599589827805175,-47822.907405670288426,-48112.508325258771947
0.03188333,0.4977645,0.33350221500000005,0.2513226502018911,0.04867734979810887,0.3,2e-09,0.67,0.004455216697561244,0.7747316875453288,-1518.9130000000000109,-1357.8289999999999509,-1492.7758592837381002,-46568.42612221055606,-46234.202314706039033,-46514.195691581371648
0.03189306,0.1453609,0.097391803,0.2513226502018911,0.04867734979810887,0.3,2e-09,0.67,0.004455216697561244,0.7747316875453288,-831.5488000000000284,-738.7604999999999791,-816.49317154576044686,-25465.46826449427681,-25262.333165874570113,-25432.508003654991626
0.03190486,0.2744239,0.18386401300000002,0.2513226502018911,0.04867734979810887,0.3,2e-09,0.67,0.004455216697561244,0.7747316875453288,-1172.8679999999999382,-1048.2480000000000473,-1152.6474288938654809,-35933.65735299250082,-35673.854628854700422,-35891.502326054644072
0.03191996,0.4360234,0.292135678,0.2513226502018911,0.04867734979810887,0.3,2e-09,0.67,0.004455216697561244,0.7747316875453288,-1441.4800000000000182,-1288.7739999999998872,-1416.7022554057664365,-44144.80539943325857,-43828.44023366241163,-44093.472673306037905
0.03193162,0.1317014,0.088239938,0.2513226502018911,0.04867734979810887,0.3,2e-09,0.67,0.004455216697561244,0.7747316875453288,-797.0522999999999456,-725.30600000000004,-785.4109008605996678,-24456.86358371129245,-24323.865663209551712,-24435.283629382342042
0.03200079,0.317794,0.21292198000000004,0.2513226502018911,0.04867734979810887,0.3,2e-09,0.67,0.004455216697561244,0.7747316875453288,-1259.9710000000000036,-1126.7290000000000418,-1238.3514418606678191,-38490.4012338704415,-38214.787723992427345,-38445.68078310571582
0.03200287,0.3926604,0.263082468,0.2513226502018911,0.04867734979810887,0.3,2e-09,0.67,0.004455216697561244,0.7747316875453288,-1383.1269999999999527,-1237.0070000000000618,-1359.4178854916676755,-42250.432396583186346,-41948.942842911761545,-42201.51335503471637
0.03206394,0.3439775,0.23046492500000001,0.2513226502018911,0.04867734979810887,0.3,2e-09,0.67,0.004455216697561244,0.7747316875453288,-1308.1349999999999909,-1170.2110000000000127,-1285.7557506881519203,-39885.20882831414201,-39601.533209213637747,-39839.180237180305994
0.0320729,0.3586872,0.240320424,0.2513226502018911,0.04867734979810887,0.3,2e-09,0.67,0.004455216697561244,0.7747316875453288,-1332.9860000000001037,-1192.4680000000000746,-1310.1858538702310852,-40631.774913140005083,-40342.645792416355107,-40584.861448652380204
0.03208364,0.2089558,0.140000386,0.2513226502018911,0.04867734979810887,0.3,2e-09,0.67,0.004455216697561244,0.7747316875453288,-1028.2919999999999163,-920.3269999999999982,-1010.77383309682375057,-31335.027689847633155,-31114.935315722865198,-31299.31597823707125
0.03214464,0.1406571,0.09424025700000001,0.2513226502018911,0.04867734979810887,0.3,2e-09,0.67,0.004455216697561244,0.7747316875453288,-828.2324999999999591,-744.3130999999999631,-814.61592003784187455,-25204.465928174628061,-25031.113234578333504,-25176.338095825853088
0.03222623,0.07261981,0.04865527270000001,0.2513226502018911,0.04867734979810887,0.3,2e-09,0.67,0.004455216697561244,0.7747316875453288,-512.38179999999999836,-444.65919999999999845,-501.39327770187526312,-15479.606712214514118,-15325.573925284921643,-15454.6136860486822115
0.03233921,0.03164723,0.0212036441,0.2513226502018911,0.04867734979810887,0.3,2e-09,0.67,0.004455216697561244,0.7747316875453288,-241.44120000000000914,-208.00450000000000728,-236.01583352668524185,-7254.208920801482236,-7175.8611388885046836,-7241.496379514534965
0.03242096,0.02179256,0.0146010152,0.2513226502018911,0.04867734979810887,0.3,2e-09,0.67,0.004455216697561244,0.7747316875453288,-165.0502999999999929,-145.44950000000000045,-161.86991667359075109,-4955.455786765940502,-4901.9948314769762874,-4946.7813280288000897
0.03271413,0.07767171,0.05204004570000001,0.2513226502018911,0.04867734979810887,0.3,2e-09,0.67,0.004455216697561244,0.7747316875453288,-554.7080999999999449,-493.22280000000000655,-544.73162848152765037,-16561.69164356347028,-16439.346022693891427,-16541.840108285683527
0.03275752,0.3059878,0.205011826,0.2513226502018911,0.04867734979810887,0.3,2e-09,0.67,0.004455216697561244,0.7747316875453288,-1267.4210000000000491,-1137.0570000000000164,-1246.2684199030643413,-37844.980623301547894,-37586.25005078141112,-37802.999561361451924
0.03277133,0.09169338,0.061434564600000005,0.2513226502018911,0.04867734979810887,0.3,2e-09,0.67,0.004455216697561244,0.7747316875453288,-647.2640999999999849,-595.25080000000002656,-638.8245346724867204,-19380.869848026752152,-19292.943613086350524,-19366.60312771133249
0.03280797,0.04227238,0.0283224946,0.2513226502018911,0.04867734979810887,0.3,2e-09,0.67,0.004455216697561244,0.7747316875453288,-338.26870000000002392,-310.14999999999997726,-333.70622068077307176,-10107.024151093010005,-10062.831750766525147,-10099.853587995974522
0.03281153,0.1,0.067,0.2513226502018911,0.04867734979810887,0.3,2e-09,0.67,0.004455216697561244,0.7747316875453288,-676.5619000000000369,-606.2314999999999827,-665.150241725863566,-20164.620498576437967,-20016.914942488630913,-20140.6541151737365
0.03282338,0.03493299,0.0234051033,0.2513226502018911,0.04867734979810887,0.3,2e-09,0.67,0.004455216697561244,0.7747316875453288,-272.53769999999997253,-239.10269999999999868,-267.11260936500070784,-8088.9870485439159893,-8018.9149556836628108,-8077.6173026264350483
0.03287584,0.2389793,0.16011613100000002,0.2513226502018911,0.04867734979810887,0.3,2e-09,0.67,0.004455216697561244,0.7747316875453288,-1125.7840000000001055,-1006.4289999999999736,-1106.4177163828223911,-33479.70056619560637,-33239.135434307674586,-33440.666989281817223
0.03288577,0.06328481,0.0424008227,0.2513226502018911,0.04867734979810887,0.3,2e-09,0.67,0.004455216697561244,0.7747316875453288,-473.7370000000000232,-413.96030000000001792,-464.03776221441125927,-14040.212150133193063,-13900.374642353195668,-14017.5224191961824545
0.03294565,0.1955401,0.131011867,0.2513226502018911,0.04867734979810887,0.3,2e-09,0.67,0.004455216697561244,0.7747316875453288,-1013.37599999999997635,-902.7395999999999958,-995.424377522654936,-30058.949763276716112,-29832.47008413763615,-30022.20166139799403
0.03296263,0.1604398,0.107494666,0.2513226502018911,0.04867734979810887,0.3,2e-09,0.67,0.004455216697561244,0.7747316875453288,-906.7241999999999962,-807.73099999999999454,-890.66177791988604895,-26880.786830419910984,-26681.405335395102156,-26848.435621164600889
0.03301146,0.1502222,0.100648874,0.2513226502018911,0.04867734979810887,0.3,2e-09,0.67,0.004455216697561244,0.7747316875453288,-871.591199999999958,-771.9559000000000424,-855.4245921655348184,-25782.50477145228433,-25571.701338890212355,-25748.3002633673932
0.03303808,0.08302536,0.05562699120000001,0.2513226502018911,0.04867734979810887,0.3,2e-09,0.67,0.004455216697561244,0.7747316875453288,-599.76080000000001746,-546.82539999999994507,-591.1716167249905993,-17792.079254777247115,-17703.59291642293465,-17777.7216532958264
0.03310563,0.09476899,0.0634952233,0.2513226502018911,0.04867734979810887,0.3,2e-09,0.67,0.004455216697561244,0.7747316875453288,-666.4859000000000151,-609.1494000000000142,-657.18260377766910096,-19740.374028601087048,-19635.804702044602891,-19723.406836311274674
0.03318057,0.2559077,0.17145815900000003,0.2513226502018911,0.04867734979810887,0.3,2e-09,0.67,0.004455216697561244,0.7747316875453288,-1178.8930000000000291,-1059.4290000000000873,-1159.5090302790624719,-34763.127084189247398,-34531.626981485489523,-34725.564379263880255
0.03320071,0.09794452,0.0656228284,0.2513226502018911,0.04867734979810887,0.3,2e-09,0.67,0.004455216697561244,0.7747316875453288,-678.7137000000000171,-613.7636999999999716,-668.1750537687094038,-20017.282500591594726,-19888.81363451461948,-19996.437420817608654
0.0333396,0.08871361,0.0594381187,0.2513226502018911,0.04867734979810887,0.3,2e-09,0.67,0.004455216697561244,0.7747316875453288,-642.717899999999986,-593.0281999999999698,-634.6553569724562749,-18926.798308251254639,-18849.731087426152953,-18914.293548031015234
0.03339432,0.1658082,0.111091494,0.2513226502018911,0.04867734979810887,0.3,2e-09,0.67,0.004455216697561244,0.7747316875453288,-942.360300000000052,-848.0325000000000273,-927.05487561237976024,-27615.491030739427515,-27437.6898313293932,-27586.641393478737882
0.03351062,0.101224,0.06782008,0.2513226502018911,0.04867734979810887,0.3,2e-09,0.67,0.004455216697561244,0.7747316875453288,-693.8934000000000424,-620.239400000000046,-681.94246159323358825,-20245.874754242595372,-20093.063429705685849,-20221.07991991727613
0.03351889,0.1891797,0.126750399,0.2513226502018911,0.04867734979810887,0.3,2e-09,0.67,0.004455216697561244,0.7747316875453288,-1015.7300000000000182,-909.5988999999999578,-998.50939773613970374,-29637.312127012741257,-29427.185611792399868,-29603.217454068613733
0.03369878,0.05265468,0.035278635600000004,0.2513226502018911,0.04867734979810887,0.3,2e-09,0.67,0.004455216697561244,0.7747316875453288,-431.2448999999999728,-398.27539999999999054,-425.8953403861041238,-12564.299788928068665,-12507.113347161188358,-12555.0208408294165565
0.03371156,0.04441426,0.0297575542,0.2513226502018911,0.04867734979810887,0.3,2e-09,0.67,0.004455216697561244,0.7747316875453288,-366.9666000000000281,-339.9859000000000151,-362.58877009434053207,-10688.763768221693681,-10650.724879846251497,-10682.591660637084715
0.03374435,0.03763079,0.0252126293,0.2513226502018911,0.04867734979810887,0.3,2e-09,0.67,0.004455216697561244,0.7747316875453288,-304.4538000000000011,-272.52429999999998245,-299.27298853207093998,-8815.707448574872615,-8757.465907056051947,-8806.2573022772303375
0.03386626,0.2649483,0.17751536100000004,0.2513226502018911,0.04867734979810887,0.3,2e-09,0.67,0.004455216697561244,0.7747316875453288,-1224.1210000000000946,-1102.9639999999999418,-1204.4623277683683682,-35382.625881895386556,-35155.007018433971098,-35345.692938437518023
0.03405683,0.2160376,0.144745192,0.2513226502018911,0.04867734979810887,0.3,2e-09,0.67,0.004455216697561244,0.7747316875453288,-1112.9839999999999236,-1005.75900000000001455,-1095.5859038929925191,-32003.737310402932053,-31807.340404338759981,-31971.87037408375545
0.03445149,0.1117275,0.074857425,0.2513226502018911,0.04867734979810887,0.3,2e-09,0.67,0.004455216697561244,0.7747316875453288,-748.12649999999996453,-658.55179999999995744,-733.592303316797711,-21192.460646283721871,-21009.388634091614222,-21162.75577836465527
0.03001875,0.008806765,0.0059886002,0.2513226502018911,0.04867734979810887,0.3,2e-09,0.68,0.00452600691445039,0.7877098803222136,-44.193489999999997053,-43.149459999999997706,-44.02408795496759808,-1429.8910316222077199,-1426.2300609105088824,-1429.2970104490943868
0.03003427,0.01108706,0.0075392008,0.2513226502018911,0.04867734979810887,0.3,2e-09,0.68,0.00452600691445039,0.7877098803222136,-63.128300000000002967,-60.735799999999997567,-62.740098135360078402,-2051.5342146666635017,-2043.3753883716208293,-2050.2103811949773444
0.03003439,0.01395778,0.0094912904,0.2513226502018911,0.04867734979810887,0.3,2e-09,0.68,0.00452600691445039,0.7877098803222136,-87.97477999999999554,-82.731329999999999814,-87.12398916733701526,-2862.4888704737377338,-2845.1028193311653922,-2859.6678474968216506
0.03007345,0.01757173,0.011948776400000001,0.2513226502018911,0.04867734979810887,0.3,2e-09,0.68,0.00452600691445039,0.7877098803222136,-118.90959999999999752,-108.199600000000003774,-117.1718186122075025,-3857.2495374672266735,-3822.9459289287287902,-3851.68350829334031
0.03013447,0.1517978,0.10322250400000002,0.2513226502018911,0.04867734979810887,0.3,2e-09,0.68,0.00452600691445039,0.7877098803222136,-809.922800000000052,-709.9147000000000389,-793.69570244551914584,-26200.233559355139732,-25956.398033855501126,-26160.669335461967421
0.03017073,0.006995462,0.00475691416,0.2513226502018911,0.04867734979810887,0.3,2e-09,0.68,0.00452600691445039,0.7877098803222136,-30.589200000000001722,-30.146219999999999573,-30.517323025288110472,-975.4283283538619571,-973.84310274004053554,-975.1711130814854869
0.03020206,0.04489361,0.0305276548,0.2513226502018911,0.04867734979810887,0.3,2e-09,0.68,0.00452600691445039,0.7877098803222136,-332.47050000000001546,-305.36009999999998854,-328.07162525344449477,-10789.9682470122006634,-10744.4083645833488845,-10782.57579923303274
0.03020675,0.1911645,0.12999186,0.2513226502018911,0.04867734979810887,0.3,2e-09,0.68,0.00452600691445039,0.7877098803222136,-932.80750000000000455,-826.26880000000005566,-915.5207614435473715,-30144.953884910519264,-29897.052683039939438,-30104.729973181099922
0.03024118,0.1,0.068,0.2513226502018911,0.04867734979810887,0.3,2e-09,0.68,0.00452600691445039,0.7877098803222136,-630.78930000000002565,-563.1476999999999862,-619.813920586320819,-20381.646693774524465,-20223.86900056054219,-20356.046027231470362
0.03044181,0.2498627,0.169906636,0.2513226502018911,0.04867734979810887,0.3,2e-09,0.68,0.00452600691445039,0.7877098803222136,-1081.5769999999999982,-960.5487000000000535,-1061.9392103514317114,-34696.616781160162645,-34424.83520676237822,-34652.518091941354214
0.03056718,0.1128993,0.07677152400000001,0.2513226502018911,0.04867734979810887,0.3,2e-09,0.68,0.00452600691445039,0.7877098803222136,-675.38990000000001146,-585.80560000000002674,-660.85414564160419104,-21510.505689432280633,-21290.320236777588434,-21474.778875101186713
0.03060725,0.08115179,0.0551832172,0.2513226502018911,0.04867734979810887,0.3,2e-09,0.68,0.00452600691445039,0.7877098803222136,-544.61230000000000473,-487.18360000000001264,-535.29404360549779085,-17389.161842915502348,-17271.66657812284393,-17370.0973159023888
0.03065279,0.120577,0.08199236000000001,0.2513226502018911,0.04867734979810887,0.3,2e-09,0.68,0.00452600691445039,0.7877098803222136,-714.5258999999999787,-631.44629999999995107,-701.0455841657100109,-22748.064204545768007,-22563.185645163957815,-22718.06621019510203
0.03066438,0.2183058,0.148447944,0.2513226502018911,0.04867734979810887,0.3,2e-09,0.68,0.00452600691445039,0.7877098803222136,-1021.50699999999994816,-913.7415999999999485,-1004.02121976022283434,-32563.65390408354142,-32331.862573955291737,-32526.043945227465883
0.03072888,0.05740893,0.0390380724,0.2513226502018911,0.04867734979810887,0.3,2e-09,0.68,0.00452600691445039,0.7877098803222136,-420.28899999999998727,-377.67989999999997508,-413.3753397823912792,-13375.214133426572516,-13275.216537978156339,-13358.9887403178636305
0.03075728,0.05114297,0.034777219600000006,0.2513226502018911,0.04867734979810887,0.3,2e-09,0.68,0.00452600691445039,0.7877098803222136,-385.27170000000000982,-355.4941000000000031,-380.44005116217277873,-12290.5796856348679285,-12236.4590789679132286,-12281.798193294824159
0.03077376,0.1375331,0.093522508,0.2513226502018911,0.04867734979810887,0.3,2e-09,0.68,0.00452600691445039,0.7877098803222136,-794.93240000000002965,-718.4375,-782.52050331642874426,-25285.278458331536967,-25127.68545220723172,-25259.707758715376258
0.03080912,0.1568749,0.10667493200000001,0.2513226502018911,0.04867734979810887,0.3,2e-09,0.68,0.00452600691445039,0.7877098803222136,-842.53750000000002274,-740.20860000000004675,-825.93383446748100596,-26669.603379888412746,-26431.94045457795437,-26631.040708723812713
0.03083432,0.2042491,0.138889388,0.2513226502018911,0.04867734979810887,0.3,2e-09,0.68,0.00452600691445039,0.7877098803222136,-984.1072000000000344,-872.4279000000000224,-965.9863588289734935,-31162.736428546322713,-30913.875541399153008,-31122.35680036388294
0.03084245,0.04699934,0.031959551200000005,0.2513226502018911,0.04867734979810887,0.3,2e-09,0.68,0.00452600691445039,0.7877098803222136,-356.29120000000000346,-329.3983000000000061,-351.92761633204810323,-11335.912177126574534,-11292.884748621758263,-11328.930639832433371
0.0309104,0.1675473,0.11393216400000002,0.2513226502018911,0.04867734979810887,0.3,2e-09,0.68,0.00452600691445039,0.7877098803222136,-887.6128999999999678,-792.57569999999998345,-872.1923699058904731,-28064.090182855747116,-27861.998675400187494,-28031.299252856941166
0.03096204,0.2873826,0.195420168,0.2513226502018911,0.04867734979810887,0.3,2e-09,0.68,0.00452600691445039,0.7877098803222136,-1178.0489999999999782,-1048.7239999999999327,-1157.0650057911984732,-37172.389617610839196,-36889.34567619409063,-37126.463521128905995
0.03099158,0.08672622,0.058973829600000006,0.2513226502018911,0.04867734979810887,0.3,2e-09,0.68,0.00452600691445039,0.7877098803222136,-588.89570000000003347,-538.2757000000000289,-580.6822085107323801,-18625.805329363338387,-18537.344108589364623,-18611.451803406063846
0.03106084,0.1287763,0.08756788400000001,0.2513226502018911,0.04867734979810887,0.3,2e-09,0.68,0.00452600691445039,0.7877098803222136,-768.27290000000004966,-695.31780000000003383,-756.4353635924799164,-24216.791979723224358,-24075.420416492113873,-24193.853336273536115
0.03110937,0.05529939,0.0376035852,0.2513226502018911,0.04867734979810887,0.3,2e-09,0.68,0.00452600691445039,0.7877098803222136,-414.62450000000001182,-377.20890000000002829,-408.55352583631292873,-13055.300832989913033,-12975.125801567171948,-13042.291806157780229
0.03114473,0.07093451,0.04823546680000001,0.2513226502018911,0.04867734979810887,0.3,2e-09,0.68,0.00452600691445039,0.7877098803222136,-487.6231999999999971,-419.05990000000002738,-476.49826754195771628,-15224.090737187889317,-15054.303718797722468,-15196.541463570034466
0.0311572,0.1057089,0.071882052,0.2513226502018911,0.04867734979810887,0.3,2e-09,0.68,0.00452600691445039,0.7877098803222136,-664.12210000000004584,-582.332300000000032,-650.85106431827546203,-20783.198337850797543,-20586.879468463863304,-20751.34406359374043
0.03118706,0.04907618,0.0333718024,0.2513226502018911,0.04867734979810887,0.3,2e-09,0.68,0.00452600691445039,0.7877098803222136,-376.03600000000000136,-348.28379999999998518,-371.53298817644304108,-11836.857308075632318,-11791.394400937942919,-11829.480595297030959
0.031342,0.1092453,0.07428680400000001,0.2513226502018911,0.04867734979810887,0.3,2e-09,0.68,0.00452600691445039,0.7877098803222136,-678.4556999999999789,-590.8786999999999807,-664.24564578910337787,-21088.683676511089288,-20878.428176363340754,-21054.568074752194661
0.03135768,0.0404745,0.02752266,0.2513226502018911,0.04867734979810887,0.3,2e-09,0.68,0.00452600691445039,0.7877098803222136,-306.93479999999999563,-276.92619999999999436,-302.06566960282822265,-9571.891755640594056,-9516.233174347653403,-9562.860714871050732
0.03137666,0.02747661,0.018684094800000002,0.2513226502018911,0.04867734979810887,0.3,2e-09,0.68,0.00452600691445039,0.7877098803222136,-202.00860000000000127,-172.83029999999999404,-197.27419228128610484,-6247.6752987159979966,-6169.7612654273170847,-6235.0331365407482735
0.03150151,0.2257356,0.15350020800000003,0.2513226502018911,0.04867734979810887,0.3,2e-09,0.68,0.00452600691445039,0.7877098803222136,-1066.9049999999999727,-956.1494999999999891,-1048.9340526147850596,-33121.03948722626228,-32889.665875890364987,-33083.497306516095705
0.03157143,0.1166751,0.07933906800000001,0.2513226502018911,0.04867734979810887,0.3,2e-09,0.68,0.00452600691445039,0.7877098803222136,-714.5098000000000411,-626.4615000000000009,-700.22327367257059905,-22067.355680983560887,-21869.129499030084844,-22035.191930323249835
0.03163743,0.1246092,0.08473425600000001,0.2513226502018911,0.04867734979810887,0.3,2e-09,0.68,0.00452600691445039,0.7877098803222136,-759.80740000000002965,-682.4195999999999458,-747.2506232976463707,-23491.723117639332486,-23338.518783134790283,-23466.864514368451637
0.03165707,0.07589905,0.051611354,0.2513226502018911,0.04867734979810887,0.3,2e-09,0.68,0.00452600691445039,0.7877098803222136,-525.9253999999999678,-460.25029999999998154,-515.26910061424734977,-16192.760676022333428,-16046.37503448535972,-16169.00845909394593
0.03168876,0.184956,0.12577008,0.2513226502018911,0.04867734979810887,0.3,2e-09,0.68,0.00452600691445039,0.7877098803222136,-965.292699999999968,-865.8567000000000462,-949.1584301515840707,-29794.350988218258863,-29586.822440856663889,-29760.677855908212223
0.03171963,0.333921,0.22706628000000004,0.2513226502018911,0.04867734979810887,0.3,2e-09,0.68,0.00452600691445039,0.7877098803222136,-1294.0450000000000728,-1156.071999999999889,-1271.6578000543518101,-39881.67438937711995,-39592.342334427397873,-39834.727997221809346
0.03187911,0.173156,0.11774608000000002,0.2513226502018911,0.04867734979810887,0.3,2e-09,0.68,0.00452600691445039,0.7877098803222136,-937.5721999999999525,-845.4937999999999647,-922.6317583811659233,-28786.448394718077907,-28605.71071607128033,-28757.122290700779558
0.03197389,0.2979953,0.20263680400000003,0.2513226502018911,0.04867734979810887,0.3,2e-09,0.68,0.00452600691445039,0.7877098803222136,-1237.4539999999999509,-1106.7709999999999582,-1216.2496596544456224,-37841.628441400614975,-37571.673063830065075,-37797.826066921006714
0.03198702,0.06622345,0.045031946,0.2513226502018911,0.04867734979810887,0.3,2e-09,0.68,0.00452600691445039,0.7877098803222136,-476.641900000000021,-412.33499999999997954,-466.20760178089329884,-14504.497586614899774,-14347.130672042725564,-14478.9635721239701525
0.03200196,0.0617288,0.041975584,0.2513226502018911,0.04867734979810887,0.3,2e-09,0.68,0.00452600691445039,0.7877098803222136,-457.1179000000000201,-402.7436999999999898,-448.29526015535890338,-13936.826487387590532,-13806.7507179710810306,-13915.720674960437464
0.03200851,0.233457,0.15875076000000002,0.2513226502018911,0.04867734979810887,0.3,2e-09,0.68,0.00452600691445039,0.7877098803222136,-1099.3079999999999927,-982.8927999999999656,-1080.4187219592772635,-33579.580838067180593,-33336.905698271213623,-33540.204895843337
0.03203198,0.3788224,0.257599232,0.2513226502018911,0.04867734979810887,0.3,2e-09,0.68,0.00452600691445039,0.7877098803222136,-1382.2239999999999327,-1236.6150000000000091,-1358.5977992441571587,-42194.58501439836982,-41894.505813377472805,-42145.894813614257146
0.03206942,0.05954988,0.0404939184,0.2513226502018911,0.04867734979810887,0.3,2e-09,0.68,0.00452600691445039,0.7877098803222136,-448.39109999999999445,-399.87169999999997572,-440.51844731401877198,-13663.545867783172071,-13551.683541446536765,-13645.395329155442596
0.03217167,1.109885,0.7547218000000001,0.2513226502018911,0.04867734979810887,0.3,2e-09,0.68,0.00452600691445039,0.7877098803222136,-2069.0019999999999527,-1852.5960000000000036,-2033.8884314653012098,-62894.266575491601543,-62452.658973265162786,-62822.61228306799603
0.03217663,0.4173008,0.28376454400000006,0.2513226502018911,0.04867734979810887,0.3,2e-09,0.68,0.00452600691445039,0.7877098803222136,-1447.2539999999999054,-1295.6420000000000528,-1422.653765474696911,-43986.151296316937078,-43676.19208500131208,-43935.8579864757412
0.03218154,0.8831785,0.60056138,0.2513226502018911,0.04867734979810887,0.3,2e-09,0.68,0.00452600691445039,0.7877098803222136,-1920.6089999999999236,-1719.7429999999999382,-1888.0169181848432345,-58365.60671345108858,-57955.907865934706933,-58299.129866409632086
0.03219203,0.718169,0.48835492,0.2513226502018911,0.04867734979810887,0.3,2e-09,0.68,0.00452600691445039,0.7877098803222136,-1787.9860000000001037,-1601.0060000000000855,-1757.6470304491654133,-54317.76847923965397,-53936.489476537411974,-54255.902974622273177
0.03219227,0.4687809,0.318771012,0.2513226502018911,0.04867734979810887,0.3,2e-09,0.68,0.00452600691445039,0.7877098803222136,-1519.4369999999998981,-1360.4079999999999018,-1493.6332991298550041,-46158.386952780812862,-45833.72723600766767,-46105.708370785068837
0.03219977,0.6146824,0.417984032,0.2513226502018911,0.04867734979810887,0.3,2e-09,0.68,0.00452600691445039,0.7877098803222136,-1689.3830000000000382,-1512.7190000000000509,-1660.7178822508894882,-51310.051683792196854,-50949.801777733933704,-51251.59831481907895
0.03220789,0.5491391,0.37341458800000005,0.2513226502018911,0.04867734979810887,0.3,2e-09,0.68,0.00452600691445039,0.7877098803222136,-1618.7639999999998963,-1449.4960000000000946,-1591.2989411812454819,-49152.852386552956887,-48807.73604459737544,-49096.854556891565153
0.03220854,0.1789562,0.12169021600000002,0.2513226502018911,0.04867734979810887,0.3,2e-09,0.68,0.00452600691445039,0.7877098803222136,-966.23659999999995307,-872.68610000000001037,-951.0572986257066077,-29371.61187437877743,-29188.957799017531215,-29341.974819984079659
0.03221454,0.5034518,0.342347224,0.2513226502018911,0.04867734979810887,0.3,2e-09,0.68,0.00452600691445039,0.7877098803222136,-1564.7880000000000109,-1401.1730000000000018,-1538.2401847092746721,-47504.19678876420221,-47170.631810941704316,-47450.073258411313873
0.03225261,0.4408227,0.29975943600000005,0.2513226502018911,0.04867734979810887,0.3,2e-09,0.68,0.00452600691445039,0.7877098803222136,-1484.3520000000000891,-1329.3250000000000455,-1459.1976549761618571,-45010.238004356266174,-44694.712120235548355,-44959.04145825059095
0.03228559,0.2773164,0.18857515200000002,0.2513226502018911,0.04867734979810887,0.3,2e-09,0.68,0.00452600691445039,0.7877098803222136,-1207.775000000000091,-1081.47199999999998,-1187.2813489614982245,-36585.415978991717566,-36327.37575409522833,-36543.546931360819144
0.03229761,0.1468856,0.09988220800000001,0.2513226502018911,0.04867734979810887,0.3,2e-09,0.68,0.00452600691445039,0.7877098803222136,-855.05700000000001637,-761.3405999999999949,-839.85078005126831613,-25871.845751480988838,-25671.17739448057182,-25839.2857387905824
0.03233851,0.3969042,0.269894856,0.2513226502018911,0.04867734979810887,0.3,2e-09,0.68,0.00452600691445039,0.7877098803222136,-1423.8650000000000091,-1275.5789999999999509,-1399.8044350261252475,-43063.86647847074346,-42763.333308748915442,-43015.102617709133483
0.0323436,0.02211066,0.015035248800000001,0.2513226502018911,0.04867734979810887,0.3,2e-09,0.68,0.00452600691445039,0.7877098803222136,-166.16370000000000573,-146.53020000000000778,-162.9780108424627656,-5002.0316240781849046,-4948.516497912466548,-4993.3483756919895313
0.03235704,0.3211636,0.218391248,0.2513226502018911,0.04867734979810887,0.3,2e-09,0.68,0.00452600691445039,0.7877098803222136,-1297.0519999999999072,-1161.9349999999999454,-1275.1282084244296584,-39206.10748936545133,-38931.857147765658738,-39161.608223331102636
0.03239003,0.3476437,0.236397716,0.2513226502018911,0.04867734979810887,0.3,2e-09,0.68,0.00452600691445039,0.7877098803222136,-1345.6859999999999218,-1205.7739999999998872,-1322.984182116823149,-40636.04589408247557,-40353.24444542235142,-40590.15914394966967
0.03242054,0.3625239,0.24651625200000002,0.2513226502018911,0.04867734979810887,0.3,2e-09,0.68,0.00452600691445039,0.7877098803222136,-1372.3379999999999654,-1229.7850000000000819,-1349.207659180767223,-41402.68053448662249,-41114.72941949676897,-41355.95821065623022
0.03244306,0.07338288,0.049900358400000004,0.2513226502018911,0.04867734979810887,0.3,2e-09,0.68,0.00452600691445039,0.7877098803222136,-522.05550000000005184,-453.87590000000000146,-510.992825872349556,-15673.603498402801051,-15520.436757771030898,-15648.75099503223646
0.0324463,0.03203585,0.021784378,0.2513226502018911,0.04867734979810887,0.3,2e-09,0.68,0.00452600691445039,0.7877098803222136,-244.48439999999999372,-211.06110000000001037,-239.06120778164287799,-7324.792875057168203,-7247.1569486220450926,-7312.1958378972249193
0.03246113,0.1330827,0.09049623600000001,0.2513226502018911,0.04867734979810887,0.3,2e-09,0.68,0.00452600691445039,0.7877098803222136,-822.1227999999999838,-749.54510000000004766,-810.34649969852591767,-24828.203696642740397,-24697.286380816782184,-24806.961336719108658
0.03250196,0.06854954,0.04661368720000001,0.2513226502018911,0.04867734979810887,0.3,2e-09,0.68,0.00452600691445039,0.7877098803222136,-495.43389999999999418,-427.96550000000002,-484.486623642937559,-14835.880212221607508,-14676.180633558373302,-14809.967704710938051
0.03264138,0.1421324,0.096650032,0.2513226502018911,0.04867734979810887,0.3,2e-09,0.68,0.00452600691445039,0.7877098803222136,-853.8162999999999556,-769.08730000000002747,-840.06835609652000585,-25602.707568889894901,-25432.31757417109111,-25575.060457639807282
0.03271421,0.07848728,0.05337135040000001,0.2513226502018911,0.04867734979810887,0.3,2e-09,0.68,0.00452600691445039,0.7877098803222136,-561.5303000000000111,-499.46170000000000755,-551.4591834877369365,-16769.15714244377159,-16645.652998142133583,-16749.117627664811152
0.03273736,0.211149,0.14358132,0.2513226502018911,0.04867734979810887,0.3,2e-09,0.68,0.00452600691445039,0.7877098803222136,-1066.4079999999999018,-956.9108999999999696,-1048.6412378714048828,-31868.42179177903381,-31652.3818970678185,-31833.367626695016952
0.03279499,0.09265533,0.0630056244,0.2513226502018911,0.04867734979810887,0.3,2e-09,0.68,0.00452600691445039,0.7877098803222136,-656.25950000000000273,-603.71630000000004657,-647.73395424696002465,-19640.592556314655667,-19551.952140204964962,-19626.209954510584794
0.03279944,0.08389672,0.0570497696,0.2513226502018911,0.04867734979810887,0.3,2e-09,0.68,0.00452600691445039,0.7877098803222136,-602.93230000000005475,-549.3686000000000149,-594.24117012873011845,-18017.20873241323352,-17926.44192664797447,-18002.481107232255454
0.0329613,0.03533623,0.024028636400000004,0.2513226502018911,0.04867734979810887,0.3,2e-09,0.68,0.00452600691445039,0.7877098803222136,-276.1419999999999959,-242.65680000000000405,-270.70876402180118703,-8165.062187047664338,-8095.496896081586783,-8153.7746737071202006
0.03300852,0.04273225,0.029057930000000003,0.2513226502018911,0.04867734979810887,0.3,2e-09,0.68,0.00452600691445039,0.7877098803222136,-343.37920000000002574,-315.01010000000002265,-338.77609131947491505,-10200.401942439058985,-10156.0454468820080365,-10193.204753605561564
0.03309005,0.1621226,0.11024336800000001,0.2513226502018911,0.04867734979810887,0.3,2e-09,0.68,0.00452600691445039,0.7877098803222136,-924.4796999999999798,-824.2142000000000053,-908.2108372793923081,-27310.166144157108647,-27109.581288394067087,-27277.619680196501577
0.03311694,0.3092259,0.21027361200000003,0.2513226502018911,0.04867734979810887,0.3,2e-09,0.68,0.00452600691445039,0.7877098803222136,-1304.3800000000001091,-1172.2159999999998945,-1282.9353558042757868,-38544.21195234292827,-38286.800239074931596,-38502.444885646669718
0.03313085,0.09576313,0.06511892840000001,0.2513226502018911,0.04867734979810887,0.3,2e-09,0.68,0.00452600691445039,0.7877098803222136,-676.0005999999999631,-618.1870999999999867,-666.61990679149005246,-20012.172385835223395,-19907.136412560539611,-19995.129476460300793
0.03322138,0.2414911,0.164213948,0.2513226502018911,0.04867734979810887,0.3,2e-09,0.68,0.00452600691445039,0.7877098803222136,-1157.0909999999998945,-1036.0979999999999563,-1137.4589380529246228,-34068.49202517609956,-33828.872462610444927,-34029.61187429117126
0.03325189,0.06395153,0.04348704040000001,0.2513226502018911,0.04867734979810887,0.3,2e-09,0.68,0.00452600691445039,0.7877098803222136,-484.49939999999998008,-424.50610000000000355,-474.76501716785702456,-14209.455028740594571,-14072.022515175614899,-14187.155526952474247
0.03334418,0.1975918,0.134362424,0.2513226502018911,0.04867734979810887,0.3,2e-09,0.68,0.00452600691445039,0.7877098803222136,-1042.4290000000000873,-930.3342000000000098,-1024.2407406995032488,-30566.34766248087908,-30341.422554019129166,-30529.851801870976487
0.03337963,0.08964439,0.06095818520000001,0.2513226502018911,0.04867734979810887,0.3,2e-09,0.68,0.00452600691445039,0.7877098803222136,-651.7625000000000455,-601.4817000000000462,-643.6040463675708452,-19174.204617583829531,-19096.261926509992918,-19161.557805458473013
0.03340607,0.09897191,0.06730089880000001,0.2513226502018911,0.04867734979810887,0.3,2e-09,0.68,0.00452600691445039,0.7877098803222136,-692.282100000000014,-626.85619999999994434,-681.66623526614637285,-20299.933578666397807,-20172.193130083178403,-20279.206690336221072
0.03347443,0.2586006,0.175848408,0.2513226502018911,0.04867734979810887,0.3,2e-09,0.68,0.00452600691445039,0.7877098803222136,-1210.0319999999999254,-1088.9649999999999181,-1190.3879309733076752,-35383.09374624416523,-35152.08610972155293,-35345.610947814013343
0.03384336,0.1022858,0.069554344,0.2513226502018911,0.04867734979810887,0.3,2e-09,0.68,0.00452600691445039,0.7877098803222136,-710.53359999999997854,-636.3587999999999738,-698.4981577139840283,-20537.751343052259472,-20386.717967597756797,-20513.244994891632814
0.03389212,0.0380522,0.025875496,0.2513226502018911,0.04867734979810887,0.3,2e-09,0.68,0.00452600691445039,0.7877098803222136,-308.512800000000027,-276.45659999999998035,-303.31143046467286695,-8897.364148476077389,-8839.316503920315881,-8887.945463479420141
0.03395372,0.05321371,0.0361853228,0.2513226502018911,0.04867734979810887,0.3,2e-09,0.68,0.00452600691445039,0.7877098803222136,-438.85820000000001073,-405.629099999999994,-433.46651825274551584,-12694.28061199138574,-12637.389792075911828,-12685.049630853629424
0.03427097,0.2677384,0.182062112,0.2513226502018911,0.04867734979810887,0.3,2e-09,0.68,0.00452600691445039,0.7877098803222136,-1260.4980000000000473,-1137.76299999999992,-1240.583284908430187,-36021.313587875709345,-35795.420433234146913,-35984.66065419075312
0.03002519,0.0537766,0.037105854,0.2513226502018911,0.04867734979810887,0.3,2e-09,0.6900000000000001,0.004592052808884665,0.8006714980214331,-392.8591000000000122,-359.6297999999999888,-387.46738580117897754,-12825.639869004180582,-12756.795424303067193,-12814.469318616271266
0.03004759,0.1638177,0.11303421300000002,0.2513226502018911,0.04867734979810887,0.3,2e-09,0.6900000000000001,0.004592052808884665,0.8006714980214331,-854.4154999999999518,-753.56749999999999545,-838.05212209186765904,-27745.467383890270867,-27511.008202277771488,-27707.424545234502148
0.03005248,0.0178252,0.012299388000000001,0.2513226502018911,0.04867734979810887,0.3,2e-09,0.6900000000000001,0.004592052808884665,0.8006714980214331,-119.73359999999999559,-108.99949999999999761,-117.99190819844038458,-3887.584471809166189,-3853.3093348593579321,-3882.0230623735528752
0.03008445,0.01124699,0.007760423100000001,0.2513226502018911,0.04867734979810887,0.3,2e-09,0.6900000000000001,0.004592052808884665,0.8006714980214331,-63.574950000000001182,-61.176029999999997244,-63.18570644007439796,-2063.0559076414001538,-2054.933894723811136,-2061.738047428552818
0.03009348,0.03574106,0.0246613314,0.2513226502018911,0.04867734979810887,0.3,2e-09,0.6900000000000001,0.004592052808884665,0.8006714980214331,-254.97610000000000241,-221.6617999999999995,-249.57059388540284317,-8242.336623654509822,-8162.712128060606119,-8229.416925572768378
0.03010423,0.1218377,0.084068013,0.2513226502018911,0.04867734979810887,0.3,2e-09,0.6900000000000001,0.004592052808884665,0.8006714980214331,-711.99469999999996617,-628.070699999999988,-698.3773736518115811,-23076.72131475961578,-22884.697232730053656,-23045.563903390902851
0.03012109,0.01415913,0.009769799700000002,0.2513226502018911,0.04867734979810887,0.3,2e-09,0.6900000000000001,0.004592052808884665,0.8006714980214331,-88.79393000000000313,-83.535749999999993065,-87.94074910946193313,-2881.5921871540208485,-2864.3118118425581997,-2878.7883109084250464
0.03026291,0.1996585,0.137764365,0.2513226502018911,0.04867734979810887,0.3,2e-09,0.6900000000000001,0.004592052808884665,0.8006714980214331,-963.77099999999995816,-851.0647000000000162,-945.48352003483125827,-31081.430625763343414,-30818.357550435292069,-31038.74495872931584
0.03031429,0.008933805,0.00616432545,0.2513226502018911,0.04867734979810887,0.3,2e-09,0.6900000000000001,0.004592052808884665,0.8006714980214331,-44.816119999999997958,-43.768540000000001555,-44.646141939661653453,-1436.5167066669200722,-1432.9175823388054596,-1435.9327205539648276
0.03033159,0.2705486,0.186678534,0.2513226502018911,0.04867734979810887,0.3,2e-09,0.6900000000000001,0.004592052808884665,0.8006714980214331,-1138.1720000000000255,-1014.9249999999999545,-1118.1742088981081906,-36670.282148865611816,-36396.62566089372558,-36625.87924023384403
0.03041651,0.007096374,0.004896498060000001,0.2513226502018911,0.04867734979810887,0.3,2e-09,0.6900000000000001,0.004592052808884665,0.8006714980214331,-30.940400000000000347,-30.49608999999999881,-30.868307222370670928,-979.0843893969679357,-977.52365552396656767,-978.8311481013749926
0.03046577,0.045376,0.03130944,0.2513226502018911,0.04867734979810887,0.3,2e-09,0.6900000000000001,0.004592052808884665,0.8006714980214331,-338.34109999999998308,-310.94439999999997326,-333.89577083595378326,-10889.065296088392643,-10843.3708059463479,-10881.651007153423052
0.03050303,0.08200095,0.05658065550000001,0.2513226502018911,0.04867734979810887,0.3,2e-09,0.6900000000000001,0.004592052808884665,0.8006714980214331,-549.3971000000000231,-491.35370000000000346,-539.9791037157614255,-17604.254358780573966,-17484.719627563459653,-17584.858912365645665
0.03066091,0.1931638,0.133283022,0.2513226502018911,0.04867734979810887,0.3,2e-09,0.6900000000000001,0.004592052808884665,0.8006714980214331,-962.0016000000000531,-854.1916999999999689,-944.50859928666955057,-30646.308432625872229,-30401.686352889999398,-30606.616584147057438
0.03067412,0.2524818,0.174212442,0.2513226502018911,0.04867734979810887,0.3,2e-09,0.6900000000000001,0.004592052808884665,0.8006714980214331,-1108.3199999999999363,-985.6145999999999958,-1088.4100877402770493,-35299.781561508993036,-35027.796306797565194,-35255.64982356393739
0.03075022,0.08763338,0.0604670322,0.2513226502018911,0.04867734979810887,0.3,2e-09,0.6900000000000001,0.004592052808884665,0.8006714980214331,-591.66039999999998145,-540.4292000000000371,-583.34773652341038996,-18860.905695551806275,-18770.040020700853347,-18846.162028087266663
0.03084337,0.153385,0.10583565,0.2513226502018911,0.04867734979810887,0.3,2e-09,0.6900000000000001,0.004592052808884665,0.8006714980214331,-841.31399999999996453,-740.11800000000005184,-824.8941563661018108,-26611.603920601541176,-26374.083157030690927,-26573.064316292697185
0.03094963,0.05801387,0.040029570300000004,0.2513226502018911,0.04867734979810887,0.3,2e-09,0.6900000000000001,0.004592052808884665,0.8006714980214331,-427.73840000000001282,-384.922300000000007,-420.79115241103062317,-13520.804654016121276,-13421.783638877732301,-13504.737718711936395
0.03097488,0.05168537,0.035662905300000006,0.2513226502018911,0.04867734979810887,0.3,2e-09,0.6900000000000001,0.004592052808884665,0.8006714980214331,-391.6974999999999909,-361.63459999999997763,-386.81955900251472258,-12411.627304249266672,-12357.505121545675138,-12402.84555618493323
0.03106144,0.2063858,0.142406202,0.2513226502018911,0.04867734979810887,0.3,2e-09,0.6900000000000001,0.004592052808884665,0.8006714980214331,-1007.4420000000000073,-894.25139999999998963,-989.07593856647383745,-31681.019955298354034,-31431.886700838611432,-31640.596133386090514
0.03115086,0.04750155,0.0327760695,0.2513226502018911,0.04867734979810887,0.3,2e-09,0.6900000000000001,0.004592052808884665,0.8006714980214331,-363.094600000000014,-335.89749999999997954,-358.68165749935280928,-11441.852183543764113,-11398.738414331974127,-11434.856636793640064
0.03124428,0.1389711,0.095890059,0.2513226502018911,0.04867734979810887,0.3,2e-09,0.6900000000000001,0.004592052808884665,0.8006714980214331,-818.9455000000000382,-741.6688000000000329,-806.4067501428548894,-25671.103508290136233,-25516.03383745516112,-25645.942239589094243
0.03125035,0.117895,0.08134755,0.2513226502018911,0.04867734979810887,0.3,2e-09,0.6900000000000001,0.004592052808884665,0.8006714980214331,-717.45489999999995234,-628.5811999999999671,-703.03444605749257335,-22386.506696694836137,-22183.421921694920457,-22353.5546012570303
0.03126083,0.2904049,0.20037938100000002,0.2513226502018911,0.04867734979810887,0.3,2e-09,0.6900000000000001,0.004592052808884665,0.8006714980214331,-1210.150000000000091,-1079.0090000000000146,-1188.8713455670872463,-37837.481397933210246,-37555.096171250464977,-37791.662183076361543
0.03136073,0.02785302,0.0192185838,0.2513226502018911,0.04867734979810887,0.3,2e-09,0.6900000000000001,0.004592052808884665,0.8006714980214331,-203.87059999999999604,-174.69620000000000459,-199.1368250868334826,-6310.787936243485092,-6233.1529027394599325,-6298.1910439686071186
0.03140362,0.0716778,0.049457682,0.2513226502018911,0.04867734979810887,0.3,2e-09,0.6900000000000001,0.004592052808884665,0.8006714980214331,-497.4685999999999808,-428.52760000000000673,-486.2823827585618801,-15411.579610880242399,-15243.476067273924855,-15384.303494232151934
0.03144479,0.04091752,0.0282330888,0.2513226502018911,0.04867734979810887,0.3,2e-09,0.6900000000000001,0.004592052808884665,0.8006714980214331,-310.49349999999998317,-280.29340000000001965,-305.59329722787373385,-9658.670978364742041,-9602.8049156713368575,-9649.606272112840088
0.03145282,0.1585151,0.109375419,0.2513226502018911,0.04867734979810887,0.3,2e-09,0.6900000000000001,0.004592052808884665,0.8006714980214331,-873.0040000000000191,-769.3464999999999918,-856.18475871100838503,-27087.748273168122978,-26854.914162916094938,-27049.969115069223335
0.03147319,0.05588311,0.0385593459,0.2513226502018911,0.04867734979810887,0.3,2e-09,0.6900000000000001,0.004592052808884665,0.8006714980214331,-423.69130000000001246,-386.03129999999998745,-417.58067002201073592,-13192.5489371392577596,-13113.53383590624253,-13179.728118065750095
0.03148359,0.04959838,0.0342228822,0.2513226502018911,0.04867734979810887,0.3,2e-09,0.6900000000000001,0.004592052808884665,0.8006714980214331,-383.117999999999995,-355.06229999999999336,-378.56574292423061934,-11950.134855180776867,-11904.644308203267428,-11942.753657621669845
0.03149836,0.1068141,0.07370172900000001,0.2513226502018911,0.04867734979810887,0.3,2e-09,0.6900000000000001,0.004592052808884665,0.8006714980214331,-680.66830000000004475,-598.2722999999999729,-667.2989036201166755,-21082.089399702286755,-20888.224489436153817,-21050.633299533608806
0.03153055,0.1301227,0.08978466300000001,0.2513226502018911,0.04867734979810887,0.3,2e-09,0.6900000000000001,0.004592052808884665,0.8006714980214331,-790.92070000000001073,-717.03369999999995343,-778.9319555182237309,-24571.722295874962583,-24431.887556754525576,-24549.033014174652635
0.03161354,0.1140797,0.07871499300000001,0.2513226502018911,0.04867734979810887,0.3,2e-09,0.6900000000000001,0.004592052808884665,0.8006714980214331,-707.81100000000003547,-617.22310000000004493,-693.11240368074629714,-21820.444291807085392,-21609.615224818277056,-21786.235624335673492
0.03175786,0.0766937,0.05291865300000001,0.2513226502018911,0.04867734979810887,0.3,2e-09,0.6900000000000001,0.004592052808884665,0.8006714980214331,-533.9352999999999838,-467.7407000000000039,-523.19470767018026436,-16392.643400531396765,-16245.981517281596098,-16368.846361221396364
0.03179212,0.1692992,0.11681644800000002,0.2513226502018911,0.04867734979810887,0.3,2e-09,0.6900000000000001,0.004592052808884665,0.8006714980214331,-926.60760000000004766,-830.2113000000000511,-910.9665452855218746,-28507.51464888292685,-28311.475029903514951,-28475.705685191762313
0.03190431,0.2280987,0.157388103,0.2513226502018911,0.04867734979810887,0.3,2e-09,0.6900000000000001,0.004592052808884665,0.8006714980214331,-1098.5950000000000273,-986.5117000000000189,-1080.4086066645786559,-33691.89196072179766,-33462.867010101806954,-33654.73086860904732
0.03193076,0.2205905,0.152207445,0.2513226502018911,0.04867734979810887,0.3,2e-09,0.6900000000000001,0.004592052808884665,0.8006714980214331,-1080.5750000000000455,-971.2580000000000382,-1062.837460507067135,-33116.087484286799736,-32895.742371289823495,-33080.334763814607868
0.0319773,0.1259121,0.08687934900000001,0.2513226502018911,0.04867734979810887,0.3,2e-09,0.6900000000000001,0.004592052808884665,0.8006714980214331,-778.7577999999999747,-700.3792999999999438,-766.0402744628296432,-23831.856503565450112,-23679.25179796892553,-23807.095194781581085
0.03202961,0.337457,0.23284533000000002,0.2513226502018911,0.04867734979810887,0.3,2e-09,0.6900000000000001,0.004592052808884665,0.8006714980214331,-1330.1320000000000618,-1190.1769999999999072,-1307.4232050300188348,-40615.311445021849067,-40326.64737702576531,-40568.473438981876825
0.03204817,0.1103875,0.07616737500000001,0.2513226502018911,0.04867734979810887,0.3,2e-09,0.6900000000000001,0.004592052808884665,0.8006714980214331,-703.18849999999997635,-614.8146000000000413,-688.84914252225632936,-21393.318878986236086,-21188.917833552710363,-21360.153208360679855
0.03213971,0.1868902,0.12895423800000003,0.2513226502018911,0.04867734979810887,0.3,2e-09,0.6900000000000001,0.004592052808884665,0.8006714980214331,-994.6879000000000133,-894.1634000000000242,-978.3770125007332581,-30287.66587945210631,-30082.963359832505375,-30254.451292278514302
0.03226345,0.3011331,0.207781839,0.2513226502018911,0.04867734979810887,0.3,2e-09,0.6900000000000001,0.004592052808884665,0.8006714980214331,-1270.6150000000000091,-1138.099999999999909,-1249.1134033050118433,-38523.48476405144902,-38253.954221566353226,-38479.751322392039583
0.03226899,0.0224287,0.015475803000000002,0.2513226502018911,0.04867734979810887,0.3,2e-09,0.6900000000000001,0.004592052808884665,0.8006714980214331,-167.26910000000000878,-147.6074000000000126,-164.07883517158174413,-5048.1578308304624443,-4994.594783835801536,-5039.466806914423614
0.03228381,0.06691823,0.0461735787,0.2513226502018911,0.04867734979810887,0.3,2e-09,0.6900000000000001,0.004592052808884665,0.8006714980214331,-486.603999999999985,-422.04770000000002028,-476.1292346774277462,-14679.744074516700493,-14524.545454822877218,-14654.561882853300631
0.0323197,0.06237758,0.0430405302,0.2513226502018911,0.04867734979810887,0.3,2e-09,0.6900000000000001,0.004592052808884665,0.8006714980214331,-466.75029999999998154,-412.17919999999998026,-457.89571158810804263,-14098.101583638703232,-13970.036811096644669,-14077.32207120588464
0.03235654,0.3828765,0.26418478500000003,0.2513226502018911,0.04867734979810887,0.3,2e-09,0.6900000000000001,0.004592052808884665,0.8006714980214331,-1421.8330000000000837,-1274.0889999999999418,-1397.8603787714273494,-42987.752271324272442,-42688.46511157106579,-42939.190585439639108
0.03235861,0.0601765,0.041521785000000005,0.2513226502018911,0.04867734979810887,0.3,2e-09,0.6900000000000001,0.004592052808884665,0.8006714980214331,-457.30340000000001055,-408.58850000000001046,-449.3990259077336873,-13817.147699594474034,-13706.8149763774654275,-13799.245351053765262
0.03238015,0.1749666,0.12072695400000001,0.2513226502018911,0.04867734979810887,0.3,2e-09,0.6900000000000001,0.004592052808884665,0.8006714980214331,-967.08219999999994343,-873.856899999999996,-951.9556648728877235,-29248.898792984455213,-29070.614008249260223,-29219.970690217003721
0.03243836,0.2359017,0.16277217300000002,0.2513226502018911,0.04867734979810887,0.3,2e-09,0.6900000000000001,0.004592052808884665,0.8006714980214331,-1132.7709999999999582,-1014.8830000000000382,-1113.6427486233351374,-34161.323983581176435,-33921.070509021315956,-34122.34097550997103
0.0325117,0.4218257,0.29105973300000004,0.2513226502018911,0.04867734979810887,0.3,2e-09,0.6900000000000001,0.004592052808884665,0.8006714980214331,-1489.6110000000001037,-1335.7390000000000327,-1464.6440627728845811,-44827.435414352701628,-44518.32871108745894,-44777.280430620092375
0.03251207,1.125882,0.7768585800000001,0.2513226502018911,0.04867734979810887,0.3,2e-09,0.6900000000000001,0.004592052808884665,0.8006714980214331,-2136.4220000000000255,-1916.11200000000008,-2100.674976886595232,-64293.268586968981253,-63851.727568370981317,-64221.6250982606216
0.03252103,0.8958039,0.6181046910000001,0.2513226502018911,0.04867734979810887,0.3,2e-09,0.6900000000000001,0.004592052808884665,0.8006714980214331,-1982.45900000000006,-1778.0419999999999163,-1949.2907406210665613,-59643.677723397646332,-59234.075455214180693,-59577.216547109426756
0.0325273,0.4739915,0.327054135,0.2513226502018911,0.04867734979810887,0.3,2e-09,0.6900000000000001,0.004592052808884665,0.8006714980214331,-1564.5109999999999673,-1403.0480000000000018,-1538.3123635651597851,-47059.655168460398272,-46735.778900746670843,-47007.103707211033907
0.03253128,0.7278434,0.5022119460000001,0.2513226502018911,0.04867734979810887,0.3,2e-09,0.6900000000000001,0.004592052808884665,0.8006714980214331,-1844.4410000000000309,-1654.2699999999999818,-1813.584265705145981,-55473.970966598957602,-55093.0223646310842,-55412.159072088652465
0.0325388,0.622322,0.4294021800000001,0.2513226502018911,0.04867734979810887,0.3,2e-09,0.6900000000000001,0.004592052808884665,0.8006714980214331,-1741.553000000000111,-1561.9939999999999145,-1712.4181458253378878,-52367.446724562643794,-52007.77370044933923,-52309.08695920361788
0.03254605,0.5555943,0.383360067,0.2513226502018911,0.04867734979810887,0.3,2e-09,0.6900000000000001,0.004592052808884665,0.8006714980214331,-1667.9179999999998927,-1495.9580000000000837,-1640.0161430957236917,-50142.140153462874878,-49797.739645460889733,-50086.258473467336444
0.03255002,0.03242507,0.0223732983,0.2513226502018911,0.04867734979810887,0.3,2e-09,0.6900000000000001,0.004592052808884665,0.8006714980214331,-247.49580000000000268,-214.08459999999999468,-242.07457110141805856,-7394.6786020141325935,-7317.718406105033864,-7382.1912074248048157
0.03255193,0.5091707,0.351327783,0.2513226502018911,0.04867734979810887,0.3,2e-09,0.6900000000000001,0.004592052808884665,0.8006714980214331,-1611.7309999999999945,-1445.5709999999999127,-1584.7702385251538999,-48444.342589613115706,-48111.571517610602314,-48390.347876697916945
0.03256948,0.08477443,0.05849435670000001,0.2513226502018911,0.04867734979810887,0.3,2e-09,0.6900000000000001,0.004592052808884665,0.8006714980214331,-606.13430000000005293,-551.94219999999995707,-597.3412073066863286,-18241.656588056004693,-18148.599212577206345,-18226.557299997752125
0.03259183,0.4456518,0.307499742,0.2513226502018911,0.04867734979810887,0.3,2e-09,0.6900000000000001,0.004592052808884665,0.8006714980214331,-1528.2210000000000036,-1370.8599999999999,-1502.6879451947324924,-45879.18053312444681,-45564.589336376884603,-45828.135647366158082
0.03265193,0.07415148,0.05116452120000001,0.2513226502018911,0.04867734979810887,0.3,2e-09,0.6900000000000001,0.004592052808884665,0.8006714980214331,-531.67190000000005057,-463.04050000000000864,-520.5359177835536002,-15867.10935100720053,-15714.7470631078303995,-15842.38737639347346
0.03267395,0.2802297,0.19335849300000005,0.2513226502018911,0.04867734979810887,0.3,2e-09,0.6900000000000001,0.004592052808884665,0.8006714980214331,-1243.5270000000000437,-1115.5350000000000819,-1222.759295482134803,-37239.03507099174749,-36982.809100133978063,-37197.460400289062818
0.0326803,0.4011759,0.27681137100000003,0.2513226502018911,0.04867734979810887,0.3,2e-09,0.6900000000000001,0.004592052808884665,0.8006714980214331,-1465.5299999999999727,-1315.0670000000000073,-1441.1161997244237227,-43880.5288953874624,-43581.037689531149226,-43831.934101424376422
0.03271048,0.07930877,0.054723051300000006,0.2513226502018911,0.04867734979810887,0.3,2e-09,0.6900000000000001,0.004592052808884665,0.8006714980214331,-568.2720000000000482,-505.62450000000001182,-558.10695242840995434,-16976.105756829845632,-16851.434495395609702,-16955.876868154489785
0.03271579,0.1484213,0.10241069700000001,0.2513226502018911,0.04867734979810887,0.3,2e-09,0.6900000000000001,0.004592052808884665,0.8006714980214331,-879.2563999999999851,-784.6105000000000018,-863.89936139581050156,-26278.270867050316156,-26080.130547928991291,-26246.121048307057208
0.03272092,0.3245568,0.22394419200000001,0.2513226502018911,0.04867734979810887,0.3,2e-09,0.6900000000000001,0.004592052808884665,0.8006714980214331,-1335.025000000000091,-1198.025000000000091,-1312.7956769255301879,-39924.057649038186355,-39651.236958423847682,-39879.790355074197578
0.03272161,0.3513352,0.24242128800000004,0.2513226502018911,0.04867734979810887,0.3,2e-09,0.6900000000000001,0.004592052808884665,0.8006714980214331,-1384.0419999999999163,-1242.1310000000000855,-1361.0158287093349827,-41389.41858180215786,-41107.55092519565369,-41343.68334674412472
0.0327751,0.3663867,0.252806823,0.2513226502018911,0.04867734979810887,0.3,2e-09,0.6900000000000001,0.004592052808884665,0.8006714980214331,-1412.6159999999999854,-1268.0190000000000055,-1389.1540041708094577,-42176.44473559646576,-41889.740829198941356,-42129.924781129142502
0.03278687,0.06926824,0.0477950856,0.2513226502018911,0.04867734979810887,0.3,2e-09,0.6900000000000001,0.004592052808884665,0.8006714980214331,-505.619700000000023,-437.84679999999997335,-494.6230161328924737,-15017.418646432470268,-14859.623716288142532,-14991.815183062457436
0.03280872,0.09362429,0.0646007601,0.2513226502018911,0.04867734979810887,0.3,2e-09,0.6900000000000001,0.004592052808884665,0.8006714980214331,-665.04290000000003147,-611.9634999999999536,-656.4303515970874514,-19899.422479269909672,-19810.002470017647283,-19884.913382372164051
0.03283292,0.1808275,0.124770975,0.2513226502018911,0.04867734979810887,0.3,2e-09,0.6900000000000001,0.004592052808884665,0.8006714980214331,-1000.44700000000000273,-905.8206000000000131,-985.0931254235473489,-29851.81245970443706,-29672.963706432106846,-29822.792848624456383
0.03296373,0.2133583,0.147217227,0.2513226502018911,0.04867734979810887,0.3,2e-09,0.6900000000000001,0.004592052808884665,0.8006714980214331,-1091.4020000000000437,-980.45839999999998327,-1073.4005319164616594,-32403.304651858514262,-32187.018307116297365,-32368.210498326607194
0.03300761,0.1344741,0.09278712900000001,0.2513226502018911,0.04867734979810887,0.3,2e-09,0.6900000000000001,0.004592052808884665,0.8006714980214331,-848.0003000000000384,-774.57929999999998927,-836.08716766824340993,-25198.997996258713101,-25070.150669333503174,-25178.091508247747697
0.03312848,0.1436185,0.09909676500000002,0.2513226502018911,0.04867734979810887,0.3,2e-09,0.6900000000000001,0.004592052808884665,0.8006714980214331,-879.5425000000000182,-794.0018999999999778,-865.6628676395329194,-26000.80892873396806,-25833.192389625823125,-25973.611832380247506
0.03314288,0.09676452,0.06676751880000001,0.2513226502018911,0.04867734979810887,0.3,2e-09,0.6900000000000001,0.004592052808884665,0.8006714980214331,-685.23469999999997526,-626.9378000000000384,-675.7755713551820236,-20283.086054798699479,-20177.495320222089504,-20265.953131057282008
0.0332047,0.04319492,0.0298044948,0.2513226502018911,0.04867734979810887,0.3,2e-09,0.6900000000000001,0.004592052808884665,0.8006714980214331,-348.46210000000002083,-319.84329999999999927,-343.8184755386595839,-10293.133591390620495,-10248.610687955168032,-10285.909401575436277
0.03341244,0.09058195,0.0625015455,0.2513226502018911,0.04867734979810887,0.3,2e-09,0.6900000000000001,0.004592052808884665,0.8006714980214331,-660.6607000000000198,-609.7839000000000169,-652.4055406993052202,-19420.760406990830234,-19341.900954463562812,-19407.964843138972356
0.03348203,0.312487,0.21561603000000004,0.2513226502018911,0.04867734979810887,0.3,2e-09,0.6900000000000001,0.004592052808884665,0.8006714980214331,-1342.13799999999992,-1208.16599999999994,-1320.3999936428256206,-39245.553546463139355,-38989.49435404984979,-39204.005936869391007
0.03357692,0.2440211,0.168374559,0.2513226502018911,0.04867734979810887,0.3,2e-09,0.6900000000000001,0.004592052808884665,0.8006714980214331,-1189.1959999999999127,-1066.5619999999998981,-1169.2976729495289874,-34658.535107811141643,-34419.95460716618254,-34619.82355286146776
0.03359645,0.1000068,0.069004692,0.2513226502018911,0.04867734979810887,0.3,2e-09,0.6900000000000001,0.004592052808884665,0.8006714980214331,-705.63450000000000273,-639.72900000000004184,-694.94081640960246204,-20581.814505145139265,-20454.682085429147264,-20561.186274261155631
0.03360756,0.06462302,0.04458988380000001,0.2513226502018911,0.04867734979810887,0.3,2e-09,0.6900000000000001,0.004592052808884665,0.8006714980214331,-495.21170000000000755,-435.0018000000000029,-485.4421721213028036,-14377.951467699136629,-14242.783660931621853,-14356.019432327584582
0.03362105,0.1,0.069,0.2513226502018911,0.04867734979810887,0.3,2e-09,0.6900000000000001,0.004592052808884665,0.8006714980214331,-706.11959999999999127,-640.2282999999999902,-695.4282204708262043,-20581.234343029216689,-20454.298804348258273,-20560.638057635267614
0.03377286,0.2613129,0.18030590100000002,0.2513226502018911,0.04867734979810887,0.3,2e-09,0.6900000000000001,0.004592052808884665,0.8006714980214331,-1241.7539999999999054,-1119.0740000000000691,-1221.8482090892264296,-36004.54974157804827,-35774.065709326103388,-35967.15190204202372
0.03401443,0.03847575,0.026548267500000004,0.2513226502018911,0.04867734979810887,0.3,2e-09,0.6900000000000001,0.004592052808884665,0.8006714980214331,-312.3476999999999748,-280.16550000000000864,-307.1258859777576049,-8978.410278202214613,-8920.489360737752577,-8969.012155668731793
0.03416416,0.1033553,0.071315157,0.2513226502018911,0.04867734979810887,0.3,2e-09,0.6900000000000001,0.004592052808884665,0.8006714980214331,-727.09960000000000946,-652.4035999999999831,-714.97958893160148364,-20829.000240784745984,-20679.618048962143803,-20804.761810101554147
0.03001588,0.01807867,0.012655069000000001,0.2513226502018911,0.04867734979810887,0.3,2e-09,0.7000000000000001,0.004658420923206961,0.8136224617041853,-120.48369999999999891,-109.729200000000005844,-118.738698138654115155,-3917.5423894494865635,-3883.276393207667752,-3911.982463165340505
0.03007546,0.01436047,0.010052329,0.2513226502018911,0.04867734979810887,0.3,2e-09,0.7000000000000001,0.004658420923206961,0.8136224617041853,-89.22347000000000605,-83.95463999999999771,-88.36856106354409235,-2900.415616165360916,-2883.1313859666552162,-2897.6111144341157342
0.03009919,0.1499681,0.10497767000000001,0.2513226502018911,0.04867734979810887,0.3,2e-09,0.7000000000000001,0.004658420923206961,0.8136224617041853,-822.8102000000000089,-727.87419999999997344,-807.40609039855576157,-26689.981956476804044,-26464.04743676900398,-26653.322310985855438
0.03012405,0.1010491,0.07073437,0.2513226502018911,0.04867734979810887,0.3,2e-09,0.7000000000000001,0.004658420923206961,0.8136224617041853,-642.6476000000000113,-576.7617999999999938,-631.95711288890584,-20867.1083666629238,-20716.814479554894206,-20842.72200627867278
0.03016373,0.007197286,0.0050381002,0.2513226502018911,0.04867734979810887,0.3,2e-09,0.7000000000000001,0.004658420923206961,0.8136224617041853,-30.800799999999998846,-30.356100000000001415,-30.728643941815935392,-982.67216159526753927,-981.09711872141247113,-982.41659855220859754
0.03020065,0.03614751,0.025303257000000003,0.2513226502018911,0.04867734979810887,0.3,2e-09,0.7000000000000001,0.004658420923206961,0.8136224617041853,-258.10300000000000864,-224.73599999999999,-252.68894289762167205,-8317.1741959946120915,-8238.030911265674149,-8304.33257814487115
0.03020244,0.1655249,0.11586743000000001,0.2513226502018911,0.04867734979810887,0.3,2e-09,0.7000000000000001,0.004658420923206961,0.8136224617041853,-871.823099999999954,-769.70150000000001,-855.2530705161914284,-28175.386223959689232,-27940.03221420189584,-28137.19819242846279
0.03020645,0.05434331,0.038040317000000004,0.2513226502018911,0.04867734979810887,0.3,2e-09,0.7000000000000001,0.004658420923206961,0.8136224617041853,-399.05910000000000082,-365.56810000000001537,-393.6249229263717666,-12953.952404311075952,-12885.2856767651683185,-12942.810689923597238
0.03022681,0.01140693,0.007984851,0.2513226502018911,0.04867734979810887,0.3,2e-09,0.7000000000000001,0.004658420923206961,0.8136224617041853,-64.207459999999997535,-61.80221999999999838,-63.817190970571978426,-2074.350232204083568,-2066.3036660546272287,-2073.0446138203146802
0.0302815,0.009060846,0.0063425922,0.2513226502018911,0.04867734979810887,0.3,2e-09,0.7000000000000001,0.004658420923206961,0.8136224617041853,-44.96453999999999951,-43.91499000000000308,-44.79424229173131522,-1443.0191329494975889,-1439.4243176862387372,-1442.4358460160665345
0.03039939,0.08285618,0.057999326000000004,0.2513226502018911,0.04867734979810887,0.3,2e-09,0.7000000000000001,0.004658420923206961,0.8136224617041853,-554.13220000000001164,-495.476600000000019,-544.6148694706067772,-17818.805333259300824,-17697.219305328490009,-17799.07704788546107
0.03052231,0.08854704,0.061982928,0.2513226502018911,0.04867734979810887,0.3,2e-09,0.7000000000000001,0.004658420923206961,0.8136224617041853,-594.5485999999999649,-542.7033000000000129,-586.13629398837360895,-19095.278994671985856,-19002.005255181065877,-19080.144599858060246
0.03061327,0.04586142,0.032102994,0.2513226502018911,0.04867734979810887,0.3,2e-09,0.7000000000000001,0.004658420923206961,0.8136224617041853,-342.96820000000002437,-315.29129999999997835,-338.47740619124238037,-10987.558893276842355,-10941.471139627523371,-10980.080794257517482
0.03062554,0.2017401,0.14121807000000003,0.2513226502018911,0.04867734979810887,0.3,2e-09,0.7000000000000001,0.004658420923206961,0.8136224617041853,-990.78779999999994743,-876.63030000000003383,-972.2648514680745393,-31590.467350595274183,-31329.223344578233082,-31548.078464383434039
0.03063512,0.1191237,0.08338659000000001,0.2513226502018911,0.04867734979810887,0.3,2e-09,0.7000000000000001,0.004658420923206961,0.8136224617041853,-713.5137999999999465,-623.88419999999996435,-698.97069536178469207,-22706.06812854056625,-22495.013601334492705,-22671.822878382947238
0.03067767,0.2733787,0.19136509,0.2513226502018911,0.04867734979810887,0.3,2e-09,0.7000000000000001,0.004658420923206961,0.8136224617041853,-1170.724999999999909,-1045.8949999999999818,-1150.470354749006674,-37312.089710946595005,-37040.325663510913728,-37267.99386561466963
0.03091119,0.2551194,0.17858358000000002,0.2513226502018911,0.04867734979810887,0.3,2e-09,0.7000000000000001,0.004658420923206961,0.8136224617041853,-1135.55600000000004,-1011.16600000000005366,-1115.3727481953774259,-35904.21673365683091,-35632.086342729628086,-35860.061446223960957
0.03112025,0.1951774,0.13662418,0.2513226502018911,0.04867734979810887,0.3,2e-09,0.7000000000000001,0.004658420923206961,0.8136224617041853,-991.8392000000000053,-882.7582999999999629,-974.13996958135817295,-31148.452467045164667,-30907.073271047716844,-31109.28680185331541
0.03115912,0.058623,0.041036100000000006,0.2513226502018911,0.04867734979810887,0.3,2e-09,0.7000000000000001,0.004658420923206961,0.8136224617041853,-435.07380000000000564,-392.04790000000002692,-428.09251071773849162,-13665.556728414412646,-13567.429739563445764,-13649.634855877966402
0.03116924,0.0522314,0.03656198,0.2513226502018911,0.04867734979810887,0.3,2e-09,0.7000000000000001,0.004658420923206961,0.8136224617041853,-397.8620000000000232,-367.5133000000000152,-392.9376857139404251,-12531.904465392724887,-12477.717140752036357,-12523.1121475388627005
0.03129747,0.2085377,0.14597639,0.2513226502018911,0.04867734979810887,0.3,2e-09,0.7000000000000001,0.004658420923206961,0.8136224617041853,-1031.3269999999999982,-916.61980000000005475,-1012.7148583374611235,-32200.071639441779553,-31950.782488065880898,-32159.622522033783753
0.03134689,0.02822896,0.019760272000000002,0.2513226502018911,0.04867734979810887,0.3,2e-09,0.7000000000000001,0.004658420923206961,0.8136224617041853,-205.72280000000000655,-176.55510000000001014,-200.99011221431231888,-6373.2228693345050488,-6295.869981980862576,-6360.671757482481553
0.03145464,0.04800702,0.033604914,0.2513226502018911,0.04867734979810887,0.3,2e-09,0.7000000000000001,0.004658420923206961,0.8136224617041853,-369.88949999999999818,-342.38819999999998345,-365.4271986666575458,-11547.0966135460548685,-11503.897370679358573,-11540.087198025934413
0.0315268,0.04136304,0.028954128,0.2513226502018911,0.04867734979810887,0.3,2e-09,0.7000000000000001,0.004658420923206961,0.8136224617041853,-314.00020000000000664,-283.60899999999998045,-309.06898975605236046,-9744.866949325945825,-9688.780009072737812,-9735.7664039599076204
0.03156233,0.1549835,0.10848845000000001,0.2513226502018911,0.04867734979810887,0.3,2e-09,0.7000000000000001,0.004658420923206961,0.8136224617041853,-873.5720999999999776,-771.19410000000004857,-856.9604676078972716,-27023.307796921602858,-26791.899753706664342,-26985.760029369368567
0.03156478,0.2934484,0.20541388000000002,0.2513226502018911,0.04867734979810887,0.3,2e-09,0.7000000000000001,0.004658420923206961,0.8136224617041853,-1242.9079999999999018,-1109.94399999999996,-1221.333549538147281,-38504.385386643880338,-38222.72037682854716,-38458.683032614986587
0.03165403,0.07242637,0.05069845900000001,0.2513226502018911,0.04867734979810887,0.3,2e-09,0.7000000000000001,0.004658420923206961,0.8136224617041853,-507.26319999999998345,-437.948599999999999,-496.01636323227995717,-15598.558225556196703,-15432.032971101767544,-15571.5381986852044065
0.03165747,0.1601671,0.11211697000000001,0.2513226502018911,0.04867734979810887,0.3,2e-09,0.7000000000000001,0.004658420923206961,0.8136224617041853,-891.9533000000000129,-787.0751000000000204,-874.93599057467986313,-27507.41393191822499,-27274.233408011990832,-27469.578565490588517
0.03166614,0.05012403,0.035086821000000004,0.2513226502018911,0.04867734979810887,0.3,2e-09,0.7000000000000001,0.004658420923206961,0.8136224617041853,-388.8702000000000112,-360.51549999999997453,-384.26942783226519396,-12062.7028148188637715,-12016.9522693390608765,-12055.279430466280246
0.0316801,0.05647083,0.039529581,0.2513226502018911,0.04867734979810887,0.3,2e-09,0.7000000000000001,0.004658420923206961,0.8136224617041853,-430.7418999999999869,-392.84679999999997335,-424.59312320555221731,-13329.072930929612994,-13250.58059380548184,-13316.336934427403321
0.0317423,0.1404194,0.09829358,0.2513226502018911,0.04867734979810887,0.3,2e-09,0.7000000000000001,0.004658420923206961,0.8136224617041853,-844.02930000000003474,-765.9580999999999449,-831.3616362948062033,-26056.521592606684862,-25904.05415808991529,-26031.782557130703935
0.03182634,0.1079273,0.07554911000000002,0.2513226502018911,0.04867734979810887,0.3,2e-09,0.7000000000000001,0.004658420923206961,0.8136224617041853,-697.12429999999994834,-614.12620000000003984,-683.65720817907185847,-21380.565462346239656,-21188.970862254114763,-21349.4777377858627
0.03185245,0.07749401,0.05424580700000001,0.2513226502018911,0.04867734979810887,0.3,2e-09,0.7000000000000001,0.004658420923206961,0.8136224617041853,-541.8691000000000031,-475.16039999999998145,-531.04509091840964174,-16592.080377096692246,-16445.117114536187728,-16568.2344366329271
0.0320254,0.1314788,0.09203516000000002,0.2513226502018911,0.04867734979810887,0.3,2e-09,0.7000000000000001,0.004658420923206961,0.8136224617041853,-814.5177999999999656,-739.6879999999999882,-802.376078833591464,-24926.189074870701006,-24787.98025355921709,-24903.763611070156912
0.03219702,0.02274669,0.015922683,0.2513226502018911,0.04867734979810887,0.3,2e-09,0.7000000000000001,0.004658420923206961,0.8136224617041853,-168.36639999999999873,-148.68090000000000828,-165.17227343516441351,-5093.830960958391188,-5040.2303655215491744,-5085.1338445135033908
0.03231241,0.2304787,0.16133509000000001,0.2513226502018911,0.04867734979810887,0.3,2e-09,0.7000000000000001,0.004658420923206961,0.8136224617041853,-1130.9649999999999181,-1017.54700000000002547,-1112.5620411353268082,-34263.824342902684293,-34037.134614868795325,-34227.042158945536357
0.03234397,0.3410172,0.23871204000000004,0.2513226502018911,0.04867734979810887,0.3,2e-09,0.7000000000000001,0.004658420923206961,0.8136224617041853,-1366.9349999999999454,-1224.9880000000000564,-1343.9029874273592213,-41351.294609152122575,-41063.343775033739803,-41304.572330895331106
0.03234523,0.1272243,0.08905701000000002,0.2513226502018911,0.04867734979810887,0.3,2e-09,0.7000000000000001,0.004658420923206961,0.8136224617041853,-798.6108000000000402,-719.23440000000005057,-785.73135737161794623,-24171.659140335788834,-24019.845419708744885,-24147.026175058737863
0.03234754,0.08565841,0.05996088700000001,0.2513226502018911,0.04867734979810887,0.3,2e-09,0.7000000000000001,0.004658420923206961,0.8136224617041853,-609.3623999999999796,-554.54200000000003,-600.4673607104257371,-18465.470128030741762,-18370.107844138587097,-18449.996850528856157
0.03241246,0.111538,0.07807660000000001,0.2513226502018911,0.04867734979810887,0.3,2e-09,0.7000000000000001,0.004658420923206961,0.8136224617041853,-720.92650000000003274,-631.832300000000032,-706.4702682053911076,-21698.264153142670693,-21496.287619965103659,-21665.491878621025535
0.03255627,0.3042929,0.21300503,0.2513226502018911,0.04867734979810887,0.3,2e-09,0.7000000000000001,0.004658420923206961,0.8136224617041853,-1304.3630000000000564,-1170.0060000000000855,-1282.5625243772515205,-39207.21549733100983,-38938.137150026566815,-39163.555427881561627
0.03257144,0.06761792,0.047332544000000004,0.2513226502018911,0.04867734979810887,0.3,2e-09,0.7000000000000001,0.004658420923206961,0.8136224617041853,-496.5140999999999849,-431.7097999999999729,-485.9990947349280077,-14854.3446282467884885,-14701.186776502570865,-14829.493567167852234
0.0325943,0.1888382,0.13218674000000002,0.2513226502018911,0.04867734979810887,0.3,2e-09,0.7000000000000001,0.004658420923206961,0.8136224617041853,-1024.6579999999999018,-923.0408999999999651,-1008.1698295927684512,-30781.449896666519635,-30579.502403043192317,-30748.682334040004207
0.03259672,0.1152686,0.08068802000000001,0.2513226502018911,0.04867734979810887,0.3,2e-09,0.7000000000000001,0.004658420923206961,0.8136224617041853,-739.480199999999968,-647.9157999999999902,-724.6231589071534245,-22130.427025211880391,-21927.676333983181394,-22097.529137482721126
0.03262667,0.0630309,0.04412163,0.2513226502018911,0.04867734979810887,0.3,2e-09,0.7000000000000001,0.004658420923206961,0.8136224617041853,-476.30779999999998608,-421.53820000000001755,-467.42100340832496386,-14258.596827508406932,-14132.418597664827757,-14238.123421405065528
0.03263625,0.06080747,0.042565229,0.2513226502018911,0.04867734979810887,0.3,2e-09,0.7000000000000001,0.004658420923206961,0.8136224617041853,-466.11810000000002674,-417.20530000000002246,-458.18161508265018256,-13969.932512689512805,-13861.027172317055374,-13952.261768195538025
0.0326442,0.2228915,0.15602405,0.2513226502018911,0.04867734979810887,0.3,2e-09,0.7000000000000001,0.004658420923206961,0.8136224617041853,-1122.4559999999999036,-1011.70799999999997,-1104.48626954852989,-33670.34993168566143,-33455.0819300508374,-33635.421012299266295
0.03265019,0.03281497,0.022970479000000002,0.2513226502018911,0.04867734979810887,0.3,2e-09,0.7000000000000001,0.004658420923206961,0.8136224617041853,-250.4742999999999995,-217.07370000000000232,-245.05479103444426414,-7463.8901190241931545,-7387.5708496828556235,-7451.506719790644638
0.03268519,0.3869575,0.27087025000000003,0.2513226502018911,0.04867734979810887,0.3,2e-09,0.7000000000000001,0.004658420923206961,0.8136224617041853,-1462.2360000000001037,-1312.3460000000000036,-1437.9151734625381778,-43783.88991601604357,-43485.43219404060801,-43735.462812907557236
0.03270292,0.08013612,0.05609528400000001,0.2513226502018911,0.04867734979810887,0.3,2e-09,0.7000000000000001,0.004658420923206961,0.8136224617041853,-574.931699999999978,-511.7096000000000231,-564.67341907776324206,-17182.579141589201754,-17056.723362670974893,-17162.158055674146453
0.03277205,0.1710636,0.11974452000000002,0.2513226502018911,0.04867734979810887,0.3,2e-09,0.7000000000000001,0.004658420923206961,0.8136224617041853,-969.2364000000000033,-871.46050000000002456,-953.3714943795835097,-28950.979088311789383,-28761.453300001441676,-28920.227044667306473
0.03281339,0.09460019,0.066220133,0.2513226502018911,0.04867734979810887,0.3,2e-09,0.7000000000000001,0.004658420923206961,0.8136224617041853,-673.62570000000005166,-620.004099999999994,-664.9251754002191319,-20157.414425599283277,-20067.15250306377493,-20142.76872167691181
0.03285135,0.4263792,0.29846544,0.2513226502018911,0.04867734979810887,0.3,2e-09,0.7000000000000001,0.004658420923206961,0.8136224617041853,-1532.8559999999999945,-1376.7119999999999891,-1507.520412977080241,-45672.04042035970633,-45363.894529151628376,-45622.041335909088957
0.03285249,0.07492554,0.052447878,0.2513226502018911,0.04867734979810887,0.3,2e-09,0.7000000000000001,0.004658420923206961,0.8136224617041853,-541.22080000000005384,-472.14269999999999072,-530.012337209704242,-16060.1443999090988655,-15908.531004167500214,-16035.5439389137882245
0.03285601,1.141883,0.7993181,0.2513226502018911,0.04867734979810887,0.3,2e-09,0.7000000000000001,0.004658420923206961,0.8136224617041853,-2205.3389999999999418,-1981.1020000000000891,-2168.954790377737936,-65701.70601560475188,-65260.178745049910503,-65630.064757624073536
0.03286523,0.9084394,0.63590758,0.2513226502018911,0.04867734979810887,0.3,2e-09,0.7000000000000001,0.004658420923206961,0.8136224617041853,-2045.6949999999999363,-1837.7059999999999036,-2011.9471556428036365,-60928.60559303528862,-60519.218985236933804,-60862.179409333744843
0.03286676,0.4792323,0.33546261000000005,0.2513226502018911,0.04867734979810887,0.3,2e-09,0.7000000000000001,0.004658420923206961,0.8136224617041853,-1610.5329999999999018,-1446.6230000000000473,-1583.9373186486398026,-47964.75424913396273,-47641.73584748696885,-47912.341983373305993
0.03287425,0.7375457,0.5162819900000001,0.2513226502018911,0.04867734979810887,0.3,2e-09,0.7000000000000001,0.004658420923206961,0.8136224617041853,-1902.1150000000000091,-1708.7349999999999,-1870.7375803201389317,-56636.831475522529217,-56256.269245329109253,-56575.082272858948272
0.03287451,0.238364,0.1668548,0.2513226502018911,0.04867734979810887,0.3,2e-09,0.7000000000000001,0.004658420923206961,0.8136224617041853,-1166.9949999999998909,-1047.6330000000000382,-1147.6275805779935126,-34744.266683037880284,-34506.445213469189184,-34705.678286825561372
0.03288205,0.6299936,0.4409955200000001,0.2513226502018911,0.04867734979810887,0.3,2e-09,0.7000000000000001,0.004658420923206961,0.8136224617041853,-1794.8679999999999382,-1612.3959999999999582,-1765.2604887587981466,-53430.823915374450735,-53071.7730925967262,-53372.565107055612316
0.03288836,0.5620813,0.39345691000000005,0.2513226502018911,0.04867734979810887,0.3,2e-09,0.7000000000000001,0.004658420923206961,0.8136224617041853,-1718.1230000000000473,-1543.4559999999999036,-1689.7819111427122607,-51136.455206035687297,-50792.807195971465262,-51080.695624724619847
0.03289393,0.5149206,0.36044442,0.2513226502018911,0.04867734979810887,0.3,2e-09,0.7000000000000001,0.004658420923206961,0.8136224617041853,-1659.6820000000000164,-1490.9619999999999891,-1632.3058584735433669,-49388.78476102555578,-49056.84134476766485,-49334.924341737671057
0.03292023,0.1767901,0.12375307000000002,0.2513226502018911,0.04867734979810887,0.3,2e-09,0.7000000000000001,0.004658420923206961,0.8136224617041853,-998.223700000000008,-903.83579999999994925,-982.90852391663690923,-29711.440171910566278,-29535.81114534083099,-29682.942986707108503
0.03293581,0.4505103,0.31535721,0.2513226502018911,0.04867734979810887,0.3,2e-09,0.7000000000000001,0.004658420923206961,0.8136224617041853,-1573.0239999999998872,-1413.3160000000000309,-1547.1101260614784678,-46751.719374887084996,-46438.08850640599121,-46700.83030991195119
0.0330265,0.4054753,0.28383271,0.2513226502018911,0.04867734979810887,0.3,2e-09,0.7000000000000001,0.004658420923206961,0.8136224617041853,-1508.0599999999999454,-1355.4100000000000819,-1483.291341844395447,-44700.455553047118883,-44401.98898678222031,-44652.027014883387892
0.03305695,0.3550517,0.24853619000000005,0.2513226502018911,0.04867734979810887,0.3,2e-09,0.7000000000000001,0.004658420923206961,0.8136224617041853,-1423.1449999999999818,-1279.2260000000001128,-1399.7930149813530534,-42145.383401333529036,-41864.463993137505895,-42099.802027007412107
0.03306255,0.06999204,0.048994428000000007,0.2513226502018911,0.04867734979810887,0.3,2e-09,0.7000000000000001,0.004658420923206961,0.8136224617041853,-515.7504000000000133,-447.6752999999999929,-504.70468181586250012,-15198.368743484614242,-15042.378295472663012,-15173.058071474475582
0.03306854,0.2831636,0.19821452000000003,0.2513226502018911,0.04867734979810887,0.3,2e-09,0.7000000000000001,0.004658420923206961,0.8136224617041853,-1280.0869999999999891,-1150.4020000000000437,-1259.0445929714408067,-37894.507187438954134,-37640.125001963642717,-37853.231685356324306
0.03309086,0.3279735,0.22958145,0.2513226502018911,0.04867734979810887,0.3,2e-09,0.7000000000000001,0.004658420923206961,0.8136224617041853,-1373.8460000000000036,-1234.9559999999999036,-1351.3100096218020099,-40644.297703397001897,-40372.94961730013165,-40600.269351050381374
0.03313486,0.3702755,0.25919285000000003,0.2513226502018911,0.04867734979810887,0.3,2e-09,0.7000000000000001,0.004658420923206961,0.8136224617041853,-1453.7639999999998963,-1307.1140000000000327,-1429.968888840357522,-42953.064745405987196,-42667.63995613460429,-42906.75233771126659
0.03314273,0.09777309,0.06844116300000001,0.2513226502018911,0.04867734979810887,0.3,2e-09,0.7000000000000001,0.004658420923206961,0.8136224617041853,-694.20060000000000855,-635.41459999999995034,-684.66211104922786035,-20553.186303054422751,-20446.965390749974176,-20535.951128040695039
0.03314463,0.2155834,0.15090838,0.2513226502018911,0.04867734979810887,0.3,2e-09,0.7000000000000001,0.004658420923206961,0.8136224617041853,-1115.1690000000000964,-1002.7799999999999727,-1096.9330044451344293,-32939.003828070395684,-32722.022197238933586,-32903.796858924572007
0.03339654,0.04366038,0.030562266,0.2513226502018911,0.04867734979810887,0.3,2e-09,0.7000000000000001,0.004658420923206961,0.8136224617041853,-353.51679999999998927,-324.6494000000000142,-348.8328382414601947,-10385.2452741617453285,-10340.553675986982853,-10377.99371230377983
0.03343834,0.09152624,0.064068368,0.2513226502018911,0.04867734979810887,0.3,2e-09,0.7000000000000001,0.004658420923206961,0.8136224617041853,-669.4152000000000271,-617.9379000000000133,-661.06260487079271115,-19666.52106950392772,-19586.705135057523876,-19653.570308968890458
0.03348898,0.1827122,0.12789854,0.2513226502018911,0.04867734979810887,0.3,2e-09,0.7000000000000001,0.004658420923206961,0.8136224617041853,-1036.2280000000000655,-940.51269999999999527,-1020.6974428695635879,-30332.170475311060727,-30157.193015995049791,-30303.779011998027272
0.03357325,0.1358756,0.09511292000000002,0.2513226502018911,0.04867734979810887,0.3,2e-09,0.7000000000000001,0.004658420923206961,0.8136224617041853,-874.75950000000000273,-800.4824999999999591,-862.7074749634861064,-25569.264199438843207,-25442.478898507873964,-25548.692291296592884
0.03361596,0.1451152,0.10158064000000001,0.2513226502018911,0.04867734979810887,0.3,2e-09,0.7000000000000001,0.004658420923206961,0.8136224617041853,-905.6631999999999607,-819.3062999999999647,-891.65111657073225615,-26398.729747347722878,-26233.783841511864011,-26371.96598216059283
0.03361843,0.1,0.07,0.2513226502018911,0.04867734979810887,0.3,2e-09,0.7000000000000001,0.004658420923206961,0.8136224617041853,-712.12199999999995725,-648.3369999999999891,-701.7723841437586998,-20772.551317223475053,-20652.920837002460758,-20753.140334782692662
0.03365804,0.2465691,0.17259837000000003,0.2513226502018911,0.04867734979810887,0.3,2e-09,0.7000000000000001,0.004658420923206961,0.8136224617041853,-1212.099999999999909,-1087.8869999999999436,-1191.9454678317581511,-35250.57523236940324,-35010.12137024111871,-35211.559709845649195
0.03385135,0.3157708,0.22103956000000002,0.2513226502018911,0.04867734979810887,0.3,2e-09,0.7000000000000001,0.004658420923206961,0.8136224617041853,-1380.6539999999999964,-1244.8650000000000091,-1358.621171160881886,-39949.035976197475975,-39694.34661135228089,-39907.710631856047257
0.03395252,0.06529924,0.045709468,0.2513226502018911,0.04867734979810887,0.3,2e-09,0.7000000000000001,0.004658420923206961,0.8136224617041853,-505.86470000000002756,-445.43770000000000664,-496.0599459458322258,-14545.720292221252748,-14412.683942345485775,-14524.1341024253633805
0.03407409,0.2640444,0.18483108000000004,0.2513226502018911,0.04867734979810887,0.3,2e-09,0.7000000000000001,0.004658420923206961,0.8136224617041853,-1273.9970000000000709,-1149.69399999999996,-1253.8278646268188368,-36627.27599873977306,-36397.31814347778709,-36589.963535541734018
0.03412443,0.03890144,0.027231008000000004,0.2513226502018911,0.04867734979810887,0.3,2e-09,0.7000000000000001,0.004658420923206961,0.8136224617041853,-316.07220000000000937,-283.76420000000001664,-310.82997394240896938,-9058.886622625408563,-9001.055664347113634,-9049.5030966744998295
0.03447259,0.1044324,0.07310268,0.2513226502018911,0.04867734979810887,0.3,2e-09,0.7000000000000001,0.004658420923206961,0.8136224617041853,-743.5728000000000293,-668.35540000000003147,-731.3681876976523881,-21119.667375221168186,-20971.810927440408705,-21095.676508459400793
0.03497539,0.1231074,0.08617518000000002,0.2513226502018911,0.04867734979810887,0.3,2e-09,0.7000000000000001,0.004658420923206961,0.8136224617041853,-835.926900000000046,-750.2154000000000451,-822.019537775931326,-23397.5346088958795,-23242.158834835779999,-23372.32367254896235
0.03007457,0.07570502,0.0537505642,0.2513226502018911,0.04867734979810887,0.3,2e-09,0.7100000000000001,0.004725298877123497,0.826554274315692,-502.41890000000000782,-433.37930000000000064,-491.2166841362615628,-16256.592832828129758,-16082.907824993388203,-16228.411079891264308
0.03007474,0.009187887,0.006523399770000001,0.2513226502018911,0.04867734979810887,0.3,2e-09,0.7100000000000001,0.004725298877123497,0.826554274315692,-44.856220000000000425,-43.80566999999999922,-44.68576003389865292,-1449.3922036617454978,-1445.7713426683042144,-1448.8046906045851756
0.03007584,0.266795,0.18942445000000002,0.2513226502018911,0.04867734979810887,0.3,2e-09,0.7100000000000001,0.004725298877123497,0.826554274315692,-1146.4880000000000564,-1021.63999999999998636,-1126.230434108018926,-37260.309109110523423,-36980.340153755430947,-37214.881953202420846
0.03012058,0.01156686,0.0082124706,0.2513226502018911,0.04867734979810887,0.3,2e-09,0.7100000000000001,0.004725298877123497,0.826554274315692,-64.31838000000000477,-61.909610000000000696,-63.927538200422695525,-2085.4562176283484405,-2077.3873862304467366,-2084.1469865336230214
0.03014242,0.01833214,0.013015819400000002,0.2513226502018911,0.04867734979810887,0.3,2e-09,0.7100000000000001,0.004725298877123497,0.826554274315692,-121.86430000000000007,-111.0870000000000033,-120.115598660069466064,-3947.0805270608830142,-3913.1058364079704006,-3941.5678673902348237
0.03017799,0.249135,0.17688585,0.2513226502018911,0.04867734979810887,0.3,2e-09,0.7100000000000001,0.004725298877123497,0.826554274315692,-1107.4880000000000564,-982.63160000000004857,-1087.2290711422247114,-35851.59184918756364,-35565.073733928074944,-35805.102040787620354
0.03018026,0.01456182,0.010338892200000002,0.2513226502018911,0.04867734979810887,0.3,2e-09,0.7100000000000001,0.004725298877123497,0.826554274315692,-90.081469999999995935,-84.80088999999999544,-89.224654534010326756,-2918.912916882281479,-2901.755687113782642,-2916.1290219655888905
0.03025919,0.1020988,0.072490148,0.2513226502018911,0.04867734979810887,0.3,2e-09,0.7100000000000001,0.004725298877123497,0.826554274315692,-653.9741000000000213,-587.6032999999999902,-643.20491784006560465,-21147.546292022601847,-20997.662154484354687,-21123.226416715475352
0.03026748,0.08946712,0.0635216552,0.2513226502018911,0.04867734979810887,0.3,2e-09,0.7100000000000001,0.004725298877123497,0.826554274315692,-596.7907000000000153,-544.332300000000032,-588.2789137111695936,-19328.988519526770688,-19233.11821428850817,-19313.432811582322756
0.03028796,0.08371742,0.05943936820000001,0.2513226502018911,0.04867734979810887,0.3,2e-09,0.7100000000000001,0.004725298877123497,0.826554274315692,-558.66819999999995616,-499.4042999999999779,-549.0521680309993826,-18032.85713519314595,-17909.160398382598942,-18012.786370771107613
0.03030274,0.03655559,0.025954468900000003,0.2513226502018911,0.04867734979810887,0.3,2e-09,0.7100000000000001,0.004725298877123497,0.826554274315692,-261.18700000000001182,-227.76619999999999777,-255.76421342622452926,-8391.441993283799093,-8312.735704354110567,-8378.671281425327834
0.03034197,0.05491381,0.0389888051,0.2513226502018911,0.04867734979810887,0.3,2e-09,0.7100000000000001,0.004725298877123497,0.826554274315692,-404.68500000000000227,-370.93290000000001783,-399.2084574062641309,-13081.5013459555793816,-13012.841587025872286,-13070.36076228066122
0.03037699,0.1672442,0.11874338200000002,0.2513226502018911,0.04867734979810887,0.3,2e-09,0.7100000000000001,0.004725298877123497,0.826554274315692,-889.93889999999998963,-786.5397000000000389,-873.16156990918454994,-28605.583268969672645,-28369.587697933457093,-28567.291139095890685
0.03046442,0.007298198,0.00518172058,0.2513226502018911,0.04867734979810887,0.3,2e-09,0.7100000000000001,0.004725298877123497,0.826554274315692,-31.202660000000001617,-30.756850000000000023,-31.13032383562168448,-986.15212421977309987,-984.6062382757049818,-985.9012921169484116
0.03049471,0.1515257,0.10758324700000002,0.2513226502018911,0.04867734979810887,0.3,2e-09,0.7100000000000001,0.004725298877123497,0.826554274315692,-845.85149999999998727,-749.9854000000000269,-830.2964743883983374,-27096.529665021498658,-26873.528096751648263,-27060.345913874167309
0.03050962,0.120361,0.08545631000000001,0.2513226502018911,0.04867734979810887,0.3,2e-09,0.7100000000000001,0.004725298877123497,0.826554274315692,-720.4536000000000513,-629.973700000000008,-705.7725275266735707,-23024.699135530965577,-22810.503402077974897,-22989.944200055786496
0.03051855,0.1164659,0.082690789,0.2513226502018911,0.04867734979810887,0.3,2e-09,0.7100000000000001,0.004725298877123497,0.826554274315692,-703.05160000000000764,-611.165300000000002,-688.1423281108200172,-22445.477257565824402,-22220.211828158204298,-22408.92617721683564
0.03075728,0.04634985,0.0329083935,0.2513226502018911,0.04867734979810887,0.3,2e-09,0.7100000000000001,0.004725298877123497,0.826554274315692,-347.56790000000000873,-319.61110000000002174,-343.03169022388073017,-11085.432615148101831,-11038.951602880570135,-11077.8907068377120595
0.03099453,0.2038362,0.144723702,0.2513226502018911,0.04867734979810887,0.3,2e-09,0.7100000000000001,0.004725298877123497,0.826554274315692,-1018.4070000000000391,-902.7984000000000151,-999.6485991271010789,-32100.3628075764791,-31841.01153716171757,-32058.281032541264722
0.03102753,0.2762285,0.196122235,0.2513226502018911,0.04867734979810887,0.3,2e-09,0.7100000000000001,0.004725298877123497,0.826554274315692,-1203.9179999999998927,-1077.5,-1183.405689310741991,-37955.515357397664047,-37685.643660163004824,-37911.726560707989847
0.0311534,0.2577755,0.183020605,0.2513226502018911,0.04867734979810887,0.3,2e-09,0.7100000000000001,0.004725298877123497,0.826554274315692,-1163.30600000000004,-1037.2239999999999327,-1142.8482079425159554,-36509.807900106170564,-36237.60306410735211,-36465.64053337732912
0.03127168,0.05278105,0.037474545500000005,0.2513226502018911,0.04867734979810887,0.3,2e-09,0.7100000000000001,0.004725298877123497,0.826554274315692,-402.88850000000002183,-372.25740000000001828,-397.918364101997156,-12651.475813636501698,-12596.981640920366772,-12642.633707278961083
0.03133491,0.0286045,0.020309195000000002,0.2513226502018911,0.04867734979810887,0.3,2e-09,0.7100000000000001,0.004725298877123497,0.826554274315692,-207.56469999999998777,-178.40579999999999927,-202.83344008323970797,-6434.9891460232729514,-6357.9212528555972312,-6422.4842767101854406
0.03135752,0.05923627,0.04205775170000001,0.2513226502018911,0.04867734979810887,0.3,2e-09,0.7100000000000001,0.004725298877123497,0.826554274315692,-442.29309999999998126,-399.05480000000000018,-435.277347154081383,-13809.502468631433658,-13712.182432616247752,-13793.71153051318106
0.03146288,0.04181105,0.029685845500000006,0.2513226502018911,0.04867734979810887,0.3,2e-09,0.7100000000000001,0.004725298877123497,0.826554274315692,-316.06990000000001828,-285.49680000000000746,-311.10917505629146262,-9830.578660983232112,-9773.869059698834462,-9821.377083987790684
0.03154088,0.2107049,0.149600479,0.2513226502018911,0.04867734979810887,0.3,2e-09,0.7100000000000001,0.004725298877123497,0.826554274315692,-1055.7280000000000655,-939.4994000000000369,-1036.8689992708516456,-32719.950738478612038,-32470.602360875920567,-32679.49201115141841
0.03158543,0.1972051,0.140015621,0.2513226502018911,0.04867734979810887,0.3,2e-09,0.7100000000000001,0.004725298877123497,0.826554274315692,-1022.3490000000000464,-911.99749999999994543,-1004.44360477917996377,-31651.361607729300886,-31413.195970045999275,-31612.717367544631998
0.03163877,0.0485157,0.034446147,0.2513226502018911,0.04867734979810887,0.3,2e-09,0.7100000000000001,0.004725298877123497,0.826554274315692,-375.33449999999999136,-347.53410000000002356,-370.82366734890882753,-11651.719885427801273,-11608.193953205112848,-11644.657462000825035
0.03182768,0.05706252,0.0405143892,0.2513226502018911,0.04867734979810887,0.3,2e-09,0.7100000000000001,0.004725298877123497,0.826554274315692,-437.0262000000000171,-398.89699999999999136,-430.8394386469264532,-13464.820524539502003,-13386.608373191269493,-13452.129990374032786
0.03184433,0.05065309,0.0359636939,0.2513226502018911,0.04867734979810887,0.3,2e-09,0.7100000000000001,0.004725298877123497,0.826554274315692,-394.58929999999998017,-365.93479999999999563,-389.93988293403356238,-12174.568971697535744,-12128.545917049381387,-12167.101370597916684
0.03187445,0.2965129,0.21052415900000004,0.2513226502018911,0.04867734979810887,0.3,2e-09,0.7100000000000001,0.004725298877123497,0.826554274315692,-1276.3559999999999945,-1141.5619999999998981,-1254.4846177043789339,-39173.115104020871513,-38892.226595425272535,-39127.538743396944483
0.03189616,0.07318017,0.05195792070000001,0.2513226502018911,0.04867734979810887,0.3,2e-09,0.7100000000000001,0.004725298877123497,0.826554274315692,-517.005800000000022,-447.32159999999998945,-505.6989927373286946,-15785.041870367442243,-15620.008143828494212,-15758.263855583367331
0.03194061,0.07829993,0.055592950300000006,0.2513226502018911,0.04867734979810887,0.3,2e-09,0.7100000000000001,0.004725298877123497,0.826554274315692,-549.7192000000000007,-482.501199999999983,-538.8125530042357241,-16791.065506929957337,-16643.771502898980543,-16767.16590107202137
0.03212754,0.02306464,0.016375894400000004,0.2513226502018911,0.04867734979810887,0.3,2e-09,0.7100000000000001,0.004725298877123497,0.826554274315692,-169.455600000000004,-149.75030000000000996,-166.25826073007775108,-5139.059421270059829,-5085.4354811667117247,-5130.358516970180972
0.03213306,0.08654861,0.061449513100000006,0.2513226502018911,0.04867734979810887,0.3,2e-09,0.7100000000000001,0.004725298877123497,0.826554274315692,-612.61360000000001946,-557.1653999999999769,-603.61669524308160817,-18688.699022153981787,-18591.022007125939126,-18672.850161394795578
0.03214155,0.1090483,0.077424293,0.2513226502018911,0.04867734979810887,0.3,2e-09,0.7100000000000001,0.004725298877123497,0.826554274315692,-713.4876000000000431,-629.891399999999976,-699.9234617693578002,-21678.645720288626762,-21489.165766558639007,-21647.901113663810975
0.03226697,0.1418779,0.10073330900000001,0.2513226502018911,0.04867734979810887,0.3,2e-09,0.7100000000000001,0.004725298877123497,0.826554274315692,-870.1938000000000102,-791.315900000000056,-857.39524290119913985,-26441.562446862040815,-26291.757136376607377,-26417.255361861658457
0.03228812,0.1565932,0.11118117200000001,0.2513226502018911,0.04867734979810887,0.3,2e-09,0.7100000000000001,0.004725298877123497,0.826554274315692,-906.6227000000000089,-803.06899999999996,-889.82030107403852526,-27435.375100894212665,-27209.857988011364796,-27398.783182930019393
0.03246123,0.1846102,0.131073242,0.2513226502018911,0.04867734979810887,0.3,2e-09,0.7100000000000001,0.004725298877123497,0.826554274315692,-1020.76300000000003365,-924.25469999999995707,-1005.10377240826380785,-30815.135731672922702,-30630.08550670090699,-30785.10988323564743
0.03253281,0.1618307,0.11489979700000001,0.2513226502018911,0.04867734979810887,0.3,2e-09,0.7100000000000001,0.004725298877123497,0.826554274315692,-929.81370000000003984,-823.5661999999999807,-912.57421092441802557,-27926.024715680850932,-27699.907624047333229,-27889.335446464927372
0.03253908,0.1328444,0.09431952400000002,0.2513226502018911,0.04867734979810887,0.3,2e-09,0.7100000000000001,0.004725298877123497,0.826554274315692,-838.9312999999999647,-763.148900000000026,-826.63501202219924835,-25280.222079424689582,-25143.677949143799196,-25258.066724782816891
0.03266321,0.3446014,0.24466699400000003,0.2513226502018911,0.04867734979810887,0.3,2e-09,0.7100000000000001,0.004725298877123497,0.826554274315692,-1404.4849999999999,-1260.5360000000000582,-1381.1281472463731461,-42089.595703223945748,-41802.39877738476207,-42042.995752490562154
0.03269126,0.08096928,0.057488188800000006,0.2513226502018911,0.04867734979810887,0.3,2e-09,0.7100000000000001,0.004725298877123497,0.826554274315692,-581.50300000000004275,-517.71050000000002456,-571.1521672100137721,-17388.594653331689187,-17261.540850577417586,-17367.97917866552234
0.03271987,0.1285457,0.09126744700000002,0.2513226502018911,0.04867734979810887,0.3,2e-09,0.7100000000000001,0.004725298877123497,0.826554274315692,-818.87180000000000746,-738.4940000000000282,-805.8298723779918191,-24511.192793918504321,-24360.187166982570488,-24486.69094817235964
0.0327206,0.2328754,0.165341534,0.2513226502018911,0.04867734979810887,0.3,2e-09,0.7100000000000001,0.004725298877123497,0.826554274315692,-1163.8409999999998945,-1049.0860000000000127,-1145.2211024130599526,-34836.803276489205018,-34612.38312572734867,-34800.389349221273733
0.03274698,0.0332056,0.023575976000000005,0.2513226502018911,0.04867734979810887,0.3,2e-09,0.7100000000000001,0.004725298877123497,0.826554274315692,-253.42140000000000555,-220.03020000000000778,-248.00341625807126889,-7532.469627016720551,-7456.7623858365059277,-7520.1855341461232456
0.03280913,0.09558297,0.0678639087,0.2513226502018911,0.04867734979810887,0.3,2e-09,0.7100000000000001,0.004725298877123497,0.826554274315692,-682.00480000000004566,-627.8352999999999611,-673.2153743337044034,-20414.59772321636774,-20323.437741404773988,-20399.806302142260392
0.03284953,0.06832247,0.0485089537,0.2513226502018911,0.04867734979810887,0.3,2e-09,0.7100000000000001,0.004725298877123497,0.826554274315692,-506.3616000000000099,-441.3102000000000089,-495.80650082447766636,-15028.317560394503744,-14877.082638654952461,-15003.778509770483652
0.03285285,0.3074744,0.218306824,0.2513226502018911,0.04867734979810887,0.3,2e-09,0.7100000000000001,0.004725298877123497,0.826554274315692,-1338.7270000000000891,-1202.5180000000000291,-1316.6260228711646505,-39892.81372006853053,-39624.21966384480038,-39849.232230640212947
0.03290248,0.06144277,0.04362436670000001,0.2513226502018911,0.04867734979810887,0.3,2e-09,0.7100000000000001,0.004725298877123497,0.826554274315692,-474.83220000000000027,-425.71920000000000073,-466.86323106455154175,-14121.928165305251241,-14014.344960367776366,-14104.471947641441147
0.03292273,0.06368873,0.04521899830000001,0.2513226502018911,0.04867734979810887,0.3,2e-09,0.7100000000000001,0.004725298877123497,0.826554274315692,-485.783299999999997,-430.813699999999983,-476.86405184179290018,-14418.347268150824675,-14293.9330377227906865,-14398.160084769462628
0.03301841,0.3910649,0.277656079,0.2513226502018911,0.04867734979810887,0.3,2e-09,0.7100000000000001,0.004725298877123497,0.826554274315692,-1503.4680000000000746,-1351.4210000000000491,-1478.7971833174897256,-44582.963464908891183,-44285.376724259760522,-44534.677685342699988
0.0330528,0.1907999,0.13546792900000001,0.2513226502018911,0.04867734979810887,0.3,2e-09,0.7100000000000001,0.004725298877123497,0.826554274315692,-1055.2180000000000746,-952.5044000000000324,-1038.5519138792565172,-31275.717184242952499,-31076.465681965273689,-31243.387067329051206
0.03313113,0.09878876,0.0701400196,0.2513226502018911,0.04867734979810887,0.3,2e-09,0.7100000000000001,0.004725298877123497,0.826554274315692,-702.90380000000004657,-643.6231000000000222,-693.28504209941081626,-20822.489025443748687,-20715.5530791010533,-20805.137830556694098
0.03319619,0.4309609,0.30598223900000004,0.2513226502018911,0.04867734979810887,0.3,2e-09,0.7100000000000001,0.004725298877123497,0.826554274315692,-1577.0309999999999491,-1418.6030000000000655,-1551.3248160872838071,-46520.0017912561525,-46212.841454671019164,-46470.162620762617735
0.03320574,1.157887,0.8220997700000001,0.2513226502018911,0.04867734979810887,0.3,2e-09,0.7100000000000001,0.004725298877123497,0.826554274315692,-2275.8859999999999673,-2047.696999999999889,-2238.8605474230644177,-67118.09931921074167,-66676.76153410082043,-67046.488806727677
0.03321121,0.4845031,0.34399720100000003,0.2513226502018911,0.04867734979810887,0.3,2e-09,0.7100000000000001,0.004725298877123497,0.826554274315692,-1657.5460000000000491,-1491.1759999999999309,-1630.551164380295404,-48873.742415213586355,-48551.612391649563506,-48821.47429575525166
0.0332135,0.9210842,0.6539697820000001,0.2513226502018911,0.04867734979810887,0.3,2e-09,0.7100000000000001,0.004725298877123497,0.826554274315692,-2110.3580000000001746,-1898.775000000000091,-2076.0270009922223835,-62222.091518680768786,-61812.98728640536865,-62155.71115261958039
0.033222,0.7472745,0.530564895,0.2513226502018911,0.04867734979810887,0.3,2e-09,0.7100000000000001,0.004725298877123497,0.826554274315692,-1961.0940000000000509,-1764.4849999999999,-1929.1926497784786534,-57806.48128109870595,-57426.406302224211686,-57744.811138778095483
0.03322983,0.637696,0.4527641600000001,0.2513226502018911,0.04867734979810887,0.3,2e-09,0.7100000000000001,0.004725298877123497,0.826554274315692,-1849.3540000000000418,-1663.9519999999999982,-1819.271073309103258,-54499.930113559828897,-54141.587954190268647,-54441.78629142968566
0.0332354,0.5685995,0.40370564500000006,0.2513226502018911,0.04867734979810887,0.3,2e-09,0.7100000000000001,0.004725298877123497,0.826554274315692,-1769.4259999999999309,-1592.0380000000000109,-1740.6434075800434584,-52135.779241207208543,-51792.921151953742083,-52080.147830734866147
0.03324117,0.5207011,0.36969778100000006,0.2513226502018911,0.04867734979810887,0.3,2e-09,0.7100000000000001,0.004725298877123497,0.826554274315692,-1708.6849999999999454,-1537.3930000000000291,-1680.8915313279410384,-50337.397560411955055,-50006.358728856313974,-50283.683917077316437
0.03326307,0.09247717,0.06565879070000001,0.2513226502018911,0.04867734979810887,0.3,2e-09,0.7100000000000001,0.004725298877123497,0.826554274315692,-674.1529000000000451,-622.086400000000026,-665.7047025557892539,-19911.635638511834259,-19830.115225060893863,-19898.408312907708023
0.03328497,0.4553979,0.32333250900000005,0.2513226502018911,0.04867734979810887,0.3,2e-09,0.7100000000000001,0.004725298877123497,0.826554274315692,-1618.7970000000000255,-1456.7300000000000182,-1592.5003598342327678,-47627.7800833954243,-47315.135384409826656,-47577.051032145267527
0.03331734,0.2408435,0.17099888500000002,0.2513226502018911,0.04867734979810887,0.3,2e-09,0.7100000000000001,0.004725298877123497,0.826554274315692,-1202.0109999999999673,-1081.1720000000000255,-1182.4039257591543901,-35328.544317553583824,-35093.160210541034758,-35290.351402507032617
0.03332382,0.2252086,0.159898106,0.2513226502018911,0.04867734979810887,0.3,2e-09,0.7100000000000001,0.004725298877123497,0.826554274315692,-1164.0,-1051.8209999999999127,-1145.7980785899931107,-34225.467907423364522,-34014.691493133010226,-34191.26778326468775
0.03332926,0.07072087,0.05021181770000001,0.2513226502018911,0.04867734979810887,0.3,2e-09,0.7100000000000001,0.004725298877123497,0.826554274315692,-525.82519999999999527,-457.45060000000000855,-514.73088559498069117,-15378.767404983198503,-15224.478273384018394,-15353.732784886866284
0.03333262,0.2178241,0.154655111,0.2513226502018911,0.04867734979810887,0.3,2e-09,0.7100000000000001,0.004725298877123497,0.826554274315692,-1139.3949999999999818,-1025.5519999999999072,-1120.9230815564462773,-33475.436380595281662,-33257.82521312504832,-33440.127264198868943
0.03337766,0.4098021,0.290959491,0.2513226502018911,0.04867734979810887,0.3,2e-09,0.7100000000000001,0.004725298877123497,0.826554274315692,-1551.4929999999999382,-1396.6449999999999818,-1526.3676991282079598,-45523.491941496205982,-45226.153543995445943,-45475.246457551023923
0.03338622,0.1,0.07100000000000001,0.2513226502018911,0.04867734979810887,0.3,2e-09,0.7100000000000001,0.004725298877123497,0.826554274315692,-712.8713000000000193,-651.02350000000001273,-702.83601001718841417,-20950.050304731081269,-20836.167702049981017,-20931.57196044232478
0.03339609,0.1126965,0.08001451500000001,0.2513226502018911,0.04867734979810887,0.3,2e-09,0.7100000000000001,0.004725298877123497,0.826554274315692,-752.5063999999999851,-662.5748999999999569,-737.9143097221044627,-22002.002115152110491,-21807.907057059383078,-21970.508671695894009
0.03339657,0.3587931,0.254743101,0.2513226502018911,0.04867734979810887,0.3,2e-09,0.7100000000000001,0.004725298877123497,0.826554274315692,-1463.02800000000002,-1317.0889999999999418,-1439.3482541593791666,-42903.89159450751322,-42623.944337237844593,-42858.46795928372012
0.0334672,0.3314134,0.23530351400000005,0.2513226502018911,0.04867734979810887,0.3,2e-09,0.7100000000000001,0.004725298877123497,0.826554274315692,-1413.5440000000000964,-1272.7570000000000618,-1390.7002065132455755,-41366.80002700098703,-41096.969967533841555,-41323.017986365230172
0.03346979,0.2861178,0.20314363800000002,0.2513226502018911,0.04867734979810887,0.3,2e-09,0.7100000000000001,0.004725298877123497,0.826554274315692,-1317.4860000000001037,-1186.1030000000000655,-1296.1680791715834857,-38551.826410162197135,-38299.324978661548812,-38510.85607514325966
0.03350003,0.1786265,0.126824815,0.2513226502018911,0.04867734979810887,0.3,2e-09,0.7100000000000001,0.004725298877123497,0.826554274315692,-1031.071999999999889,-935.5060999999999467,-1015.56568418976280554,-30174.086347305594245,-30001.300236877275893,-30146.05044751368041
0.0335004,0.3741898,0.26567475800000007,0.2513226502018911,0.04867734979810887,0.3,2e-09,0.7100000000000001,0.004725298877123497,0.826554274315692,-1495.8199999999999363,-1347.1089999999999236,-1471.6904754472445802,-43732.466744539771753,-43448.378290346619906,-43686.37116767855332
0.0335465,0.1728405,0.12271675500000002,0.2513226502018911,0.04867734979810887,0.3,2e-09,0.7100000000000001,0.004725298877123497,0.826554274315692,-1006.70299999999997453,-907.5846000000000231,-990.6202632392370333,-29394.949018336454174,-29209.80338516673146,-29364.907689171803213
0.03358374,0.0441286,0.031331306,0.2513226502018911,0.04867734979810887,0.3,2e-09,0.7100000000000001,0.004725298877123497,0.826554274315692,-358.54009999999999536,-329.4245000000000232,-353.81586584739392265,-10476.783704048386426,-10431.920929728968986,-10469.504367520186861
0.03410381,0.1466224,0.10410190400000002,0.2513226502018911,0.04867734979810887,0.3,2e-09,0.7100000000000001,0.004725298877123497,0.826554274315692,-932.17999999999995,-845.00270000000000437,-918.0348002448176885,-26796.52700926853504,-26634.149692216549738,-26770.18001773047581
0.03415822,0.1372869,0.097473699,0.2513226502018911,0.04867734979810887,0.3,2e-09,0.7100000000000001,0.004725298877123497,0.826554274315692,-902.426900000000046,-827.2826000000000022,-890.23414874521984075,-25939.064282174982509,-25814.344000978679105,-25918.827439659278753
0.03422532,0.319077,0.22654467000000003,0.2513226502018911,0.04867734979810887,0.3,2e-09,0.7100000000000001,0.004725298877123497,0.826554274315692,-1419.9549999999999272,-1282.3420000000000982,-1397.626212874109342,-40654.663154678841238,-40401.360913624361274,-40613.562882037324016
0.03422796,0.03932927,0.027923781700000004,0.2513226502018911,0.04867734979810887,0.3,2e-09,0.7100000000000001,0.004725298877123497,0.826554274315692,-319.73750000000001137,-287.3036000000000172,-314.47484568127703142,-9138.814353531231973,-9081.046958438553702,-9129.441141205057647
0.0342869,0.06598013,0.046845892300000004,0.2513226502018911,0.04867734979810887,0.3,2e-09,0.7100000000000001,0.004725298877123497,0.826554274315692,-516.4555000000000291,-455.811300000000017,-506.6155035445784165,-14712.806676231441088,-14581.771674714591427,-14691.545220882668218
0.03434542,0.1243861,0.088314131,0.2513226502018911,0.04867734979810887,0.3,2e-09,0.7100000000000001,0.004725298877123497,0.826554274315692,-832.516399999999976,-745.9538000000000011,-818.47094013455398454,-23725.708172725542681,-23564.354313028939941,-23699.527245159784798
0.0347679,0.1055172,0.07491721200000001,0.2513226502018911,0.04867734979810887,0.3,2e-09,0.7100000000000001,0.004725298877123497,0.826554274315692,-759.9257999999999811,-684.18629999999996016,-747.63647288322033546,-21409.756496565169073,-21263.300929580374941,-21385.99293368517101
0.03004065,0.1746296,0.125733312,0.2513226502018911,0.04867734979810887,0.3,2e-09,0.7200000000000001,0.004791852382435096,0.8394692739640233,-917.1336000000000013,-817.5216000000000349,-900.97077277303583287,-29846.121713025841018,-29625.408727737918525,-29810.309302393023245
0.03008461,0.06903183,0.04970291760000001,0.2513226502018911,0.04867734979810887,0.3,2e-09,0.7200000000000001,0.004791852382435096,0.8394692739640233,-470.02249999999997954,-405.21199999999998909,-459.50648873636549752,-15205.595186834611013,-15033.094487908059818,-15177.6055972943904635
0.03009297,0.007399111,0.005327359920000001,0.2513226502018911,0.04867734979810887,0.3,2e-09,0.7200000000000001,0.004791852382435096,0.8394692739640233,-30.939009999999999678,-30.493300000000001404,-30.866690061404948864,-989.57710781559251245,-988.00830260970690233,-989.3225568830191605
0.0301002,0.0117268,0.008443296000000001,0.2513226502018911,0.04867734979810887,0.3,2e-09,0.7200000000000001,0.004791852382435096,0.8394692739640233,-64.60079000000000349,-62.188580000000001746,-64.20939003347834273,-2096.3469029858724753,-2088.2922478456366662,-2095.0399720999907913
0.03013294,0.0185856,0.013381632000000003,0.2513226502018911,0.04867734979810887,0.3,2e-09,0.7200000000000001,0.004791852382435096,0.8394692739640233,-122.70040000000000191,-111.90779999999999461,-120.949216115229759794,-3976.2926121007931215,-3942.3844997855312613,-3970.790755286914191
0.0301592,0.0845846,0.060900912,0.2513226502018911,0.04867734979810887,0.3,2e-09,0.7200000000000001,0.004791852382435096,0.8394692739640233,-562.8268000000000484,-502.9596000000000231,-553.11287788055551573,-18246.44626449716452,-18120.512019049074297,-18226.012446773038391
0.03016866,0.009314929,0.00670674888,0.2513226502018911,0.04867734979810887,0.3,2e-09,0.7200000000000001,0.004791852382435096,0.8394692739640233,-45.17896999999999963,-44.126690000000003522,-45.00822932784814867,-1455.612145384936639,-1452.0196249801533668,-1455.0292308102682455
0.03018854,0.1066095,0.07675884000000001,0.2513226502018911,0.04867734979810887,0.3,2e-09,0.7200000000000001,0.004791852382435096,0.8394692739640233,-670.6413000000000011,-595.1657000000000153,-658.39479272525943543,-21705.61700517922145,-21524.259396456647664,-21676.19031265142985
0.0301937,0.01476317,0.010629482400000001,0.2513226502018911,0.04867734979810887,0.3,2e-09,0.7200000000000001,0.004791852382435096,0.8394692739640233,-90.666349999999994225,-85.37730999999999426,-89.80816183274602338,-2937.1387904693897326,-2920.0346236941486495,-2934.3635054389774268
0.03023455,0.07648986,0.05507269920000001,0.2513226502018911,0.04867734979810887,0.3,2e-09,0.7200000000000001,0.004791852382435096,0.8394692739640233,-510.8550999999999931,-441.3802000000000021,-499.58225330170449752,-16448.755054856643255,-16275.730073129081575,-16420.680396325431502
0.03024895,0.06666565,0.04799926800000001,0.2513226502018911,0.04867734979810887,0.3,2e-09,0.7200000000000001,0.004791852382435096,0.8394692739640233,-462.0688000000000102,-401.83220000000000027,-452.294939837170773,-14884.174304777363432,-14726.050431914998626,-14858.517467874853537
0.03034306,0.3224054,0.23213188800000004,0.2513226502018911,0.04867734979810887,0.3,2e-09,0.7200000000000001,0.004791852382435096,0.8394692739640233,-1283.7960000000000491,-1145.5299999999999727,-1261.3612585093821963,-41372.076159457566973,-41065.721447522380913,-41322.36770787367277
0.03038188,0.1031557,0.074272104,0.2513226502018911,0.04867734979810887,0.3,2e-09,0.7200000000000001,0.004791852382435096,0.8394692739640233,-665.0910000000000082,-598.2315999999999576,-654.2425386630276307,-21427.308348838898382,-21277.712523190501088,-21403.035254394148069
0.03039989,0.03696532,0.026615030400000007,0.2513226502018911,0.04867734979810887,0.3,2e-09,0.7200000000000001,0.004791852382435096,0.8394692739640233,-264.22879999999997835,-230.7535000000000025,-258.79717037434448912,-8465.168259086809485,-8386.869786930441478,-8452.463718694098134
0.03040672,0.2695644,0.194086368,0.2513226502018911,0.04867734979810887,0.3,2e-09,0.7200000000000001,0.004791852382435096,0.8394692739640233,-1178.0199999999999818,-1051.5209999999999582,-1157.4945464262966652,-37885.74529685889138,-37607.29108280188666,-37840.563919590851583
0.03041837,0.05548807,0.039951410400000005,0.2513226502018911,0.04867734979810887,0.3,2e-09,0.7200000000000001,0.004791852382435096,0.8394692739640233,-409.54370000000000118,-375.53199999999998226,-404.0250352729054839,-13208.340950645406338,-13139.478325716068866,-13197.167450373068277
0.03042422,0.1387079,0.09986968800000001,0.2513226502018911,0.04867734979810887,0.3,2e-09,0.7200000000000001,0.004791852382435096,0.8394692739640233,-816.87639999999998963,-741.4375999999999749,-804.63586381350137344,-26313.200268595992384,-26163.625232436195802,-26288.930547408606799
0.030586,0.2517185,0.18123732000000004,0.2513226502018911,0.04867734979810887,0.3,2e-09,0.7200000000000001,0.004791852382435096,0.8394692739640233,-1140.4760000000001128,-1013.95100000000002183,-1119.9463277226475384,-36445.598498759572976,-36161.601640221924754,-36399.51778401089541
0.03065937,0.1689754,0.12166228800000001,0.2513226502018911,0.04867734979810887,0.3,2e-09,0.7200000000000001,0.004791852382435096,0.8394692739640233,-911.34749999999996817,-806.64620000000002165,-894.3588939852774047,-29035.892292932832788,-28800.519235853767896,-28997.701170824537257
0.03089821,0.04684126,0.0337257072,0.2513226502018911,0.04867734979810887,0.3,2e-09,0.7200000000000001,0.004791852382435096,0.8394692739640233,-352.14479999999997517,-323.90949999999998,-347.56340141748478345,-11182.731686077626364,-11135.866237063439257,-11175.1273998939286685
0.03101698,0.1530942,0.11022782400000002,0.2513226502018911,0.04867734979810887,0.3,2e-09,0.7200000000000001,0.004791852382435096,0.8394692739640233,-872.7075999999999567,-775.8850999999999658,-856.99739099724195057,-27503.036746316964127,-27284.239812463452836,-27467.535230037159636
0.03121645,0.1216068,0.08755689600000001,0.2513226502018911,0.04867734979810887,0.3,2e-09,0.7200000000000001,0.004791852382435096,0.8394692739640233,-746.74069999999994707,-655.23919999999998254,-731.89386492482765334,-23341.793327471757948,-23133.042879463973804,-23307.921932211134845
0.03122523,0.2604499,0.18752392800000003,0.2513226502018911,0.04867734979810887,0.3,2e-09,0.7200000000000001,0.004791852382435096,0.8394692739640233,-1185.0730000000000928,-1057.3379999999999654,-1164.3469957451284245,-37117.192357002997596,-36842.698116933919664,-37072.65351653163816
0.03130911,0.1176715,0.08472348,0.2513226502018911,0.04867734979810887,0.3,2e-09,0.7200000000000001,0.004791852382435096,0.8394692739640233,-730.60400000000004184,-637.78290000000004056,-715.54304948884919213,-22755.387061557859852,-22537.164122016227338,-22719.978680351061485
0.03132457,0.02897968,0.020865369600000003,0.2513226502018911,0.04867734979810887,0.3,2e-09,0.7200000000000001,0.004791852382435096,0.8394692739640233,-209.39560000000000173,-180.24770000000000891,-204.6661249193990102,-6496.1077174904712592,-6419.3230706123076743,-6483.6488071064286487
0.03136852,0.05333427,0.03840067440000001,0.2513226502018911,0.04867734979810887,0.3,2e-09,0.7200000000000001,0.004791852382435096,0.8394692739640233,-407.84710000000001173,-376.932200000000023,-402.8309153290881568,-12770.331959303121039,-12715.516569136683756,-12761.437732898280956
0.03145941,0.2790978,0.20095041600000002,0.2513226502018911,0.04867734979810887,0.3,2e-09,0.7200000000000001,0.004791852382435096,0.8394692739640233,-1240.7760000000000673,-1112.7409999999999854,-1220.0013183953303724,-38600.178513237158768,-38333.190436828263046,-38556.85760661288805
0.0314684,0.2059469,0.148281768,0.2513226502018911,0.04867734979810887,0.3,2e-09,0.7200000000000001,0.004791852382435096,0.8394692739640233,-1049.8530000000000655,-932.7682999999999538,-1030.8550903403111079,-32610.943327090553794,-32354.728939735803579,-32569.370535901965923
0.03153384,0.04226155,0.030428316000000004,0.2513226502018911,0.04867734979810887,0.3,2e-09,0.7200000000000001,0.004791852382435096,0.8394692739640233,-319.45019999999999527,-288.68770000000000664,-314.45874342278557378,-9915.682057950301896,-9858.724581031778143,-9906.440261191699392
0.03154496,0.05985365,0.043094628,0.2513226502018911,0.04867734979810887,0.3,2e-09,0.7200000000000001,0.004791852382435096,0.8394692739640233,-449.39400000000000546,-405.94069999999999254,-442.3433617200594199,-13952.685111057231552,-13856.093378728577591,-13937.012345916673439
0.03160092,0.1298763,0.09351093600000002,0.2513226502018911,0.04867734979810887,0.3,2e-09,0.7200000000000001,0.004791852382435096,0.8394692739640233,-802.2659999999999627,-721.11590000000001055,-789.098760653828208,-24852.484019417493982,-24691.546990742510388,-24826.370725949891494
0.0317904,0.04902757,0.035299850400000006,0.2513226502018911,0.04867734979810887,0.3,2e-09,0.7200000000000001,0.004791852382435096,0.8394692739640233,-380.41739999999998645,-352.3195999999999799,-375.8583118694756422,-11755.737932136351446,-11711.82618877330242,-11748.612907829923643
0.03188524,0.2128869,0.153278568,0.2513226502018911,0.04867734979810887,0.3,2e-09,0.7200000000000001,0.004791852382435096,0.8394692739640233,-1083.7650000000001,-965.9895000000000209,-1064.655002629509454,-33240.455571855483868,-32992.236977408625535,-33200.18016069453006
0.03192446,0.08744496,0.0629603712,0.2513226502018911,0.04867734979810887,0.3,2e-09,0.7200000000000001,0.004791852382435096,0.8394692739640233,-615.8631000000000313,-559.78750000000002274,-606.7643946788705307,-18911.343449103042076,-18811.33613182245972,-18895.116478550917236
0.03195972,0.05765814,0.0415138608,0.2513226502018911,0.04867734979810887,0.3,2e-09,0.7200000000000001,0.004791852382435096,0.8394692739640233,-443.11639999999999873,-404.75130000000001473,-436.89136202420189647,-13599.8144263733920525,-13521.808641579871619,-13587.157376797824327
0.03201842,0.05118554,0.0368535888,0.2513226502018911,0.04867734979810887,0.3,2e-09,0.7200000000000001,0.004791852382435096,0.8394692739640233,-400.2780999999999949,-371.3236999999999739,-395.58002181001876352,-12285.771772213782242,-12239.472853427585505,-12278.259409997015609
0.03202243,0.07911139,0.056960200800000006,0.2513226502018911,0.04867734979810887,0.3,2e-09,0.7200000000000001,0.004791852382435096,0.8394692739640233,-557.4841000000000122,-489.76150000000001228,-546.49557770187527694,-16989.643394322494714,-16841.985900645911897,-16965.684809422469698
0.03206046,0.02338254,0.016835428800000003,0.2513226502018911,0.04867734979810887,0.3,2e-09,0.7200000000000001,0.004791852382435096,0.8394692739640233,-170.53669999999999618,-150.81569999999999254,-167.33681328210496986,-5183.848051554869926,-5130.214456384640471,-5175.1455806447647774
0.03213018,0.07393914,0.053236180800000005,0.2513226502018911,0.04867734979810887,0.3,2e-09,0.7200000000000001,0.004791852382435096,0.8394692739640233,-526.6951999999999998,-456.64569999999997663,-515.329119951057919,-15971.073571498407546,-15807.448919235541325,-15944.524190052428821
0.03215577,0.1992469,0.143457768,0.2513226502018911,0.04867734979810887,0.3,2e-09,0.7200000000000001,0.004791852382435096,0.8394692739640233,-1056.7349999999999,-945.0891000000000304,-1038.6195782405841328,-32154.843269705797866,-31920.93515270892749,-32116.889845600217086
0.03227988,0.2995982,0.215710704,0.2513226502018911,0.04867734979810887,0.3,2e-09,0.7200000000000001,0.004791852382435096,0.8394692739640233,-1314.0960000000000036,-1177.4380000000001019,-1291.9221691043001101,-39843.411595303128706,-39564.53264541777753,-39798.161301320127677
0.03244388,0.1101772,0.079327584,0.2513226502018911,0.04867734979810887,0.3,2e-09,0.7200000000000001,0.004791852382435096,0.8394692739640233,-729.744199999999978,-645.55330000000003565,-716.0835670362746441,-21976.347994049570843,-21788.821982986180956,-21945.920429926980432
0.03252385,0.1,0.07200000000000001,0.2513226502018911,0.04867734979810887,0.3,2e-09,0.7200000000000001,0.004791852382435096,0.8394692739640233,-699.7619999999999436,-639.675899999999956,-690.0125596409860691,-21112.8097064370304,-21000.94269102797989,-21094.658406970571377
0.0326758,0.08180818,0.0589018896,0.2513226502018911,0.04867734979810887,0.3,2e-09,0.7200000000000001,0.004791852382435096,0.8394692739640233,-587.989400000000046,-523.630800000000022,-577.54671305094473155,-17594.18170133408421,-17465.90858379369456,-17573.36838329339298
0.03273209,0.09657255,0.069532236,0.2513226502018911,0.04867734979810887,0.3,2e-09,0.7200000000000001,0.004791852382435096,0.8394692739640233,-688.8544000000000551,-634.13800000000003365,-679.97623552502250277,-20671.072683157955908,-20578.686738404430798,-20656.082339993965434
0.03279592,0.1804757,0.12994250400000001,0.2513226502018911,0.04867734979810887,0.3,2e-09,0.7200000000000001,0.004791852382435096,0.8394692739640233,-1025.1259999999999764,-928.60199999999997544,-1009.4642249602910624,-30638.646241111830022,-30458.216574882189889,-30609.370114521774667
0.0328402,0.03359703,0.0241898616,0.2513226502018911,0.04867734979810887,0.3,2e-09,0.7200000000000001,0.004791852382435096,0.8394692739640233,-256.33510000000001128,-222.95199999999999818,-250.91843054651582179,-7600.4306291969032827,-7525.303302739771425,-7588.240632032400754
0.03296186,0.1433465,0.10320948,0.2513226502018911,0.04867734979810887,0.3,2e-09,0.7200000000000001,0.004791852382435096,0.8394692739640233,-901.31790000000000873,-821.59969999999998436,-888.38299764441455864,-26825.97314835880752,-26679.834428720154392,-26802.260996442477335
0.03301661,0.09343467,0.06727296240000001,0.2513226502018911,0.04867734979810887,0.3,2e-09,0.7200000000000001,0.004791852382435096,0.8394692739640233,-677.34789999999998145,-624.69420000000002346,-668.80442475645099876,-20156.072833357826312,-20072.540873155114241,-20142.5191185374606
0.03307576,0.1342195,0.09663804000000001,0.2513226502018911,0.04867734979810887,0.3,2e-09,0.7200000000000001,0.004791852382435096,0.8394692739640233,-864.28759999999999764,-787.54290000000003147,-851.8351713098302298,-25633.821024942139047,-25499.009680275587016,-25611.946828338514024
0.03307753,0.3482093,0.250710696,0.2513226502018911,0.04867734979810887,0.3,2e-09,0.7200000000000001,0.004791852382435096,0.8394692739640233,-1446.6590000000001055,-1300.6730000000000018,-1422.9716280412442302,-42829.98764342039067,-42544.753280777702457,-42783.7061339377251
0.033109,0.09981147,0.0718642584,0.2513226502018911,0.04867734979810887,0.3,2e-09,0.7200000000000001,0.004791852382435096,0.8394692739640233,-711.35609999999996944,-651.57529999999997017,-701.6561969572973112,-21091.04286505932032,-20983.31908529552311,-21073.563838028865575
0.03311539,0.1582141,0.113914152,0.2513226502018911,0.04867734979810887,0.3,2e-09,0.7200000000000001,0.004791852382435096,0.8394692739640233,-943.110300000000052,-838.366800000000012,-926.1148467047393069,-27847.638760890837148,-27628.733704811733332,-27812.11970093304626
0.03315725,0.06208235,0.04469929200000001,0.2513226502018911,0.04867734979810887,0.3,2e-09,0.7200000000000001,0.004791852382435096,0.8394692739640233,-483.44009999999997262,-434.12470000000001846,-475.4382900792210762,-14273.171974640828921,-14166.810753310297514,-14255.914033388626194
0.03320806,0.064351,0.04633272000000001,0.2513226502018911,0.04867734979810887,0.3,2e-09,0.7200000000000001,0.004791852382435096,0.8394692739640233,-495.1745999999999981,-440.00349999999997408,-486.2226568885118354,-14577.380541237022044,-14454.614389755790398,-14557.460771573623788
0.03320992,0.2352886,0.169407792,0.2513226502018911,0.04867734979810887,0.3,2e-09,0.7200000000000001,0.004791852382435096,0.8394692739640233,-1200.0960000000000036,-1083.9790000000000418,-1181.2551072449766707,-35410.690790441680292,-35189.26995348390483,-35374.763525331065466
0.03324163,0.3106775,0.22368780000000002,0.2513226502018911,0.04867734979810887,0.3,2e-09,0.7200000000000001,0.004791852382435096,0.8394692739640233,-1377.303000000000111,-1239.20900000000006,-1354.896166856599848,-40580.046048641903326,-40313.026765560025524,-40536.720078490514425
0.03330568,0.1635058,0.11772417600000001,0.2513226502018911,0.04867734979810887,0.3,2e-09,0.7200000000000001,0.004791852382435096,0.8394692739640233,-965.5185999999999922,-857.9338999999999942,-948.0621397505846062,-28345.278468340271502,-28124.80016875783258,-28309.504137301380979
0.03344656,0.3951986,0.28454299200000005,0.2513226502018911,0.04867734979810887,0.3,2e-09,0.7200000000000001,0.004791852382435096,0.8394692739640233,-1549.6420000000000528,-1395.4010000000000673,-1524.6151896326330188,-45384.74403410587547,-45089.27658535583032,-45336.80212625000422
0.03358696,0.07145469,0.05144737680000001,0.2513226502018911,0.04867734979810887,0.3,2e-09,0.7200000000000001,0.004791852382435096,0.8394692739640233,-535.8392000000000053,-467.1675999999999931,-524.6966950186805434,-15558.64130094903885,-15405.955091389700101,-15533.866767508814519
0.03360819,0.2200803,0.15845781600000003,0.2513226502018911,0.04867734979810887,0.3,2e-09,0.7200000000000001,0.004791852382435096,0.8394692739640233,-1166.8299999999999272,-1051.5080000000000382,-1148.118102221941399,-34012.484641050861683,-33795.091259010034264,-33977.210862046209513
0.03361004,0.1927753,0.13879821600000003,0.2513226502018911,0.04867734979810887,0.3,2e-09,0.7200000000000001,0.004791852382435096,0.8394692739640233,-1089.3840000000000146,-985.5502999999999929,-1072.5361688808936833,-31770.211397567134554,-31574.427642873954028,-31738.443949860509747
0.03363682,0.4355706,0.313610832,0.2513226502018911,0.04867734979810887,0.3,2e-09,0.7200000000000001,0.004791852382435096,0.8394692739640233,-1626.4420000000000073,-1465.6920000000000073,-1600.3590533998465162,-47370.969763779401546,-47066.05321475557139,-47321.494665392514435
0.03365022,1.173894,0.8452036800000001,0.2513226502018911,0.04867734979810887,0.3,2e-09,0.7200000000000001,0.004791852382435096,0.8394692739640233,-2354.231999999999971,-2122.0270000000000437,-2316.5549199671004317,-68543.34366517003218,-68104.05506722019345,-68472.06564935427741
0.03365119,0.4898034,0.35265844800000007,0.2513226502018911,0.04867734979810887,0.3,2e-09,0.7200000000000001,0.004791852382435096,0.8394692739640233,-1710.071999999999889,-1541.2000000000000455,-1682.6711952829789425,-49786.246936019895657,-49466.371179630230472,-49734.344589067506604
0.03365783,0.9337373,0.672290856,0.2513226502018911,0.04867734979810887,0.3,2e-09,0.7200000000000001,0.004791852382435096,0.8394692739640233,-2182.2669999999998254,-1967.0329999999999018,-2147.3435976451792158,-63522.347691321963794,-63115.25791778851999,-63456.294186970226292
0.0336659,0.7570283,0.545060376,0.2513226502018911,0.04867734979810887,0.3,2e-09,0.7200000000000001,0.004791852382435096,0.8394692739640233,-2026.7400000000000091,-1826.8520000000000891,-1994.3066063451851733,-58981.137943598630955,-58603.147366606201103,-58919.80601180980011
0.03367279,0.6454286,0.4647085920000001,0.2513226502018911,0.04867734979810887,0.3,2e-09,0.7200000000000001,0.004791852382435096,0.8394692739640233,-1910.0679999999999836,-1721.6880000000001019,-1879.5018694834407142,-55574.445416269940324,-55218.27911315556412,-55516.6546438599471
0.03367776,0.2275418,0.163830096,0.2513226502018911,0.04867734979810887,0.3,2e-09,0.7200000000000001,0.004791852382435096,0.8394692739640233,-1195.0,-1081.4519999999999982,-1176.5759476170810558,-34781.886125941353384,-34572.39794958192215,-34747.895028477294545
0.03367781,0.5751481,0.4141066320000001,0.2513226502018911,0.04867734979810887,0.3,2e-09,0.7200000000000001,0.004791852382435096,0.8394692739640233,-1826.6579999999999018,-1646.5019999999999527,-1797.4262778992394942,-53139.692216793198895,-52799.06532997191971,-53084.422836391728197
0.03368419,0.5265119,0.37908856800000007,0.2513226502018911,0.04867734979810887,0.3,2e-09,0.7200000000000001,0.004791852382435096,0.8394692739640233,-1763.40300000000002,-1589.4939999999999145,-1735.1849025798687762,-51289.900013950798893,-50961.062540163096855,-51236.543558156496147
0.03368995,0.04459957,0.032111690400000004,0.2513226502018911,0.04867734979810887,0.3,2e-09,0.7200000000000001,0.004791852382435096,0.8394692739640233,-362.72399999999998954,-333.3650000000000091,-357.96027229092436528,-10567.792441203688213,-10522.6105212239781395,-10560.46132079234485
0.03372962,0.4603143,0.33142629600000006,0.2513226502018911,0.04867734979810887,0.3,2e-09,0.7200000000000001,0.004791852382435096,0.8394692739640233,-1669.9380000000001019,-1505.4729999999999563,-1643.2522655515133465,-48507.189280047903594,-48196.87631528769998,-48456.83857093950064
0.03374836,0.1256736,0.09048499200000001,0.2513226502018911,0.04867734979810887,0.3,2e-09,0.7200000000000001,0.004791852382435096,0.8394692739640233,-829.481899999999996,-742.0701999999999998,-815.2986670088421306,-24053.763576599041699,-23886.388305491047504,-24026.605627868117153
0.03381519,0.09039356,0.06508336320000001,0.2513226502018911,0.04867734979810887,0.3,2e-09,0.7200000000000001,0.004791852382435096,0.8394692739640233,-673.2761000000000422,-619.8605000000000018,-664.6090005137471053,-19559.10132493052879,-19476.652797982202173,-19545.723405641852878
0.03382411,0.4141559,0.29819224800000005,0.2513226502018911,0.04867734979810887,0.3,2e-09,0.7200000000000001,0.004791852382435096,0.8394692739640233,-1600.0329999999999018,-1442.9490000000000691,-1574.5448906143794829,-46349.52904430597846,-46054.508667984395288,-46301.65967745339003
0.03383028,0.362559,0.26104248,0.2513226502018911,0.04867734979810887,0.3,2e-09,0.7200000000000001,0.004791852382435096,0.8394692739640233,-1507.6230000000000473,-1359.6300000000001091,-1483.6099765710948759,-43664.704643021294032,-43386.918239703591098,-43619.63162327644386
0.0338637,0.24334,0.17520480000000002,0.2513226502018911,0.04867734979810887,0.3,2e-09,0.7200000000000001,0.004791852382435096,0.8394692739640233,-1241.3040000000000873,-1118.9629999999999654,-1221.4532144944985248,-35913.794426484731957,-35681.84451208914834,-35876.15873608914262
0.03390239,0.1865213,0.13429533600000002,0.2513226502018911,0.04867734979810887,0.3,2e-09,0.7200000000000001,0.004791852382435096,0.8394692739640233,-1081.5879999999999654,-983.832300000000032,-1065.7263719878033044,-31294.816760302343027,-31119.981338446665177,-31266.44834367977819
0.033942,0.3348762,0.24111086400000004,0.2513226502018911,0.04867734979810887,0.3,2e-09,0.7200000000000001,0.004791852382435096,0.8394692739640233,-1458.0099999999999909,-1315.2940000000000964,-1434.8532111540434926,-42091.346784793102415,-41824.1657655881354,-42047.994571688919677
0.03396274,0.3781295,0.27225324000000006,0.2513226502018911,0.04867734979810887,0.3,2e-09,0.7200000000000001,0.004791852382435096,0.8394692739640233,-1542.8550000000000182,-1392.0489999999999782,-1518.3855452878212873,-44514.498176042048726,-44232.935851350193843,-44468.812483478730428
0.03397143,0.2890921,0.20814631200000003,0.2513226502018911,0.04867734979810887,0.3,2e-09,0.7200000000000001,0.004791852382435096,0.8394692739640233,-1359.4169999999999163,-1226.3079999999999927,-1337.8190221524116623,-39210.886077749571996,-38961.324470409934293,-39170.392752227402525
0.03407468,0.113863,0.08198136000000002,0.2513226502018911,0.04867734979810887,0.3,2e-09,0.7200000000000001,0.004791852382435096,0.8394692739640233,-777.87429999999994834,-687.1730999999999767,-763.1573198683057626,-22306.021840902874828,-22116.768549386142695,-22275.314011997528723
0.0343253,0.03975924,0.028626652800000003,0.2513226502018911,0.04867734979810887,0.3,2e-09,0.7200000000000001,0.004791852382435096,0.8394692739640233,-323.34510000000000218,-290.78539999999998145,-318.06203364592835214,-9218.21103844395293,-9160.494329058637959,-9208.846050270803971
0.03469103,0.1481401,0.106660872,0.2513226502018911,0.04867734979810887,0.3,2e-09,0.7200000000000001,0.004791852382435096,0.8394692739640233,-961.7857999999999947,-873.7681999999999789,-947.5042549880331535,-27194.094832775448594,-27034.866919332565885,-27168.258856641172315
0.03003111,0.08545767,0.06238409910000001,0.2513226502018911,0.04867734979810887,0.3,2e-09,0.7300000000000001,0.0048591138801972016,0.8523694911798743,-566.93039999999996326,-506.4626999999999839,-557.1190420520429143,-18459.585783901799005,-18331.403220433232491,-18438.787158968541917
0.03003556,0.007500024,0.005475017520000001,0.2513226502018911,0.04867734979810887,0.3,2e-09,0.7300000000000001,0.0048591138801972016,0.8523694911798743,-30.982279999999999376,-30.536280000000001422,-30.909913006633477295,-992.90893200786297257,-991.34187365875880005,-992.65466451648501334
0.03004394,0.2458535,0.17947305500000002,0.2513226502018911,0.04867734979810887,0.3,2e-09,0.7300000000000001,0.0048591138801972016,0.8523694911798743,-1121.8989999999998872,-999.1557000000000244,-1101.9829381684191958,-36509.278640459080634,-36229.42212364324223,-36463.869728584657423
0.03004542,0.3383618,0.24700411400000002,0.2513226502018911,0.04867734979810887,0.3,2e-09,0.7300000000000001,0.0048591138801972016,0.8523694911798743,-1316.0509999999999309,-1172.6769999999999072,-1292.7874455001528986,-42828.62686282881623,-42504.66287978940818,-42776.061169080821855
0.03005111,0.3820944,0.27892891200000003,0.2513226502018911,0.04867734979810887,0.3,2e-09,0.7300000000000001,0.0048591138801972016,0.8523694911798743,-1392.5509999999999309,-1240.9880000000000564,-1367.9587161084973559,-45310.301165176577342,-44968.50482014867157,-45254.842031021114963
0.03007959,0.1,0.07300000000000001,0.2513226502018911,0.04867734979810887,0.3,2e-09,0.7300000000000001,0.0048591138801972016,0.8523694911798743,-652.2684000000000424,-593.84130000000004657,-642.7881453853697167,-21260.857581812942954,-21141.704718035143742,-21241.52409638107929
0.03009388,0.2920864,0.21322307200000004,0.2513226502018911,0.04867734979810887,0.3,2e-09,0.7300000000000001,0.0048591138801972016,0.8523694911798743,-1227.4480000000000928,-1093.8009999999999309,-1205.762727438440379,-39881.445795545194414,-39579.390666578321543,-39832.434984975079715
0.03012462,0.01883907,0.013752521100000002,0.2513226502018911,0.04867734979810887,0.3,2e-09,0.7300000000000001,0.0048591138801972016,0.8523694911798743,-123.52989999999999782,-112.72480000000000189,-121.77668789232150459,-4005.1500818648491986,-3971.31548226691757,-3999.660153065157374
0.03013775,0.009441971,0.006892638830000001,0.2513226502018911,0.04867734979810887,0.3,2e-09,0.7300000000000001,0.0048591138801972016,0.8523694911798743,-45.316490000000001714,-44.263249999999999318,-45.145593560328798333,-1461.7078968198452458,-1458.1219393736357688,-1461.1260471366110778
0.03014329,0.1884455,0.13756521500000002,0.2513226502018911,0.04867734979810887,0.3,2e-09,0.7300000000000001,0.0048591138801972016,0.8523694911798743,-978.554300000000012,-880.51480000000003656,-962.6466232148942481,-31782.760857595054404,-31573.195602384334052,-31748.75725348364358
0.03014684,0.01496452,0.010924099600000002,0.2513226502018911,0.04867734979810887,0.3,2e-09,0.7300000000000001,0.0048591138801972016,0.8523694911798743,-91.0650799999999947,-85.77009999999999934,-90.205928021220017854,-2955.0943897974348147,-2937.994953049065316,-2952.3198722509314393
0.03015781,0.1228612,0.08968867600000001,0.2513226502018911,0.04867734979810887,0.3,2e-09,0.7300000000000001,0.0048591138801972016,0.8523694911798743,-731.7033999999999878,-639.5667999999999438,-716.75351497530516554,-23661.97078549129219,-23439.92454665472178,-23625.942044027284282
0.0301657,0.06501769,0.047462913700000005,0.2513226502018911,0.04867734979810887,0.3,2e-09,0.7300000000000001,0.0048591138801972016,0.8523694911798743,-455.59379999999998745,-400.654200000000003,-446.67941957677265918,-14739.233558145364441,-14597.606249213526098,-14716.253417952564632
0.03023953,0.1496682,0.10925778600000001,0.2513226502018911,0.04867734979810887,0.3,2e-09,0.7300000000000001,0.0048591138801972016,0.8523694911798743,-852.81330000000002656,-764.8270999999999731,-838.53684988397878897,-27598.651643552027963,-27402.45101965948561,-27566.816555552610225
0.03028808,0.01188674,0.008677320200000001,0.2513226502018911,0.04867734979810887,0.3,2e-09,0.7300000000000001,0.0048591138801972016,0.8523694911798743,-65.31560000000000343,-62.899009999999996978,-64.92348934417128703,-2107.0165054125168353,-2099.0592433480751424,-2105.7253773160300625
0.03031146,0.06974594,0.05091453620000001,0.2513226502018911,0.04867734979810887,0.3,2e-09,0.7300000000000001,0.0048591138801972016,0.8523694911798743,-478.71289999999999054,-413.65690000000000737,-468.1570544384474033,-15378.390315661414206,-15207.779831274465323,-15350.707428235651605
0.03037895,0.176431,0.12879463000000002,0.2513226502018911,0.04867734979810887,0.3,2e-09,0.7300000000000001,0.0048591138801972016,0.8523694911798743,-940.8849999999999909,-839.99890000000004875,-924.5154400684432403,-30291.123256923707231,-30071.59747117225561,-30255.503478714610537
0.03040489,0.1077092,0.07862771600000001,0.2513226502018911,0.04867734979810887,0.3,2e-09,0.7300000000000001,0.0048591138801972016,0.8523694911798743,-684.15629999999998745,-608.1597000000000435,-671.82525639444338594,-21994.616695114018512,-21814.58601346830983,-21965.405306897817354
0.03048659,0.05606604,0.0409282092,0.2513226502018911,0.04867734979810887,0.3,2e-09,0.7300000000000001,0.0048591138801972016,0.8523694911798743,-414.2925000000000182,-380.01949999999999363,-408.73143730123138084,-13334.47147111774575,-13265.3752295811773365,-13323.260064721043818
0.03049214,0.03737671,0.027284998300000005,0.2513226502018911,0.04867734979810887,0.3,2e-09,0.7300000000000001,0.0048591138801972016,0.8523694911798743,-267.22809999999998354,-233.69730000000001269,-261.78746506463187416,-8538.370310303142105,-8460.451662567231324,-8525.727399397685076
0.03049337,0.1042198,0.076080454,0.2513226502018911,0.04867734979810887,0.3,2e-09,0.7300000000000001,0.0048591138801972016,0.8523694911798743,-676.01539999999999964,-608.66380000000003747,-665.0870753577922869,-21706.414233924722794,-21557.005810232974909,-21682.171546915295039
0.03050037,0.06735575,0.04916969750000001,0.2513226502018911,0.04867734979810887,0.3,2e-09,0.7300000000000001,0.0048591138801972016,0.8523694911798743,-470.86669999999998026,-410.41269999999997253,-461.05756498435039248,-15049.9417059256975335,-14893.808959174491974,-15024.607944830535416
0.03066575,0.3257558,0.23780173400000001,0.2513226502018911,0.04867734979810887,0.3,2e-09,0.7300000000000001,0.0048591138801972016,0.8523694911798743,-1319.1300000000001091,-1179.0340000000001055,-1296.3983266756138164,-42081.989747268511564,-41777.16435508858558,-42032.52943979355041
0.03066944,0.2723525,0.19881732500000002,0.2513226502018911,0.04867734979810887,0.3,2e-09,0.7300000000000001,0.0048591138801972016,0.8523694911798743,-1207.3859999999999673,-1079.2470000000000709,-1186.5944435807336959,-38512.67352681290504,-38234.774990656034788,-38467.582312636601273
0.03071136,0.07470323,0.0545333579,0.2513226502018911,0.04867734979810887,0.3,2e-09,0.7300000000000001,0.0048591138801972016,0.8523694911798743,-509.7499000000000251,-439.619700000000023,-498.37072574396222535,-16158.8211383409834525,-15983.142787943124858,-16130.315949960076978
0.0308732,0.1707184,0.12462443200000001,0.2513226502018911,0.04867734979810887,0.3,2e-09,0.7300000000000001,0.0048591138801972016,0.8523694911798743,-930.99300000000005184,-825.00689999999997326,-913.79592512187548436,-29466.727139428778173,-29231.198299964722537,-29428.510740408328274
0.03091525,0.2543195,0.185653235,0.2513226502018911,0.04867734979810887,0.3,2e-09,0.7300000000000001,0.0048591138801972016,0.8523694911798743,-1171.0820000000001073,-1042.9069999999999254,-1150.2846022987580454,-37041.329687772886246,-36758.72016206169792,-36995.474078641811502
0.03094727,0.1401387,0.10230125100000002,0.2513226502018911,0.04867734979810887,0.3,2e-09,0.7300000000000001,0.0048591138801972016,0.8523694911798743,-842.14009999999996126,-765.81510000000002947,-829.755770922197712,-26682.119487760868651,-26534.888247870181658,-26658.230065876305162
0.03100614,0.05389103,0.039340451900000004,0.2513226502018911,0.04867734979810887,0.3,2e-09,0.7300000000000001,0.0048591138801972016,0.8523694911798743,-406.8901000000000181,-375.71600000000000819,-401.83185809886259676,-12888.7297343716254545,-12832.3621406115235,-12879.583650775830392
0.0310354,0.04733563,0.0345550099,0.2513226502018911,0.04867734979810887,0.3,2e-09,0.7300000000000001,0.0048591138801972016,0.8523694911798743,-356.69029999999997926,-328.17660000000000764,-352.06372883687214426,-11279.4594686381169595,-11232.204715742389453,-11271.792014850354462
0.03131567,0.02935456,0.0214288288,0.2513226502018911,0.04867734979810887,0.3,2e-09,0.7300000000000001,0.0048591138801972016,0.8523694911798743,-211.21530000000001337,-182.08029999999999404,-206.48791804544032402,-6556.5949901330950524,-6480.0959320619531354,-6544.1824187699121467
0.03143533,0.1546733,0.11291150900000002,0.2513226502018911,0.04867734979810887,0.3,2e-09,0.7300000000000001,0.0048591138801972016,0.8523694911798743,-897.09050000000002,-799.33540000000004966,-881.2289693425028645,-27909.752810457477608,-27693.93375202590687,-27874.73447778957052
0.0314798,0.2631423,0.19209387900000002,0.2513226502018911,0.04867734979810887,0.3,2e-09,0.7300000000000001,0.0048591138801972016,0.8523694911798743,-1213.8610000000001037,-1084.4169999999999163,-1192.8576971091119958,-37725.344521016231738,-37450.94968598084961,-37680.821809790191764
0.03160005,0.0427145,0.031181585000000005,0.2513226502018911,0.04867734979810887,0.3,2e-09,0.7300000000000001,0.0048591138801972016,0.8523694911798743,-322.7803000000000111,-291.82900000000000773,-317.75820914397928618,-10000.29302170957817,-9943.0714434539168,-9991.008372440408493
0.03172167,0.06047509,0.04414681570000001,0.2513226502018911,0.04867734979810887,0.3,2e-09,0.7300000000000001,0.0048591138801972016,0.8523694911798743,-456.37560000000001992,-412.70490000000000919,-449.28968686723908377,-14095.133942771630245,-13999.1957456174823164,-14079.567218832053186
0.03172227,0.0883474,0.06449360200000001,0.2513226502018911,0.04867734979810887,0.3,2e-09,0.7300000000000001,0.0048591138801972016,0.8523694911798743,-619.12800000000004275,-562.42619999999999436,-609.92768882405857767,-19133.48981596644444,-19031.142454390068451,-19116.883154898554494
0.03181974,0.2819863,0.20584999900000003,0.2513226502018911,0.04867734979810887,0.3,2e-09,0.7300000000000001,0.0048591138801972016,0.8523694911798743,-1275.4380000000001019,-1145.8009999999999309,-1254.4033813474084127,-39246.66944859339128,-38981.58962769905338,-39203.658171373077494
0.03185627,0.208072,0.15189256000000004,0.2513226502018911,0.04867734979810887,0.3,2e-09,0.7300000000000001,0.0048591138801972016,0.8523694911798743,-1078.9619999999999891,-960.4257000000000062,-1059.7285568704212437,-33122.521447432220157,-32868.340050568265724,-33081.278524874483992
0.0318971,0.1312159,0.09578760700000001,0.2513226502018911,0.04867734979810887,0.3,2e-09,0.7300000000000001,0.0048591138801972016,0.8523694911798743,-820.54179999999996653,-738.3967000000000098,-807.213114110331162,-25191.636578117715544,-25031.060112799848866,-25165.581788878975203
0.03193866,0.04954261,0.03616610530000001,0.2513226502018911,0.04867734979810887,0.3,2e-09,0.7300000000000001,0.0048591138801972016,0.8523694911798743,-385.47410000000002128,-357.07929999999998927,-380.86682129317551926,-11859.161614474045564,-11814.859984185586654,-11851.973327960118695
0.03199565,0.0237004,0.017301292000000003,0.2513226502018911,0.04867734979810887,0.3,2e-09,0.7300000000000001,0.0048591138801972016,0.8523694911798743,-171.609800000000007,-151.87659999999999627,-168.40793373654651077,-5228.202500442368546,-5174.5682220283351853,-5219.4999186706045293
0.03206472,0.1188852,0.08678619600000001,0.2513226502018911,0.04867734979810887,0.3,2e-09,0.7300000000000001,0.0048591138801972016,0.8523694911798743,-757.838799999999992,-664.10019999999997253,-742.62897792738328917,-23065.298740045451268,-22853.376286435006477,-23030.912662030554202
0.03208115,0.05825765,0.04252808450000001,0.2513226502018911,0.04867734979810887,0.3,2e-09,0.7300000000000001,0.0048591138801972016,0.8523694911798743,-449.0747000000000071,-410.47129999999998518,-442.81099598267894635,-13734.077120164725784,-13656.221029047321281,-13721.4443595606062445
0.03209805,0.07992836,0.05834770280000001,0.2513226502018911,0.04867734979810887,0.3,2e-09,0.7300000000000001,0.0048591138801972016,0.8523694911798743,-565.1633000000000493,-496.94060000000001764,-554.0936325597618861,-17187.834748839875829,-17039.782185809355724,-17163.812060842730716
0.03214879,0.2150839,0.15701124700000002,0.2513226502018911,0.04867734979810887,0.3,2e-09,0.7300000000000001,0.0048591138801972016,0.8523694911798743,-1109.4639999999999418,-990.1589999999999918,-1090.1058292744553455,-33762.010591176964226,-33513.98087212487735,-33721.765826528215257
0.03218807,0.05172135,0.0377565855,0.2513226502018911,0.04867734979810887,0.3,2e-09,0.7300000000000001,0.0048591138801972016,0.8523694911798743,-405.93130000000002156,-376.676400000000001,-401.18446333130435733,-12396.335323343291748,-12349.7528219460964465,-12388.776947626682158
0.03256285,0.09756887,0.07122527510000001,0.2513226502018911,0.04867734979810887,0.3,2e-09,0.7300000000000001,0.0048591138801972016,0.8523694911798743,-693.71270000000004075,-638.4518000000000484,-684.7461861351389416,-20926.858165903700865,-20832.819657026797358,-20911.599681266721745
0.03260453,0.3027041,0.220973993,0.2513226502018911,0.04867734979810887,0.3,2e-09,0.7300000000000001,0.0048591138801972016,0.8523694911798743,-1349.1710000000000491,-1210.6669999999999163,-1326.6976411452089906,-40515.798923293077678,-40237.85331453017716,-40470.700071217739605
0.03263567,0.2013026,0.14695089800000002,0.2513226502018911,0.04867734979810887,0.3,2e-09,0.7300000000000001,0.0048591138801972016,0.8523694911798743,-1088.7699999999999818,-975.8528999999999769,-1070.4483160837064588,-32659.316813000077673,-32428.565039413562772,-32621.875530335390067
0.03265638,0.08265277,0.060336522100000005,0.2513226502018911,0.04867734979810887,0.3,2e-09,0.7300000000000001,0.0048591138801972016,0.8523694911798743,-594.38630000000000564,-529.4656999999999698,-583.8524241489895985,-17799.354661123194091,-17669.853326778942574,-17778.34205528586972
0.03265826,0.09439869,0.06891104370000001,0.2513226502018911,0.04867734979810887,0.3,2e-09,0.7300000000000001,0.0048591138801972016,0.8523694911798743,-678.11950000000001637,-624.884900000000016,-669.4817691814586169,-20399.91090144248301,-20313.872536045171728,-20385.950502747473365
0.03273289,0.1113136,0.08125892800000001,0.2513226502018911,0.04867734979810887,0.3,2e-09,0.7300000000000001,0.0048591138801972016,0.8523694911798743,-745.873299999999972,-661.0910999999999831,-732.1167239798224955,-22273.693145513403579,-22087.963050108828611,-22243.556982773254276
0.03283393,0.07728,0.05641440000000001,0.2513226502018911,0.04867734979810887,0.3,2e-09,0.7300000000000001,0.0048591138801972016,0.8523694911798743,-559.92819999999994707,-489.62959999999998217,-548.52170152494215927,-16637.258472586261632,-16483.430807023425587,-16612.29872896883171
0.03292988,0.03398929,0.0248121817,0.2513226502018911,0.04867734979810887,0.3,2e-09,0.7300000000000001,0.0048591138801972016,0.8523694911798743,-259.21609999999998308,-225.83990000000000009,-253.80055012556115912,-7667.808987274945139,-7593.2349062679122653,-7655.708758518105242
0.03307643,0.1008411,0.07361400300000001,0.2513226502018911,0.04867734979810887,0.3,2e-09,0.7300000000000001,0.0048591138801972016,0.8523694911798743,-719.55169999999998254,-659.26549999999997453,-709.7697918486707067,-21358.87036508374149,-21250.283805311515607,-21341.25134523905217
0.03313199,0.1269699,0.092688027,0.2513226502018911,0.04867734979810887,0.3,2e-09,0.7300000000000001,0.0048591138801972016,0.8523694911798743,-825.5830999999999449,-737.3328999999999951,-811.26381381615635746,-24381.786686924519017,-24207.956512826098333,-24353.581379624334659
0.03331335,0.1356039,0.098990847,0.2513226502018911,0.04867734979810887,0.3,2e-09,0.7300000000000001,0.0048591138801972016,0.8523694911798743,-882.24260000000003856,-804.56929999999999836,-869.63949868642180263,-25987.421810894367809,-25852.47535689418146,-25965.525691743096104
0.03340082,0.06272617,0.045790104100000006,0.2513226502018911,0.04867734979810887,0.3,2e-09,0.7300000000000001,0.0048591138801972016,0.8523694911798743,-491.94110000000000582,-442.4211999999999989,-483.906108352442061,-14423.704478896286673,-14318.478518465246452,-14406.6307426171406405
0.03341012,0.3518407,0.25684371100000003,0.2513226502018911,0.04867734979810887,0.3,2e-09,0.7300000000000001,0.0048591138801972016,0.8523694911798743,-1485.9649999999999181,-1337.9580000000000837,-1461.9497049614374191,-43572.849087888847862,-43288.512677168342634,-43526.71327813890821
0.03347045,0.0913263,0.06666819900000001,0.2513226502018911,0.04867734979810887,0.3,2e-09,0.7300000000000001,0.0048591138801972016,0.8523694911798743,-674.350400000000036,-620.3185999999999467,-665.583317237261781,-19791.533050546029699,-19706.577883608595585,-19777.748409285461094
0.03352017,0.1448251,0.10572232300000002,0.2513226502018911,0.04867734979810887,0.3,2e-09,0.7300000000000001,0.0048591138801972016,0.8523694911798743,-929.25549999999998363,-848.7098999999999478,-916.1863455136714265,-27210.336717249101639,-27066.797201060446241,-27187.046306451211422
0.03354936,0.3139018,0.22914831400000005,0.2513226502018911,0.04867734979810887,0.3,2e-09,0.7300000000000001,0.0048591138801972016,0.8523694911798743,-1413.1359999999999673,-1273.1700000000000728,-1390.4254201938595088,-41269.325124209484784,-41002.904106477064488,-41226.09622729705734
0.03362378,0.2377182,0.173534286,0.2513226502018911,0.04867734979810887,0.3,2e-09,0.7300000000000001,0.0048591138801972016,0.8523694911798743,-1234.2360000000001037,-1116.7709999999999582,-1215.17638368655048,-35985.81840881860262,-35766.5701592529731,-35950.243663029505115
0.03374042,0.04507327,0.0329034871,0.2513226502018911,0.04867734979810887,0.3,2e-09,0.7300000000000001,0.0048591138801972016,0.8523694911798743,-366.31630000000001246,-336.71719999999999118,-361.5136141853026288,-10658.30012177629942,-10612.683873160152871,-10650.898528141746283
0.03378059,0.1651924,0.120590452,0.2513226502018911,0.04867734979810887,0.3,2e-09,0.7300000000000001,0.0048591138801972016,0.8523694911798743,-993.31939999999997326,-884.4696999999999889,-975.65768359226922257,-28765.570779903740913,-28547.6165416648073,-28730.205997587949241
0.03379236,0.3993581,0.291531413,0.2513226502018911,0.04867734979810887,0.3,2e-09,0.7300000000000001,0.0048591138801972016,0.8523694911798743,-1592.8019999999999072,-1436.3810000000000855,-1567.4214675574332887,-46189.647258695025812,-45895.169822109462984,-46141.865988067271246
0.03381372,0.2223518,0.162316814,0.2513226502018911,0.04867734979810887,0.3,2e-09,0.7300000000000001,0.0048591138801972016,0.8523694911798743,-1192.1690000000000964,-1075.3759999999999764,-1173.2184209500983343,-34550.409415327609167,-34332.553066031003254,-34515.060516259436554
0.03383569,0.07219346,0.05270122580000001,0.2513226502018911,0.04867734979810887,0.3,2e-09,0.7300000000000001,0.0048591138801972016,0.8523694911798743,-545.7883000000000493,-476.82190000000002783,-534.5979614096123669,-15738.004261328967914,-15586.831354243655369,-15713.4752730683376285
0.03386191,0.1598461,0.116687653,0.2513226502018911,0.04867734979810887,0.3,2e-09,0.7300000000000001,0.0048591138801972016,0.8523694911798743,-978.011600000000044,-872.10370000000000346,-960.82721368438956233,-28260.421686468274856,-28047.005268580771371,-28225.793201047708862
0.03396655,0.2298908,0.16782028400000001,0.2513226502018911,0.04867734979810887,0.3,2e-09,0.7300000000000001,0.0048591138801972016,0.8523694911798743,-1224.1230000000000473,-1109.2100000000000364,-1205.4774656754996158,-35339.238950969280268,-35130.40022129895806,-35305.353231317429163
0.03396896,0.1823374,0.13310630200000004,0.2513226502018911,0.04867734979810887,0.3,2e-09,0.7300000000000001,0.0048591138801972016,0.8523694911798743,-1076.9210000000000491,-979.0949000000000524,-1061.0479490363841251,-31100.741023860398855,-30927.801581687515863,-31072.680244791932637
0.0339955,0.4402079,0.321351767,0.2513226502018911,0.04867734979810887,0.3,2e-09,0.7300000000000001,0.0048591138801972016,0.8523694911798743,-1672.7639999999998963,-1509.7070000000001073,-1646.3067245798990825,-48225.352494408987695,-47921.582165234722197,-48176.063379170642293
0.03400912,0.495133,0.36144709,0.2513226502018911,0.04867734979810887,0.3,2e-09,0.7300000000000001,0.0048591138801972016,0.8523694911798743,-1759.3730000000000473,-1588.0139999999998963,-1731.5686600531528256,-50702.713075131512596,-50383.85610614673351,-50650.976034415383765
0.03401269,1.189905,0.8686306500000001,0.2513226502018911,0.04867734979810887,0.3,2e-09,0.7300000000000001,0.0048591138801972016,0.8523694911798743,-2428.3919999999998254,-2192.1860000000001492,-2390.0657263786260955,-69977.13785439885396,-69538.26156343589537,-69905.92673862117226
0.0340203,0.946398,0.69087054,0.2513226502018911,0.04867734979810887,0.3,2e-09,0.7300000000000001,0.0048591138801972016,0.8523694911798743,-2250.268000000000029,-2031.3979999999999109,-2214.7546281656264,-64829.858265478804242,-64423.30398490258085,-64763.891649053708534
0.03402798,0.766806,0.5597683800000001,0.2513226502018911,0.04867734979810887,0.3,2e-09,0.7300000000000001,0.0048591138801972016,0.8523694911798743,-2088.7600000000002183,-1885.6040000000000418,-2055.7963477480511756,-60163.29931692808168,-59786.023539608220744,-60102.083366984908935
0.03403393,0.6531903,0.4768289190000001,0.2513226502018911,0.04867734979810887,0.3,2e-09,0.7300000000000001,0.0048591138801972016,0.8523694911798743,-1967.29099999999994,-1775.946999999999889,-1936.2439372674352853,-56654.705367237700557,-56299.364990094974928,-56597.048607785800414
0.03403834,0.5817268,0.424660564,0.2513226502018911,0.04867734979810887,0.3,2e-09,0.7300000000000001,0.0048591138801972016,0.8523694911798743,-1880.5050000000001091,-1697.5950000000000273,-1850.8264198280930941,-54148.377906177411205,-53808.686721815734927,-54093.260350829048548
0.03404527,0.5323525,0.38861732500000007,0.2513226502018911,0.04867734979810887,0.3,2e-09,0.7300000000000001,0.0048591138801972016,0.8523694911798743,-1814.8279999999999745,-1638.3179999999999836,-1786.1878699571191191,-52246.640960555698257,-51918.884840240105405,-52193.459962832115707
0.03408089,0.194764,0.14217772,0.2513226502018911,0.04867734979810887,0.3,2e-09,0.7300000000000001,0.0048591138801972016,0.8523694911798743,-1121.3350000000000364,-1016.3949999999999818,-1104.3076630406214917,-32265.39025779378062,-32072.204702317405463,-32234.044388260892447
0.03409209,0.4652592,0.339639216,0.2513226502018911,0.04867734979810887,0.3,2e-09,0.7300000000000001,0.0048591138801972016,0.8523694911798743,-1717.9290000000000873,-1551.0809999999999036,-1690.8566051362836333,-49390.40049994142464,-49081.232668082804594,-49340.235597615741426
0.03418181,0.3663492,0.267434916,0.2513226502018911,0.04867734979810887,0.3,2e-09,0.7300000000000001,0.0048591138801972016,0.8523694911798743,-1549.3130000000001019,-1399.2819999999999254,-1524.9692951081331103,-44428.157266881215037,-44151.387975072982954,-44383.249281445467204
0.03418853,0.4185365,0.305531645,0.2513226502018911,0.04867734979810887,0.3,2e-09,0.7300000000000001,0.0048591138801972016,0.8523694911798743,-1645.5470000000000255,-1486.2439999999999145,-1619.6988404837061353,-47178.804411871766206,-46884.975273805459437,-47131.128332756656164
0.03441651,0.04019134,0.029339678200000004,0.2513226502018911,0.04867734979810887,0.3,2e-09,0.7300000000000001,0.0048591138801972016,0.8523694911798743,-326.89470000000000027,-294.20909999999997808,-321.59120538479641027,-9297.105911263881353,-9239.415352511792662,-9287.745166235801662
0.03474436,0.1150375,0.083977375,0.2513226502018911,0.04867734979810887,0.3,2e-09,0.7300000000000001,0.0048591138801972016,0.8523694911798743,-803.4471999999999525,-711.98440000000005057,-788.6066443029516222,-22609.855892797302658,-22425.15834132942473,-22579.887268398444576
0.03003673,0.009569013,0.007081069620000001,0.2513226502018911,0.04867734979810887,0.3,2e-09,0.7400000000000001,0.0049236035985016045,0.8652530954140217,-45.34696000000000282,-44.293320000000001357,-45.175998657195734154,-1467.6802696675410971,-1464.0892959130517283,-1467.0976060489972497
0.03004669,0.1668902,0.123498748,0.2513226502018911,0.04867734979810887,0.3,2e-09,0.7400000000000001,0.0049236035985016045,0.8652530954140217,-898.6816000000000031,-789.5688999999999851,-880.9772097822796013,-29194.370748240235116,-28932.400201863303664,-29151.86397516425859
0.03006347,0.4448725,0.32920565000000007,0.2513226502018911,0.04867734979810887,0.3,2e-09,0.7400000000000001,0.0049236035985016045,0.8652530954140217,-1509.1890000000000782,-1345.2449999999998909,-1482.5878018823293587,-49094.61138799442415,-48725.35026005344116,-49034.695877689002373
0.03007346,0.5004914,0.37036363600000005,0.2513226502018911,0.04867734979810887,0.3,2e-09,0.7400000000000001,0.0049236035985016045,0.8652530954140217,-1587.7899999999999636,-1415.4349999999999454,-1559.8240512518229934,-51635.119739924433816,-51247.402114686708956,-51572.209518369134457
0.03007887,1.205917,0.89237858,0.2513226502018911,0.04867734979810887,0.3,2e-09,0.7400000000000001,0.0049236035985016045,0.8652530954140217,-2197.0039999999999054,-1958.849999999999909,-2158.3616481206036042,-71435.85674118291354,-70900.98238714193576,-71349.06918775061786
0.03008472,0.9590656,0.709708544,0.2513226502018911,0.04867734979810887,0.3,2e-09,0.7400000000000001,0.0049236035985016045,0.8652530954140217,-2035.1479999999999109,-1814.5450000000000728,-1999.3534353416257545,-66160.320994393972796,-65664.94640517850348,-66079.94258719283971
0.03009135,0.7766062,0.5746885880000001,0.2513226502018911,0.04867734979810887,0.3,2e-09,0.7400000000000001,0.0049236035985016045,0.8652530954140217,-1888.1010000000001128,-1683.4420000000000073,-1854.8934742255628407,-61366.540861057816073,-60907.012855542656325,-61291.97884283618623
0.03009655,0.6609805,0.48912557000000007,0.2513226502018911,0.04867734979810887,0.3,2e-09,0.7400000000000001,0.0049236035985016045,0.8652530954140217,-1777.2539999999999054,-1584.6089999999999236,-1745.9958398271442093,-57753.890349414250522,-57321.36057615566824,-57683.709005844233616
0.03009984,0.588335,0.4353679000000001,0.2513226502018911,0.04867734979810887,0.3,2e-09,0.7400000000000001,0.0049236035985016045,0.8652530954140217,-1698.0699999999999363,-1513.9980000000000473,-1668.202876226541548,-55174.618593170918757,-54761.343218805486686,-55107.561426634478266
0.03010616,0.5382224,0.39828457600000006,0.2513226502018911,0.04867734979810887,0.3,2e-09,0.7400000000000001,0.0049236035985016045,0.8652530954140217,-1638.2619999999999436,-1460.6859999999999218,-1609.4489031075031562,-53220.201028130279155,-52821.52844114573236,-53155.513278225065733
0.03011067,0.01909254,0.014128479600000004,0.2513226502018911,0.04867734979810887,0.3,2e-09,0.7400000000000001,0.0049236035985016045,0.8652530954140217,-124.32550000000000523,-113.51069999999999993,-122.570713991344703686,-4033.657041068624494,-3999.8920823847306565,-4028.1784120527090636
0.03011525,0.01516586,0.0112227364,0.2513226502018911,0.04867734979810887,0.3,2e-09,0.7400000000000001,0.0049236035985016045,0.8652530954140217,-91.499350000000006844,-86.19974999999999454,-90.639448390033138026,-2972.7742773305585615,-2955.6961412965601994,-2970.00321599180279
0.0301464,0.4702322,0.34797182800000004,0.2513226502018911,0.04867734979810887,0.3,2e-09,0.7400000000000001,0.0049236035985016045,0.8652530954140217,-1550.0630000000001019,-1382.2829999999999018,-1522.8393808362443451,-50289.165685837710043,-49913.282057123717095,-50228.175622910064703
0.03018044,0.1162199,0.08600272600000002,0.2513226502018911,0.04867734979810887,0.3,2e-09,0.7400000000000001,0.0049236035985016045,0.8652530954140217,-709.48059999999998126,-618.32150000000001455,-694.6893220067306629,-22921.842440551168693,-22693.080666331010434,-22884.724050870663632
0.03020567,0.01204667,0.008914535800000001,0.2513226502018911,0.04867734979810887,0.3,2e-09,0.7400000000000001,0.0049236035985016045,0.8652530954140217,-65.45623000000000502,-63.03815999999999775,-65.06387920257895985,-2117.518674407458093,-2109.5540216401859652,-2116.226347111547966
0.03021154,0.3701634,0.273920916,0.2513226502018911,0.04867734979810887,0.3,2e-09,0.7400000000000001,0.0049236035985016045,0.8652530954140217,-1396.2880000000000109,-1245.5190000000000055,-1371.8245488276297692,-45204.73651492223871,-44868.239654566663376,-45150.13726366392075
0.03022885,0.4229436,0.312978264,0.2513226502018911,0.04867734979810887,0.3,2e-09,0.7400000000000001,0.0049236035985016045,0.8652530954140217,-1484.1479999999999109,-1324.0080000000000382,-1458.1640306777692331,-48022.43177774911601,-47665.315233726796578,-47964.486821308892104
0.0302633,0.1842116,0.13631658400000002,0.2513226502018911,0.04867734979810887,0.3,2e-09,0.7400000000000001,0.0049236035985016045,0.8652530954140217,-975.8106999999999971,-877.57970000000000255,-959.8719508399398137,-31570.589677436371858,-31363.511281414950645,-31536.989585707149672
0.03037292,0.3860841,0.28570223400000005,0.2513226502018911,0.04867734979810887,0.3,2e-09,0.7400000000000001,0.0049236035985016045,0.8652530954140217,-1431.3099999999999454,-1277.6720000000000255,-1406.381031105727061,-46098.034280464358744,-45757.818652130990813,-46042.831629973799863
0.03037769,0.34187,0.25298380000000004,0.2513226502018911,0.04867734979810887,0.3,2e-09,0.7400000000000001,0.0049236035985016045,0.8652530954140217,-1352.6669999999999163,-1207.3869999999999436,-1329.0941820711022956,-43558.030050204666622,-43235.843456564689404,-43505.752751808417088
0.03039087,0.06568876,0.04860968240000001,0.2513226502018911,0.04867734979810887,0.3,2e-09,0.7400000000000001,0.0049236035985016045,0.8652530954140217,-463.70310000000000628,-408.55900000000002592,-454.75553784999368645,-14896.917132723019677,-14756.882320967206397,-14874.195387670517448
0.03039432,0.161489,0.11950186000000002,0.2513226502018911,0.04867734979810887,0.3,2e-09,0.7400000000000001,0.0049236035985016045,0.8652530954140217,-892.69439999999997326,-786.5925999999999476,-875.4785518906365951,-28681.284651349626074,-28428.62444780075748,-28640.288554322258278
0.03042339,0.007600937,0.005624693380000001,0.2513226502018911,0.04867734979810887,0.3,2e-09,0.7400000000000001,0.0049236035985016045,0.8652530954140217,-31.466390000000000526,-31.019529999999999603,-31.39388346489738879,-996.1463422631677531,-994.6155765091716603,-995.8979635296135484
0.03043251,0.2483838,0.18380401200000002,0.2513226502018911,0.04867734979810887,0.3,2e-09,0.7400000000000001,0.0049236035985016045,0.8652530954140217,-1154.1440000000000055,-1029.9239999999999782,-1133.9883320269295837,-37097.156625559538952,-36820.029980631887156,-37052.190656781138387
0.03044773,0.2951004,0.21837429600000002,0.2513226502018911,0.04867734979810887,0.3,2e-09,0.7400000000000001,0.0049236035985016045,0.8652530954140217,-1261.9390000000000782,-1126.5879999999999654,-1239.9772400915871913,-40544.229764089999662,-40244.327094314932765,-40495.568206883239327
0.0304521,0.1782444,0.131900856,0.2513226502018911,0.04867734979810887,0.3,2e-09,0.7400000000000001,0.0049236035985016045,0.8652530954140217,-956.7981999999999516,-854.6916999999999689,-940.2306206094644949,-30736.865698656489258,-30515.664807074495911,-30700.974121405852202
0.03052673,0.1562631,0.11563469400000001,0.2513226502018911,0.04867734979810887,0.3,2e-09,0.7400000000000001,0.0049236035985016045,0.8652530954140217,-884.23850000000004457,-785.84619999999995343,-868.27357865153169314,-28318.792259521862434,-28091.890264034249412,-28281.975633507729071
0.03053007,0.07046478,0.05214393720000001,0.2513226502018911,0.04867734979810887,0.3,2e-09,0.7400000000000001,0.0049236035985016045,0.8652530954140217,-487.3376999999999839,-422.03690000000000282,-476.74213372101212371,-15550.632563799696072,-15381.806887582506533,-15523.239275479272692
0.03054722,0.0566477,0.04191929800000001,0.2513226502018911,0.04867734979810887,0.3,2e-09,0.7400000000000001,0.0049236035985016045,0.8652530954140217,-418.9374000000000251,-384.40159999999997353,-413.33369594280821957,-13459.937228406475697,-13390.569794296894543,-13448.681818890643626
0.03057956,0.03778977,0.027964429800000003,0.2513226502018911,0.04867734979810887,0.3,2e-09,0.7400000000000001,0.0049236035985016045,0.8652530954140217,-270.18500000000000227,-236.59780000000000655,-264.73521372286984388,-8611.076590800665144,-8533.502473799939253,-8598.489582705586145
0.03059362,0.1052911,0.07791541400000002,0.2513226502018911,0.04867734979810887,0.3,2e-09,0.7400000000000001,0.0049236035985016045,0.8652530954140217,-686.7373999999999796,-618.89020000000004984,-675.72866037592575594,-21984.886796931859863,-21835.568460674770904,-21960.6587273143341
0.0306117,0.1088163,0.08052406200000002,0.2513226502018911,0.04867734979810887,0.3,2e-09,0.7400000000000001,0.0049236035985016045,0.8652530954140217,-697.56970000000001164,-621.05100000000004457,-685.1539415800114057,-22283.111910450534197,-22104.292251550508809,-22254.09702016034862
0.03064338,0.1512065,0.11189281000000001,0.2513226502018911,0.04867734979810887,0.3,2e-09,0.7400000000000001,0.0049236035985016045,0.8652530954140217,-876.2136000000000422,-787.39649999999994634,-861.80232985082125197,-27996.06258328392505,-27802.569665321090724,-27964.666841780141112
0.03074286,0.06805041,0.05035730340000001,0.2513226502018911,0.04867734979810887,0.3,2e-09,0.7400000000000001,0.0049236035985016045,0.8652530954140217,-479.59480000000002065,-418.92320000000000846,-469.75035767996348568,-15215.115881006982818,-15060.855871925705287,-15190.085986267285989
0.03088824,0.0754724,0.055849576000000005,0.2513226502018911,0.04867734979810887,0.3,2e-09,0.7400000000000001,0.0049236035985016045,0.8652530954140217,-518.34609999999997854,-447.86230000000000473,-506.90955137433343225,-16344.005748493174906,-16169.418709226114515,-16315.677633891109508
0.0309336,0.2751591,0.20361773400000002,0.2513226502018911,0.04867734979810887,0.3,2e-09,0.7400000000000001,0.0049236035985016045,0.8652530954140217,-1237.1869999999998981,-1107.3989999999998872,-1216.1278804146766106,-39141.111097525157675,-38863.770099187386222,-39096.11034822700458
0.0309908,0.3291281,0.24355479400000002,0.2513226502018911,0.04867734979810887,0.3,2e-09,0.7400000000000001,0.0049236035985016045,0.8652530954140217,-1355.0920000000000982,-1213.1579999999999018,-1332.062096779184003,-42794.016194334544707,-42490.73984938411013,-42744.80723190572462
0.03108853,0.05445131,0.040293969400000004,0.2513226502018911,0.04867734979810887,0.3,2e-09,0.7400000000000001,0.0049236035985016045,0.8652530954140217,-411.6139999999999759,-380.15449999999998454,-406.50944971342124745,-13006.275689321868413,-12949.5377214837644715,-12997.069509630902758
0.03110374,0.1724731,0.127630094,0.2513226502018911,0.04867734979810887,0.3,2e-09,0.7400000000000001,0.0049236035985016045,0.8652530954140217,-951.3352999999999611,-844.06169999999997344,-933.9293181623252167,-29897.883250003309513,-29662.411595193851099,-29859.676129640974978
0.03116938,0.04783293,0.03539636820000001,0.2513226502018911,0.04867734979810887,0.3,2e-09,0.7400000000000001,0.0049236035985016045,0.8652530954140217,-361.210899999999981,-332.42020000000002256,-356.5393834172252241,-11375.680229983816389,-11328.044311116298559,-11367.950929031587293
0.03124685,0.141579,0.10476846000000002,0.2513226502018911,0.04867734979810887,0.3,2e-09,0.7400000000000001,0.0049236035985016045,0.8652530954140217,-861.7360999999999649,-784.54920000000004165,-849.21192089622775256,-27050.944960603930667,-26904.400056507078261,-27027.166902077751729
0.03124915,0.2569378,0.190133972,0.2513226502018911,0.04867734979810887,0.3,2e-09,0.7400000000000001,0.0049236035985016045,0.8652530954140217,-1202.2970000000000255,-1072.4710000000000036,-1181.23171461703555,-37638.355414534824376,-37357.177484159648884,-37592.732092960221053
0.03128203,0.1903825,0.14088305000000004,0.2513226502018911,0.04867734979810887,0.3,2e-09,0.7400000000000001,0.0049236035985016045,0.8652530954140217,-1029.9190000000000964,-930.6435000000000173,-1013.81077253372620817,-32262.997397298189753,-32063.123514725473797,-32230.566294306525378
0.03130802,0.02972919,0.021999600600000002,0.2513226502018911,0.04867734979810887,0.3,2e-09,0.7400000000000001,0.0049236035985016045,0.8652530954140217,-213.02299999999999613,-183.90260000000000673,-208.29798700979713999,-6616.4639138395568807,-6540.2525369639415658,-6604.098021003656868
0.03132614,0.2102112,0.15555628800000001,0.2513226502018911,0.04867734979810887,0.3,2e-09,0.7400000000000001,0.0049236035985016045,0.8652530954140217,-1077.6179999999999382,-957.8714999999999691,-1058.1881924413357865,-33636.8565079497057,-33373.223160933579493,-33594.079932445871236
0.03147762,0.08925588,0.06604935120000001,0.2513226502018911,0.04867734979810887,0.3,2e-09,0.7400000000000001,0.0049236035985016045,0.8652530954140217,-621.46640000000002146,-564.14409999999998035,-612.16540783889286104,-19355.16894002565823,-19250.217607853508525,-19338.139764332583582
0.03166181,0.04316991,0.0319457334,0.2513226502018911,0.04867734979810887,0.3,2e-09,0.7400000000000001,0.0049236035985016045,0.8652530954140217,-326.0625,-294.92320000000000846,-321.00990467143913065,-10084.420861547931054,-10026.936290153718801,-10075.093539582096128
0.03173807,0.2658526,0.19673092400000003,0.2513226502018911,0.04867734979810887,0.3,2e-09,0.7400000000000001,0.0049236035985016045,0.8652530954140217,-1243.1449999999999818,-1111.9849999999999,-1221.8632626682667706,-38334.761270535011136,-38060.516664659400703,-38290.26293516683654
0.03188786,0.06110057,0.04521442180000001,0.2513226502018911,0.04867734979810887,0.3,2e-09,0.7400000000000001,0.0049236035985016045,0.8652530954140217,-463.2370000000000232,-419.34660000000002356,-456.1154388214035862,-14236.886970626539551,-14141.531068800633875,-14221.4147286648931185
0.031933,0.02401822,0.017773482800000004,0.2513226502018911,0.04867734979810887,0.3,2e-09,0.7400000000000001,0.0049236035985016045,0.8652530954140217,-172.67480000000000473,-152.93309999999999604,-169.47155454496891025,-5272.132395622963486,-5218.5060445408844316,-5263.4311001229016256
0.03208334,0.05006079,0.037044984600000004,0.2513226502018911,0.04867734979810887,0.3,2e-09,0.7400000000000001,0.0049236035985016045,0.8652530954140217,-390.5018000000000029,-361.81040000000001555,-385.8463956200084226,-11962.022801880564657,-11917.335380234722834,-11954.771917697129538
0.03216758,0.08075077,0.059755569800000005,0.2513226502018911,0.04867734979810887,0.3,2e-09,0.7400000000000001,0.0049236035985016045,0.8652530954140217,-572.75519999999994525,-504.03710000000000946,-561.60515002946181085,-17385.655109964634903,-17237.18510228609739,-17361.564688303646108
0.03218263,0.284894,0.21082156000000002,0.2513226502018911,0.04867734979810887,0.3,2e-09,0.7400000000000001,0.0049236035985016045,0.8652530954140217,-1310.7210000000000036,-1179.474999999999909,-1289.4253084946578838,-39894.687779785999737,-39631.495442851111875,-39851.982761622130056
0.03219255,0.05886103,0.043557162200000006,0.2513226502018911,0.04867734979810887,0.3,2e-09,0.7400000000000001,0.0049236035985016045,0.8652530954140217,-454.90589999999997417,-416.0624000000000251,-448.60323787705715404,-13867.656873265581453,-13789.908985659458267,-13855.041669528689454
0.03231007,0.1241239,0.09185168600000002,0.2513226502018911,0.04867734979810887,0.3,2e-09,0.7400000000000001,0.0049236035985016045,0.8652530954140217,-792.98490000000003874,-699.5317000000000007,-777.82138631282452934,-23976.458422585594235,-23774.453641322466865,-23943.681564590806374
0.03231355,0.09536917,0.07057318580000001,0.2513226502018911,0.04867734979810887,0.3,2e-09,0.7400000000000001,0.0049236035985016045,0.8652530954140217,-678.97889999999995325,-625.15989999999999327,-670.2463457040518051,-20643.096801388779568,-20554.513873596009944,-20628.723527514415764
0.03235353,0.05226049,0.03867276260000001,0.2513226502018911,0.04867734979810887,0.3,2e-09,0.7400000000000001,0.0049236035985016045,0.8652530954140217,-411.55169999999998254,-381.99619999999998754,-406.7560886268066156,-12506.307980317127658,-12459.4386980502476945,-12498.703072158155919
0.03239449,0.09857186,0.0729431764,0.2513226502018911,0.04867734979810887,0.3,2e-09,0.7400000000000001,0.0049236035985016045,0.8652530954140217,-698.48279999999999745,-642.67259999999998854,-689.42715790765851125,-21181.954019483895536,-21086.223538664846274,-21166.420999146663235
0.03242074,0.2172955,0.16079867000000003,0.2513226502018911,0.04867734979810887,0.3,2e-09,0.7400000000000001,0.0049236035985016045,0.8652530954140217,-1135.7570000000000618,-1014.9189999999999827,-1116.1500880169869561,-34284.451697466844053,-34036.71302169831324,-34244.254156870490988
0.03255678,0.1,0.07400000000000001,0.2513226502018911,0.04867734979810887,0.3,2e-09,0.7400000000000001,0.0049236035985016045,0.8652530954140217,-708.90650000000005093,-651.2847000000000435,-699.55691161801109956,-21387.440059253262007,-21286.258798727969406,-21371.02260721458515
0.0326332,0.083503,0.06179222,0.2513226502018911,0.04867734979810887,0.3,2e-09,0.7400000000000001,0.0049236035985016045,0.8652530954140217,-600.69629999999995107,-535.217899999999986,-590.0719167299315586,-18004.158893702293426,-17873.412443994238856,-17982.944258144623745
0.0327892,0.1201071,0.088879254,0.2513226502018911,0.04867734979810887,0.3,2e-09,0.7400000000000001,0.0049236035985016045,0.8652530954140217,-784.81330000000002656,-690.17250000000001364,-769.45708891075707925,-23375.228123420441989,-23168.989106772594823,-23341.76422756915781
0.03282279,0.1282749,0.094923426,0.2513226502018911,0.04867734979810887,0.3,2e-09,0.7400000000000001,0.0049236035985016045,0.8652530954140217,-828.8727000000000089,-739.7373999999999796,-814.4097994084686434,-24709.457183283961058,-24531.375240643672441,-24680.561993235198315
0.03293318,0.3058304,0.22631449600000003,0.2513226502018911,0.04867734979810887,0.3,2e-09,0.7400000000000001,0.0049236035985016045,0.8652530954140217,-1384.9100000000000819,-1244.553000000000111,-1362.1359773812894218,-41189.995819903815573,-40913.025645664398326,-41145.0552397201609
0.03297799,0.07807541,0.057775803400000006,0.2513226502018911,0.04867734979810887,0.3,2e-09,0.7400000000000001,0.0049236035985016045,0.8652530954140217,-568.6630000000000109,-497.93909999999999627,-557.18749326871170524,-16828.650764239260752,-16675.210871617608063,-16803.753939818830986
0.03300929,0.1124578,0.08321877200000001,0.2513226502018911,0.04867734979810887,0.3,2e-09,0.7400000000000001,0.0049236035985016045,0.8652530954140217,-761.8787999999999556,-676.508199999999988,-748.02675147108516285,-22570.683091801656701,-22386.608651011931215,-22540.81557199094459
0.03301604,0.03438245,0.025443013000000004,0.2513226502018911,0.04867734979810887,0.3,2e-09,0.7400000000000001,0.0049236035985016045,0.8652530954140217,-262.0643000000000029,-228.6939000000000135,-256.6496912209906327,-7734.6317591326478578,-7660.581260471964015,-7722.6164857125459093
0.03303446,0.1018777,0.07538949800000001,0.2513226502018911,0.04867734979810887,0.3,2e-09,0.7400000000000001,0.0049236035985016045,0.8652530954140217,-727.50540000000000873,-666.70889999999997144,-717.64069167666423255,-21625.990782701876014,-21516.474053339326929,-21608.22083555545396
0.03312021,0.2033721,0.15049535400000003,0.2513226502018911,0.04867734979810887,0.3,2e-09,0.7400000000000001,0.0049236035985016045,0.8652530954140217,-1121.4700000000000273,-1007.2820000000000391,-1102.9421026041784444,-33164.555325669054582,-32936.90474978514976,-33127.6172366222454
0.03313907,0.09226529,0.06827631460000001,0.2513226502018911,0.04867734979810887,0.3,2e-09,0.7400000000000001,0.0049236035985016045,0.8652530954140217,-675.514699999999948,-620.8651999999999589,-666.6473905740274404,-20023.392449351569667,-19935.903470493380155,-20009.196677260370052
0.03322845,0.1325646,0.09809780400000001,0.2513226502018911,0.04867734979810887,0.3,2e-09,0.7400000000000001,0.0049236035985016045,0.8652530954140217,-865.44000000000005457,-782.1408000000000129,-851.92405234565785577,-25529.254099040863366,-25375.97297287755282,-25504.383035721864871
0.03359303,0.1369977,0.10137829800000002,0.2513226502018911,0.04867734979810887,0.3,2e-09,0.7400000000000001,0.0049236035985016045,0.8652530954140217,-901.46550000000002,-822.85170000000005075,-888.7097951948047694,-26340.630202071966778,-26205.797504511534498,-26318.752540794059314
0.03363315,0.06337419,0.046896900600000006,0.2513226502018911,0.04867734979810887,0.3,2e-09,0.7400000000000001,0.0049236035985016045,0.8652530954140217,-500.33019999999999072,-450.60359999999997171,-492.26166965843117396,-14573.554606955147392,-14469.373156330873826,-14556.650350573439937
0.03374604,0.3554955,0.26306667000000006,0.2513226502018911,0.04867734979810887,0.3,2e-09,0.7400000000000001,0.0049236035985016045,0.8652530954140217,-1525.9949999999998909,-1375.9570000000001073,-1501.6501593033042354,-44318.00893654729589,-44034.583284375752555,-44272.020904505588987
0.03378773,0.04554969,0.033706770600000005,0.2513226502018911,0.04867734979810887,0.3,2e-09,0.7400000000000001,0.0049236035985016045,0.8652530954140217,-369.86860000000001492,-340.03070000000002437,-365.0271670148633234,-10748.329604907956309,-10702.278111346797232,-10740.857389371949466
0.03385936,0.3171471,0.23468885400000003,0.2513226502018911,0.04867734979810887,0.3,2e-09,0.7400000000000001,0.0049236035985016045,0.8652530954140217,-1449.553000000000111,-1307.7049999999999272,-1426.5370509527929244,-41960.456284317420796,-41694.60093031350698,-41917.319170775590464
0.03402444,0.2246385,0.16623249,0.2513226502018911,0.04867734979810887,0.3,2e-09,0.7400000000000001,0.0049236035985016045,0.8652530954140217,-1217.9420000000000073,-1099.6700000000000728,-1198.7514416155934214,-35089.10144078857411,-34870.82998199134454,-35053.68518695251987
0.03403962,0.240164,0.17772136000000002,0.2513226502018911,0.04867734979810887,0.3,2e-09,0.7400000000000001,0.0049236035985016045,0.8652530954140217,-1268.9629999999999654,-1150.1430000000000291,-1249.6835243232956145,-36561.957030063815182,-36344.8282108134008,-36526.726178444136167
0.03407554,0.07293712,0.0539734688,0.2513226502018911,0.04867734979810887,0.3,2e-09,0.7400000000000001,0.0049236035985016045,0.8652530954140217,-555.6699999999999591,-486.41109999999997626,-544.43220099355914954,-15916.896532714214118,-15767.147497814305098,-15892.5985788683719875
0.03410791,0.1463136,0.108272064,0.2513226502018911,0.04867734979810887,0.3,2e-09,0.7400000000000001,0.0049236035985016045,0.8652530954140217,-958.42819999999994707,-877.04319999999995616,-945.22284628893623903,-27594.40134737196422,-27453.520676872489275,-27571.54235511297884
0.0341413,0.4035434,0.29862211600000005,0.2513226502018911,0.04867734979810887,0.3,2e-09,0.7400000000000001,0.0049236035985016045,0.8652530954140217,-1636.7650000000001,-1478.1539999999999964,-1611.0291229039071368,-46997.36643566870771,-46703.84974286659417,-46949.74105324500124
0.03425715,0.2322556,0.17186914400000003,0.2513226502018911,0.04867734979810887,0.3,2e-09,0.7400000000000001,0.0049236035985016045,0.8652530954140217,-1253.6630000000000109,-1137.3779999999999291,-1234.7948479290896557,-35897.38198043396551,-35689.180044221575372,-35863.59958550844749
0.03434331,0.08633657,0.06388906180000001,0.2513226502018911,0.04867734979810887,0.3,2e-09,0.7400000000000001,0.0049236035985016045,0.8652530954140217,-653.86760000000003856,-592.282100000000014,-643.8748702466951954,-18667.950046008809295,-18561.789833770504629,-18650.724720056256047
0.03450179,0.04062557,0.030062921800000003,0.2513226502018911,0.04867734979810887,0.3,2e-09,0.7400000000000001,0.0049236035985016045,0.8652530954140217,-330.3879999999999768,-297.57650000000001,-325.06407712366444684,-9375.533271675878495,-9317.853319408515745,-9366.174247633021878
0.03455628,0.1967662,0.14560698800000002,0.2513226502018911,0.04867734979810887,0.3,2e-09,0.7400000000000001,0.0049236035985016045,0.8652530954140217,-1153.9200000000000728,-1047.8679999999999382,-1136.712232330703273,-32761.045023301969195,-32570.409042506118567,-32730.112842230948445
0.03005766,0.01934601,0.014509507500000003,0.2513226502018911,0.04867734979810887,0.3,2e-09,0.7500000000000001,0.004987661193841876,0.8781182261401658,-124.951400000000006685,-114.13089999999999691,-123.19568912169853547,-4061.8352024920914118,-4028.0788877798477188,-4056.3579760282814277
0.03009373,0.009696056,0.007272042000000001,0.2513226502018911,0.04867734979810887,0.3,2e-09,0.7500000000000001,0.004987661193841876,0.8781182261401658,-45.605440000000001532,-44.551139999999996633,-45.434371567026175853,-1473.5207007577332661,-1469.9533105116809111,-1472.9418637481549013
0.03011114,0.1987815,0.149086125,0.2513226502018911,0.04867734979810887,0.3,2e-09,0.7500000000000001,0.004987661193841876,0.8781182261401658,-1023.3350000000000364,-917.1961000000000013,-1006.1131321250450128,-33265.644898714876035,-33030.25209936394822,-33227.450573268339213
0.03014928,0.007701851,0.005776388250000001,0.2513226502018911,0.04867734979810887,0.3,2e-09,0.7500000000000001,0.004987661193841876,0.8781182261401658,-31.289290000000001157,-30.842790000000000816,-31.216841877717147469,-999.3360566541002754,-997.79111256197791135,-999.0853773741309851
0.03017839,0.01220661,0.009154957500000001,0.2513226502018911,0.04867734979810887,0.3,2e-09,0.7500000000000001,0.004987661193841876,0.8781182261401658,-65.70677999999999486,-63.287469999999999004,-65.314228002866443035,-2127.8253636279746388,-2119.8763283948983371,-2126.5355703993145653
0.03017922,0.4077542,0.30581565000000005,0.2513226502018911,0.04867734979810887,0.3,2e-09,0.7500000000000001,0.004987661193841876,0.8781182261401658,-1475.2699999999999818,-1315.8489999999999327,-1449.4026940594521875,-47819.238797682926815,-47462.33197479951923,-47761.327870140165032
0.03018434,0.01536721,0.011525407500000001,0.2513226502018911,0.04867734979810887,0.3,2e-09,0.7500000000000001,0.004987661193841876,0.8781182261401658,-92.225579999999993674,-86.92114999999999725,-91.3648946847013832,-2990.1707060477228879,-2973.2024321817948476,-2987.4174707062497873
0.03023832,0.1478119,0.11085892500000001,0.2513226502018911,0.04867734979810887,0.3,2e-09,0.7500000000000001,0.004987661193841876,0.8781182261401658,-863.3268000000000484,-781.77530000000001564,-850.0944303597983662,-27983.907380155265855,-27814.140884631546214,-27956.361436533239612
0.03026708,0.1213371,0.09100282500000001,0.2513226502018911,0.04867734979810887,0.3,2e-09,0.7500000000000001,0.004987661193841876,0.8781182261401658,-735.3309000000000424,-640.4999000000000251,-719.94382747098507025,-23690.766605508608336,-23456.765725596782431,-23652.798129893493751
0.03037131,0.4495643,0.337173225,0.2513226502018911,0.04867734979810887,0.3,2e-09,0.7500000000000001,0.004987661193841876,0.8781182261401658,-1550.7349999999999,-1384.4770000000000891,-1523.7583372575531939,-49955.447064900123223,-49587.35881875245832,-49895.721863852450042
0.03038014,0.5058784,0.37940880000000005,0.2513226502018911,0.04867734979810887,0.3,2e-09,0.7500000000000001,0.004987661193841876,0.8781182261401658,-1632.0109999999999673,-1457.1610000000000582,-1603.6402179593353594,-52559.09726542741555,-52172.42267380249541,-52496.356284245521238
0.03038894,1.221933,0.9164497500000001,0.2513226502018911,0.04867734979810887,0.3,2e-09,0.7500000000000001,0.004987661193841876,0.8781182261401658,-2263.793999999999869,-2021.6199999999998909,-2224.4993716333087832,-72886.72500924550695,-72352.13750004675239,-72799.98399863560917
0.03039476,0.9717395,0.7288046250000001,0.2513226502018911,0.04867734979810887,0.3,2e-09,0.7500000000000001,0.004987661193841876,0.8781182261401658,-2096.3449999999998,-1872.0909999999998945,-2059.9580319945825977,-67482.57618457628996,-66987.644010396368685,-67402.26956267996866
0.03040077,0.7864278,0.5898208500000001,0.2513226502018911,0.04867734979810887,0.3,2e-09,0.7500000000000001,0.004987661193841876,0.8781182261401658,-1943.8440000000000509,-1735.9049999999999727,-1910.1042685344366419,-62561.126547488929646,-62102.258776150425547,-62486.671657433842483
0.03040647,0.6687982,0.50159865,0.2513226502018911,0.04867734979810887,0.3,2e-09,0.7500000000000001,0.004987661193841876,0.8781182261401658,-1828.7049999999999272,-1633.08400000000006,-1796.9639605171469157,-58844.496843275046558,-58412.806031813059235,-58774.451627827824268
0.03040915,0.5949721,0.4462290750000001,0.2513226502018911,0.04867734979810887,0.3,2e-09,0.7500000000000001,0.004987661193841876,0.8781182261401658,-1746.4420000000000073,-1559.6069999999999709,-1716.1265578349009502,-56192.413149104992044,-55780.080403500556713,-56125.508931468313676
0.0304155,0.5441214,0.40809105000000007,0.2513226502018911,0.04867734979810887,0.3,2e-09,0.7500000000000001,0.004987661193841876,0.8781182261401658,-1684.4149999999999636,-1504.2280000000000655,-1655.1782479064270319,-54185.397127179465315,-53787.77671881637798,-54120.880101496935822
0.03045664,0.4752332,0.35642490000000004,0.2513226502018911,0.04867734979810887,0.3,2e-09,0.7500000000000001,0.004987661193841876,0.8781182261401658,-1593.0860000000000127,-1422.91599999999994,-1565.4745846161858935,-51179.69507076687296,-50804.99709742689447,-51118.897389710487914
0.03047707,0.1685993,0.12644947500000003,0.2513226502018911,0.04867734979810887,0.3,2e-09,0.7500000000000001,0.004987661193841876,0.8781182261401658,-924.22509999999999764,-813.856899999999996,-906.31699507337441446,-29615.547942104414687,-29356.685593845533731,-29573.545498518553359
0.0305116,0.3740016,0.2805012,0.2513226502018911,0.04867734979810887,0.3,2e-09,0.7500000000000001,0.004987661193841876,0.8781182261401658,-1433.5429999999998927,-1280.7280000000000655,-1408.7475693020064682,-45973.04512376889761,-45637.670440145440807,-45918.627954474992293
0.03053721,0.1800698,0.13505235000000002,0.2513226502018911,0.04867734979810887,0.3,2e-09,0.7500000000000001,0.004987661193841876,0.8781182261401658,-973.15980000000001837,-869.82600000000002183,-956.3930815714405753,-31182.850290092679643,-30960.101979076105636,-31146.707631918372499
0.03054095,0.427377,0.32053275000000003,0.2513226502018911,0.04867734979810887,0.3,2e-09,0.7500000000000001,0.004987661193841876,0.8781182261401658,-1524.9230000000000018,-1362.5570000000000164,-1498.5778447422674162,-48857.798842020507436,-48501.955495734924625,-48800.060471885590232
0.03060017,0.05723303,0.04292477250000001,0.2513226502018911,0.04867734979810887,0.3,2e-09,0.7500000000000001,0.004987661193841876,0.8781182261401658,-423.47519999999997253,-388.67509999999998627,-417.8286111976360644,-13584.770458745553697,-13515.0953168362630095,-13573.465121229048236
0.03060676,0.06636416,0.04977312000000001,0.2513226502018911,0.04867734979810887,0.3,2e-09,0.7500000000000001,0.004987661193841876,0.8781182261401658,-471.72579999999999245,-416.37590000000000146,-462.74484518803211586,-15053.980487125141735,-14915.434460701819262,-15031.500309153987473
0.03066238,0.03820452,0.028653390000000004,0.2513226502018911,0.04867734979810887,0.3,2e-09,0.7500000000000001,0.004987661193841876,0.8781182261401658,-273.101099999999974,-239.45689999999999031,-267.64206502640814733,-8683.314332954400015,-8606.055247706734008,-8670.778441228791053
0.03068282,0.1063694,0.07977705000000002,0.2513226502018911,0.04867734979810887,0.3,2e-09,0.7500000000000001,0.004987661193841876,0.8781182261401658,-697.25270000000000437,-628.90650000000005093,-686.16299371742832136,-22262.765665569822886,-22113.435595689970796,-22238.535692080095032
0.03069536,0.1174101,0.08805757500000001,0.2513226502018911,0.04867734979810887,0.3,2e-09,0.7500000000000001,0.004987661193841876,0.8781182261401658,-730.67399999999997817,-638.7717999999999847,-715.7621482112807598,-23225.294476945739007,-23001.224438390716386,-23188.937358125676838
0.03069955,0.3900984,0.29257380000000005,0.2513226502018911,0.04867734979810887,0.3,2e-09,0.7500000000000001,0.004987661193841876,0.8781182261401658,-1470.8869999999999436,-1315.1669999999999163,-1445.6202102981280859,-46888.492438991495874,-46549.823666450436576,-46833.540777969232295
0.03071518,0.3454004,0.2590503,0.2513226502018911,0.04867734979810887,0.3,2e-09,0.7500000000000001,0.004987661193841876,0.8781182261401658,-1390.071999999999889,-1242.8789999999999054,-1366.188782837223016,-44289.706124947675562,-43969.329412920196773,-44237.722494019239093
0.03074026,0.07118829,0.05339121750000001,0.2513226502018911,0.04867734979810887,0.3,2e-09,0.7500000000000001,0.004987661193841876,0.8781182261401658,-495.89030000000002474,-430.34510000000000218,-485.2550779067099711,-15722.351794453625189,-15555.201488471215271,-15695.2303480764021515
0.03080707,0.298134,0.22360050000000004,0.2513226502018911,0.04867734979810887,0.3,2e-09,0.7500000000000001,0.004987661193841876,0.8781182261401658,-1297.1849999999999454,-1160.1279999999999291,-1274.9464282290684878,-41208.893409568692732,-40911.179295794732752,-41160.58696271532972
0.03080943,0.1099307,0.08244802500000002,0.2513226502018911,0.04867734979810887,0.3,2e-09,0.7500000000000001,0.004987661193841876,0.8781182261401658,-710.88390000000003965,-633.84180000000003474,-698.38321583039703455,-22571.121779507444444,-22393.399508742942999,-22542.284949037715705
0.03082645,0.2509307,0.18819802500000005,0.2513226502018911,0.04867734979810887,0.3,2e-09,0.7500000000000001,0.004987661193841876,0.8781182261401658,-1187.0909999999998945,-1061.3910000000000764,-1166.6951904345921776,-37686.34343937478843,-37411.946705358255713,-37641.820420024181658
0.03097613,0.06874957,0.05156217750000001,0.2513226502018911,0.04867734979810887,0.3,2e-09,0.7500000000000001,0.004987661193841876,0.8781182261401658,-488.24430000000000973,-427.35439999999999827,-478.36443679509375215,-15379.709047394846493,-15227.200032007798654,-15354.963265096976102
0.03102399,0.1578633,0.11839747500000003,0.2513226502018911,0.04867734979810887,0.3,2e-09,0.7500000000000001,0.004987661193841876,0.8781182261401658,-911.0398000000000138,-811.69479999999998654,-894.9202956143561778,-28725.556749931984086,-28502.679803980332508,-28689.393219731904537
0.03103707,0.1631428,0.12235710000000002,0.2513226502018911,0.04867734979810887,0.3,2e-09,0.7500000000000001,0.004987661193841876,0.8781182261401658,-924.0965999999999667,-816.8446999999999889,-906.69413915729387554,-29094.770881495307549,-28848.01048101763081,-29054.73207372739489
0.03104885,0.1527549,0.11456617500000002,0.2513226502018911,0.04867734979810887,0.3,2e-09,0.7500000000000001,0.004987661193841876,0.8781182261401658,-899.9796999999999798,-810.3269000000000233,-885.43283098006691034,-28393.360585563899804,-28202.492234422770707,-28362.390700584281149
0.03105743,0.0762466,0.057184950000000005,0.2513226502018911,0.04867734979810887,0.3,2e-09,0.7500000000000001,0.004987661193841876,0.8781182261401658,-526.86850000000004,-456.03390000000001692,-515.3750313266363037,-16528.779518013336201,-16355.202604427076949,-16500.61530421495263
0.03116611,0.05501507,0.041261302500000006,0.2513226502018911,0.04867734979810887,0.3,2e-09,0.7500000000000001,0.004987661193841876,0.8781182261401658,-416.2769999999999868,-384.5314000000000192,-411.12602774749711898,-13123.228794748225482,-13066.108210539390711,-13113.9605325542052014
0.03119579,0.09017034,0.06762775500000001,0.2513226502018911,0.04867734979810887,0.3,2e-09,0.7500000000000001,0.004987661193841876,0.8781182261401658,-622.9551000000000158,-565.018100000000004,-613.5543679491564717,-19576.414213938205648,-19468.610066427234415,-19558.92214661127582
0.03120058,0.2779841,0.20848807500000005,0.2513226502018911,0.04867734979810887,0.3,2e-09,0.7500000000000001,0.004987661193841876,0.8781182261401658,-1267.4760000000001128,-1136.0299999999999727,-1246.1478569281259752,-39770.83862078319362,-39494.071150220283016,-39725.930930858761712
0.03129003,0.04833317,0.036249877500000006,0.2513226502018911,0.04867734979810887,0.3,2e-09,0.7500000000000001,0.004987661193841876,0.8781182261401658,-365.58960000000001855,-336.52300000000002456,-360.87331648119430838,-11471.404109401535607,-11423.354144703735074,-11463.607626270262699
0.03130144,0.03010363,0.0225777225,0.2513226502018911,0.04867734979810887,0.3,2e-09,0.7500000000000001,0.004987661193841876,0.8781182261401658,-214.81850000000000023,-185.7143000000000086,-210.09611558668623843,-6675.735733742612865,-6599.8056285659213245,-6663.4154794429696267
0.0313194,0.3325219,0.24939142500000003,0.2513226502018911,0.04867734979810887,0.3,2e-09,0.7500000000000001,0.004987661193841876,0.8781182261401658,-1391.7400000000000091,-1247.95900000000006,-1368.4104065622602775,-43508.1260534609537,-43206.356809148819593,-43459.161629915310186
0.03135075,0.1742394,0.13067955,0.2513226502018911,0.04867734979810887,0.3,2e-09,0.7500000000000001,0.004987661193841876,0.8781182261401658,-972.38980000000003656,-863.82590000000004693,-954.7744568808435588,-30329.403090242485632,-30094.18750002253364,-30291.237518365465803
0.03137402,0.1,0.07500000000000001,0.2513226502018911,0.04867734979810887,0.3,2e-09,0.7500000000000001,0.004987661193841876,0.8781182261401658,-686.94659999999998945,-630.2097999999999729,-677.74060979991543263,-21500.538450578362244,-21397.405066460309172,-21483.804251196434052
0.03154561,0.1430289,0.10727167500000001,0.2513226502018911,0.04867734979810887,0.3,2e-09,0.7500000000000001,0.004987661193841876,0.8781182261401658,-881.5226999999999862,-803.4654000000000451,-868.8572916786802125,-27419.437735039744439,-27273.527487175881106,-27395.762654458416364
0.03159006,0.2595733,0.19467997500000003,0.2513226502018911,0.04867734979810887,0.3,2e-09,0.7500000000000001,0.004987661193841876,0.8781182261401658,-1234.2280000000000655,-1102.7449999999998909,-1212.8938533883174387,-38236.81215657357825,-37957.137918693922984,-38191.432820884278044
0.03171907,0.04362777,0.03272082750000001,0.2513226502018911,0.04867734979810887,0.3,2e-09,0.7500000000000001,0.004987661193841876,0.8781182261401658,-329.2955000000000041,-297.9689000000000192,-324.21251377938187943,-10168.093759829282135,-10110.32662225704189,-10158.720589287817347
0.03181911,0.2123646,0.15927345,0.2513226502018911,0.04867734979810887,0.3,2e-09,0.7500000000000001,0.004987661193841876,0.8781182261401658,-1110.7010000000000218,-989.4777000000000271,-1091.0315700740629836,-34149.96657710342697,-33889.798920772154815,-34107.752337058787816
0.03187243,0.024336,0.018252000000000004,0.2513226502018911,0.04867734979810887,0.3,2e-09,0.7500000000000001,0.004987661193841876,0.8781182261401658,-173.731899999999996,-153.98500000000001364,-170.52781080423906701,-5315.638269500781462,-5262.03223129502112,-5306.9402699240063157
0.03198073,0.09634605,0.07225953750000001,0.2513226502018911,0.04867734979810887,0.3,2e-09,0.7500000000000001,0.004987661193841876,0.8781182261401658,-679.9011000000000422,-625.494199999999978,-671.07315432423092716,-20885.655829475377686,-20794.497943429927545,-20870.864748455740482
0.03200202,0.2685806,0.20143545000000004,0.2513226502018911,0.04867734979810887,0.3,2e-09,0.7500000000000001,0.004987661193841876,0.8781182261401658,-1273.0109999999999673,-1140.1279999999999291,-1251.4496924225927614,-38945.554692564968718,-38671.529321152425837,-38901.091929705617076
0.03204371,0.06173005,0.046297537500000006,0.2513226502018911,0.04867734979810887,0.3,2e-09,0.7500000000000001,0.004987661193841876,0.8781182261401658,-469.97710000000000719,-425.86470000000002756,-462.8195175825529759,-14377.975953961558844,-14283.138393887393249,-14362.5878170091273205
0.03209699,0.1860981,0.139573575,0.2513226502018911,0.04867734979810887,0.3,2e-09,0.7500000000000001,0.004987661193841876,0.8781182261401658,-1048.7059999999999036,-949.00310000000001764,-1032.5284235360470575,-32031.780383094224817,-31840.20839408237589,-32000.696327358724375
0.03222401,0.09958146,0.07468609500000001,0.2513226502018911,0.04867734979810887,0.3,2e-09,0.7500000000000001,0.004987661193841876,0.8781182261401658,-703.1027000000000271,-646.73850000000004457,-693.9571670683646971,-21436.392504330957308,-21338.919031704775989,-21420.576669920752465
0.03222442,0.0505821,0.03793657500000001,0.2513226502018911,0.04867734979810887,0.3,2e-09,0.7500000000000001,0.004987661193841876,0.8781182261401658,-395.49979999999999336,-366.512299999999982,-390.79635107575768416,-12064.356567821616409,-12019.283117146871518,-12057.0430474046079325
0.03223099,0.08157858,0.06118393500000001,0.2513226502018911,0.04867734979810887,0.3,2e-09,0.7500000000000001,0.004987661193841876,0.8781182261401658,-580.25679999999999836,-511.04759999999998854,-569.02706520784238364,-17583.140110856875253,-17434.21435210902564,-17558.975740015146584
0.03229345,0.05946824,0.044601180000000004,0.2513226502018911,0.04867734979810887,0.3,2e-09,0.7500000000000001,0.004987661193841876,0.8781182261401658,-460.59969999999998436,-421.51369999999997162,-454.2576903526369847,-14000.567190338204455,-13922.870721027120453,-13987.960329622424979
0.03244301,0.05280294,0.03960220500000001,0.2513226502018911,0.04867734979810887,0.3,2e-09,0.7500000000000001,0.004987661193841876,0.8781182261401658,-416.23210000000000264,-386.37920000000002574,-411.38823314737345527,-12615.725432848499622,-12568.409525324752394,-12608.0480562433367595
0.03252506,0.1029211,0.07719082500000002,0.2513226502018911,0.04867734979810887,0.3,2e-09,0.7500000000000001,0.004987661193841876,0.8781182261401658,-725.1838000000000193,-663.922800000000052,-715.24372291339352614,-21892.886051939090976,-21780.099811113581382,-21874.585600948834326
0.0325491,0.2878206,0.21586545000000001,0.2513226502018911,0.04867734979810887,0.3,2e-09,0.7500000000000001,0.004987661193841876,0.8781182261401658,-1346.6690000000000964,-1213.8079999999999927,-1325.1112620949115808,-40544.15740371048014,-40282.836191047717875,-40501.75599011563463
0.03260604,0.08435882,0.06326911500000001,0.2513226502018911,0.04867734979810887,0.3,2e-09,0.7500000000000001,0.004987661193841876,0.8781182261401658,-606.9130000000000109,-540.8807000000000471,-596.19874211642104456,-18208.597806955785927,-18076.584985693458293,-18187.177692694378493
0.03270021,0.2195217,0.164641275,0.2513226502018911,0.04867734979810887,0.3,2e-09,0.7500000000000001,0.004987661193841876,0.8781182261401658,-1162.6279999999999291,-1040.2539999999999054,-1142.7718599860206723,-34807.79474143164407,-34560.441318883742497,-34767.659711187894573
0.03281933,0.09321047,0.0699078525,0.2513226502018911,0.04867734979810887,0.3,2e-09,0.7500000000000001,0.004987661193841876,0.8781182261401658,-676.74480000000005475,-621.47630000000003747,-667.77705297561078623,-20254.698005039284908,-20164.647552764239663,-20240.086613823048538
0.0329787,0.308977,0.23173275000000004,0.2513226502018911,0.04867734979810887,0.3,2e-09,0.7500000000000001,0.004987661193841876,0.8781182261401658,-1409.3089999999999691,-1267.1720000000000255,-1386.2461584391539873,-41866.87177312665881,-41587.308502368097834,-41821.510442721926665
0.03309868,0.03477653,0.026082397500000003,0.2513226502018911,0.04867734979810887,0.3,2e-09,0.7500000000000001,0.004987661193841876,0.8781182261401658,-264.87959999999998217,-231.51400000000001,-259.46577005858733855,-7800.9172696964806164,-7727.3618636480459827,-7788.982328930607764
0.03311453,0.07887603,0.05915702250000001,0.2513226502018911,0.04867734979810887,0.3,2e-09,0.7500000000000001,0.004987661193841876,0.8781182261401658,-577.31349999999997635,-506.168200000000013,-565.7696178180286779,-17019.680259100463445,-16866.575452131051861,-16994.83780495171959
0.03327265,0.1136094,0.08520705,0.2513226502018911,0.04867734979810887,0.3,2e-09,0.7500000000000001,0.004987661193841876,0.8781182261401658,-777.740099999999984,-691.783800000000042,-763.7930170584959342,-22867.33958377930685,-22684.781981662985345,-22837.718182924239954
0.03329815,0.1923324,0.14424930000000002,0.2513226502018911,0.04867734979810887,0.3,2e-09,0.7500000000000001,0.004987661193841876,0.8781182261401658,-1111.1199999999998909,-1010.44399999999996,-1094.7845304390850742,-32742.262432534826075,-32558.698451280120935,-32712.477738781930384
0.03330107,0.1253951,0.09404632500000003,0.2513226502018911,0.04867734979810887,0.3,2e-09,0.7500000000000001,0.004987661193841876,0.8781182261401658,-827.42430000000001655,-732.9095999999999549,-812.0885496234554921,-24293.206235312038189,-24098.865015857936669,-24261.672850246843154
0.03361112,0.2054553,0.15409147500000003,0.2513226502018911,0.04867734979810887,0.3,2e-09,0.7500000000000001,0.004987661193841876,0.8781182261401658,-1154.90300000000002,-1039.44399999999996,-1136.1688728988669936,-33670.602825425448827,-33446.029237792492495,-33634.164001823359285
0.0336284,0.1295885,0.09719137500000001,0.2513226502018911,0.04867734979810887,0.3,2e-09,0.7500000000000001,0.004987661193841876,0.8781182261401658,-859.88160000000004857,-769.6690999999999576,-845.24391527112697986,-25035.892602006602829,-24862.416446286064456,-25007.74473696113273
0.03383081,0.04602881,0.03452160750000001,0.2513226502018911,0.04867734979810887,0.3,2e-09,0.7500000000000001,0.004987661193841876,0.8781182261401658,-373.3679000000000201,-343.29160000000001673,-368.48778474755710022,-10837.868310324885897,-10791.379829162015085,-10830.325190127725364
0.0338545,0.06402639,0.04801979250000001,0.2513226502018911,0.04867734979810887,0.3,2e-09,0.7500000000000001,0.004987661193841876,0.8781182261401658,-508.60640000000000782,-458.671100000000024,-500.50400644875497846,-14722.751327760017375,-14619.536117431569437,-14706.003851434539683
0.03389235,0.1384006,0.10380045000000003,0.2513226502018911,0.04867734979810887,0.3,2e-09,0.7500000000000001,0.004987661193841876,0.8781182261401658,-921.4030999999999949,-841.83969999999999345,-908.4933151569103984,-26693.52793447141812,-26558.919826597968495,-26671.686714629358903
0.03408744,0.3591733,0.269379975,0.2513226502018911,0.04867734979810887,0.3,2e-09,0.7500000000000001,0.004987661193841876,0.8781182261401658,-1566.8540000000000418,-1414.7760000000000673,-1542.1781533246771687,-45065.459023354495002,-44782.964985512167914,-45019.622153034717485
0.03412105,0.1339221,0.100441575,0.2513226502018911,0.04867734979810887,0.3,2e-09,0.7500000000000001,0.004987661193841876,0.8781182261401658,-899.8889000000000351,-815.5019999999999527,-886.1964645010731374,-25867.352489112170588,-25718.293938513641478,-25843.166571752557502
0.03417374,0.3204135,0.24031012500000004,0.2513226502018911,0.04867734979810887,0.3,2e-09,0.7500000000000001,0.004987661193841876,0.8781182261401658,-1486.6520000000000437,-1342.9130000000000109,-1463.3292213912320676,-42653.392964501028473,-42388.16675802073587,-42610.35793507280323
0.03419186,0.08722126,0.065415945,0.2513226502018911,0.04867734979810887,0.3,2e-09,0.7500000000000001,0.004987661193841876,0.8781182261401658,-658.3406999999999698,-596.15419999999994616,-648.250453289266261,-18880.197289756673854,-18772.152840679205838,-18862.666231618379243
0.03424158,0.2269403,0.17020522500000004,0.2513226502018911,0.04867734979810887,0.3,2e-09,0.7500000000000001,0.004987661193841876,0.8781182261401658,-1244.1990000000000691,-1124.4410000000000309,-1224.767326476260223,-35628.565549098566407,-35409.936912646866404,-35593.091340390419646
0.03430596,0.07368563,0.05526422250000001,0.2513226502018911,0.04867734979810887,0.3,2e-09,0.7500000000000001,0.004987661193841876,0.8781182261401658,-565.4696999999999889,-495.91950000000002774,-554.18463528690517705,-16095.297610041479857,-15946.885866004187847,-16071.216642112643967
0.0344581,0.2426259,0.18196942500000002,0.2513226502018911,0.04867734979810887,0.3,2e-09,0.7500000000000001,0.004987661193841876,0.8781182261401658,-1304.3040000000000873,-1184.1240000000000236,-1284.8038536708775155,-37139.123326469831227,-36924.076646681889542,-37104.23031828663079
0.03454997,0.2346358,0.17597685000000002,0.2513226502018911,0.04867734979810887,0.3,2e-09,0.7500000000000001,0.004987661193841876,0.8781182261401658,-1283.6389999999998963,-1165.97199999999998,-1264.5466076043528574,-36456.306369178419118,-36248.741987119785335,-36422.627422408098937
0.03458117,0.04106193,0.030796447500000008,0.2513226502018911,0.04867734979810887,0.3,2e-09,0.7500000000000001,0.004987661193841876,0.8781182261401658,-333.8235000000000241,-300.88630000000000564,-328.47918131409909392,-9453.497313449803187,-9395.809021295535786,-9444.1369361949728045
0.03002733,0.1258879,0.081827135,0.2613226502018911,0.04867734979810887,0.31,2e-09,0.65,0.004397387266308984,0.7675137118100495,-728.38400000000001455,-656.87170000000003256,-717.15487341300865864,-23735.587927388321987,-23588.665392987109954,-23712.517606097120733
0.03005207,0.1637892,0.10646298,0.2613226502018911,0.04867734979810887,0.31,2e-09,0.65,0.004397387266308984,0.7675137118100495,-845.3663999999999987,-752.46870000000001255,-830.7792585860006511,-27479.669379034374288,-27272.950361251452705,-27447.209592135855928
0.03006604,0.2206663,0.143433095,0.2613226502018911,0.04867734979810887,0.31,2e-09,0.65,0.004397387266308984,0.7675137118100495,-995.30939999999998236,-886.30939999999998236,-978.19381571614871973,-32341.82079894168055,-32094.604825156813604,-32303.002029807466897
0.03012545,0.01703023,0.0110696495,0.2613226502018911,0.04867734979810887,0.31,2e-09,0.65,0.004397387266308984,0.7675137118100495,-117.09749999999999659,-106.431100000000000705,-115.42262231004337991,-3791.5954064556362937,-3757.1951861448151249,-3786.1937562711141254
0.03018893,0.01352764,0.008792966000000001,0.2613226502018911,0.04867734979810887,0.31,2e-09,0.65,0.004397387266308984,0.7675137118100495,-86.996840000000005944,-81.771529999999998495,-86.17634244298852764,-2815.8652941985055804,-2798.5040628271849528,-2813.1391692553193025
0.03020801,0.2442444,0.15875886,0.2613226502018911,0.04867734979810887,0.31,2e-09,0.65,0.004397387266308984,0.7675137118100495,-1048.54099999999994,-930.07749999999998636,-1029.9394218457796342,-33896.012120680527005,-33625.567232903798867,-33853.545861314662034
0.03021271,0.008535364,0.005547986600000001,0.2613226502018911,0.04867734979810887,0.31,2e-09,0.65,0.004397387266308984,0.7675137118100495,-43.866210000000002367,-42.82417000000000229,-43.70258501424638098,-1409.926667678693093,-1406.2654858527989745,-1409.3517753289720531
0.03023592,0.01074539,0.0069845035,0.2613226502018911,0.04867734979810887,0.31,2e-09,0.65,0.004397387266308984,0.7675137118100495,-62.593600000000002126,-60.207500000000003126,-62.21892572789268172,-2020.2939421569533351,-2012.1540694568398067,-2019.0157891545804887
0.0302805,0.006779881,0.00440692265,0.2613226502018911,0.04867734979810887,0.31,2e-09,0.65,0.004397387266308984,0.7675137118100495,-30.321709999999999496,-29.879349999999998744,-30.252248992075184475,-963.11114444481802366,-961.5162728334399844,-962.8607117889788469
0.03029543,0.05611121,0.0364722865,0.2613226502018911,0.04867734979810887,0.31,2e-09,0.65,0.004397387266308984,0.7675137118100495,-407.85190000000000055,-365.2962999999999738,-401.16966184816641317,-13160.001059132107912,-13056.572733460499876,-13143.760359816786149
0.03039589,0.04592203,0.029849319500000002,0.2613226502018911,0.04867734979810887,0.31,2e-09,0.65,0.004397387266308984,0.7675137118100495,-346.32720000000000482,-319.9678000000000111,-342.18814924429585744,-11178.630372589532271,-11135.699920267436028,-11171.889273735745519
0.03042845,0.04997944,0.032486636,0.2613226502018911,0.04867734979810887,0.31,2e-09,0.65,0.004397387266308984,0.7675137118100495,-375.544399999999996,-346.1209999999999809,-370.92422859983969374,-12107.140729077920696,-12052.333367819404884,-12098.53467393117171
0.03043413,0.106795,0.06941675,0.2613226502018911,0.04867734979810887,0.31,2e-09,0.65,0.004397387266308984,0.7675137118100495,-646.739400000000046,-560.31169999999997344,-633.1682019833999675,-20690.570110084987391,-20472.083608862136316,-20656.262549290826428
0.03044835,0.1808067,0.117524355,0.2613226502018911,0.04867734979810887,0.31,2e-09,0.65,0.004397387266308984,0.7675137118100495,-907.1023999999999887,-808.9009999999999536,-891.68245194043856827,-29113.477359868080384,-28893.076803842359368,-29078.869247089489363
0.03045527,0.2808997,0.182584805,0.2613226502018911,0.04867734979810887,0.31,2e-09,0.65,0.004397387266308984,0.7675137118100495,-1131.3199999999999363,-1004.6789999999999736,-1111.434360465218333,-36282.7859603330362,-35996.912771889285068,-36237.897091972467024
0.03045573,0.1584861,0.103015965,0.2613226502018911,0.04867734979810887,0.31,2e-09,0.65,0.004397387266308984,0.7675137118100495,-835.06970000000001164,-737.62570000000005166,-819.7686816976550972,-26761.636435244236054,-26539.30274670059589,-26726.724774827645888
0.03058634,0.1533562,0.09968153,0.2613226502018911,0.04867734979810887,0.31,2e-09,0.65,0.004397387266308984,0.7675137118100495,-819.4942999999999529,-719.30100000000004457,-803.7615764144294417,-26130.773742326899082,-25894.89735284935523,-26093.735556779436592
0.03061022,0.110367,0.07173855000000001,0.2613226502018911,0.04867734979810887,0.31,2e-09,0.65,0.004397387266308984,0.7675137118100495,-663.72500000000002274,-575.53369999999995343,-649.87687497016133875,-21114.636032914320822,-20897.629705752653535,-21080.560894541249581
0.03063445,0.1749418,0.11371217000000002,0.2613226502018911,0.04867734979810887,0.31,2e-09,0.65,0.004397387266308984,0.7675137118100495,-899.16010000000005675,-806.8573999999999842,-884.6663876928712398,-28706.962792156678915,-28509.78296515117836,-28676.000884375134774
0.03064946,0.1033378,0.06716957,0.2613226502018911,0.04867734979810887,0.31,2e-09,0.65,0.004397387266308984,0.7675137118100495,-640.8126999999999498,-559.66449999999997544,-628.07050865520341176,-20378.39123589797964,-20176.924001392475475,-20346.756103488682129
0.03068708,0.05404721,0.0351306865,0.2613226502018911,0.04867734979810887,0.31,2e-09,0.65,0.004397387266308984,0.7675137118100495,-402.67439999999999145,-365.39460000000002537,-396.82058753224663405,-12849.045479072159651,-12766.354850472847829,-12836.061089867791452
0.03071007,0.047956,0.031171400000000002,0.2613226502018911,0.04867734979810887,0.31,2e-09,0.65,0.004397387266308984,0.7675137118100495,-365.04279999999999973,-337.75310000000001764,-360.75767008778882428,-11666.414883161844045,-11620.55641172790456,-11659.214015887017013
0.03077815,0.1996655,0.129782575,0.2613226502018911,0.04867734979810887,0.31,2e-09,0.65,0.004397387266308984,0.7675137118100495,-960.7998999999999796,-851.57650000000001,-943.6492366195523118,-30484.705527365520538,-30239.93306314729125,-30446.270447166501981
0.03078018,0.1692719,0.110026735,0.2613226502018911,0.04867734979810887,0.31,2e-09,0.65,0.004397387266308984,0.7675137118100495,-886.10810000000003583,-795.6327999999999747,-871.9013328187456864,-28158.92712697495881,-27969.720682007231517,-28129.217229214471445
0.03099878,0.2282124,0.14833806000000002,0.2613226502018911,0.04867734979810887,0.31,2e-09,0.65,0.004397387266308984,0.7675137118100495,-1040.3309999999999036,-925.93600000000003547,-1022.36827280595252887,-32792.48895851019188,-32540.033306968074612,-32752.847435740430228
0.0310349,0.1300977,0.08456350500000001,0.2613226502018911,0.04867734979810887,0.31,2e-09,0.65,0.004397387266308984,0.7675137118100495,-770.2983000000000402,-698.740099999999984,-759.06196602476438784,-24310.893248360211146,-24170.860751790893119,-24288.904826364701876
0.03106958,0.06933995,0.0450709675,0.2613226502018911,0.04867734979810887,0.31,2e-09,0.65,0.004397387266308984,0.7675137118100495,-478.859800000000007,-410.93389999999999418,-468.19382324306008059,-14988.706751593546869,-14819.048491108243979,-14962.0663822652168164
0.03116599,0.3263369,0.212118985,0.2613226502018911,0.04867734979810887,0.31,2e-09,0.65,0.004397387266308984,0.7675137118100495,-1240.3979999999999109,-1105.30600000000004,-1219.1853531002382169,-38896.444440834100533,-38603.593236855624127,-38850.45985859262146
0.03118442,0.1389444,0.09031386,0.2613226502018911,0.04867734979810887,0.31,2e-09,0.65,0.004397387266308984,0.7675137118100495,-798.752399999999966,-714.80520000000001346,-785.57069929363922256,-25045.509918637071678,-24862.090435601025092,-25016.708711103088717
0.03119928,0.2064097,0.134166305,0.2613226502018911,0.04867734979810887,0.31,2e-09,0.65,0.004397387266308984,0.7675137118100495,-994.5925999999999476,-887.6069999999999709,-977.79332427561098484,-31160.877219431306003,-30932.22848741305279,-31124.97394746567079
0.03125795,0.1218143,0.079179295,0.2613226502018911,0.04867734979810887,0.31,2e-09,0.65,0.004397387266308984,0.7675137118100495,-736.52329999999994925,-660.88779999999997017,-724.64673325595197184,-23046.930115024300903,-22894.093956309312489,-23022.93121450956096
0.03126155,0.143591,0.09333415,0.2613226502018911,0.04867734979810887,0.31,2e-09,0.65,0.004397387266308984,0.7675137118100495,-810.4551999999999907,-717.87210000000004584,-795.91745824486031324,-25317.485561895482533,-25107.166622086388088,-25284.460501888206636
0.03132774,0.07933011,0.051564571499999996,0.2613226502018911,0.04867734979810887,0.31,2e-09,0.65,0.004397387266308984,0.7675137118100495,-548.14819999999997435,-491.93720000000001846,-539.3217402919306096,-17111.967861891018401,-17001.347118242087163,-17094.597782428030769
0.03140734,0.03952416,0.025690704,0.2613226502018911,0.04867734979810887,0.31,2e-09,0.65,0.004397387266308984,0.7675137118100495,-303.45690000000001874,-273.90370000000001482,-298.8163469224081723,-9450.28370834038833,-9395.789187644906633,-9441.726776579180296
0.03142557,0.3701285,0.24058352500000002,0.2613226502018911,0.04867734979810887,0.31,2e-09,0.65,0.004397387266308984,0.7675137118100495,-1322.1549999999999727,-1179.6199999999998909,-1299.7736256339564989,-41126.71535849419888,-40822.255786169538624,-41078.90798719925806
0.03143987,0.2710671,0.176193615,0.2613226502018911,0.04867734979810887,0.31,2e-09,0.65,0.004397387266308984,0.7675137118100495,-1148.3569999999999709,-1024.4110000000000582,-1128.8945393610438259,-35703.637838029731938,-35437.9330437381941,-35661.91588572403998
0.03150462,0.2912646,0.18932199,0.2613226502018911,0.04867734979810887,0.31,2e-09,0.65,0.004397387266308984,0.7675137118100495,-1190.1289999999999054,-1062.1210000000000946,-1170.0287090549795721,-36928.553619821592292,-36656.377165545112803,-36885.81546346151299
0.03150748,0.06033701,0.0392190565,0.2613226502018911,0.04867734979810887,0.31,2e-09,0.65,0.004397387266308984,0.7675137118100495,-442.90730000000002065,-388.5624000000000251,-434.37386223534434748,-13709.95371262579647,-13575.343473603930761,-13688.816713621685267
0.03151792,1.075721,0.6992186499999999,0.2613226502018911,0.04867734979810887,0.31,2e-09,0.65,0.004397387266308984,0.7675137118100495,-1964.9629999999999654,-1754.2860000000000582,-1931.8817160534961204,-60949.20108610427269,-60502.554662255744915,-60879.067008008300036
0.03152953,0.8562323,0.5565509949999999,0.2613226502018911,0.04867734979810887,0.31,2e-09,0.65,0.004397387266308984,0.7675137118100495,-1825.0399999999999636,-1629.3930000000000291,-1794.3187824001590798,-56588.479829857438745,-56173.895209985297697,-56523.38021513991407
0.0315327,0.4075999,0.264939935,0.2613226502018911,0.04867734979810887,0.31,2e-09,0.65,0.004397387266308984,0.7675137118100495,-1382.1359999999999673,-1233.7609999999999673,-1358.8376071732436685,-42850.113227119640214,-42535.110498692505644,-42800.650330348646094
0.0315419,0.6975375,0.45339937500000005,0.2613226502018911,0.04867734979810887,0.31,2e-09,0.65,0.004397387266308984,0.7675137118100495,-1700.8989999999998872,-1518.58400000000006,-1672.2712224888957735,-52718.785504960091203,-52332.589394535549218,-52658.143559289754194
0.03155042,0.5983625,0.388935625,0.2613226502018911,0.04867734979810887,0.31,2e-09,0.65,0.004397387266308984,0.7675137118100495,-1609.0540000000000873,-1436.5920000000000982,-1581.9733770939308215,-49858.708719788643066,-49493.444474232055654,-49801.35357317670423
0.03155079,0.4576163,0.297450595,0.2613226502018911,0.04867734979810887,0.31,2e-09,0.65,0.004397387266308984,0.7675137118100495,-1450.2709999999999582,-1294.7360000000001037,-1425.84831741661651,-44937.62277561164956,-44607.921761306148255,-44885.851899475710525
0.03155773,0.5353278,0.34796307000000004,0.2613226502018911,0.04867734979810887,0.31,2e-09,0.65,0.004397387266308984,0.7675137118100495,-1543.1020000000000891,-1377.7180000000000746,-1517.1327909064179948,-47804.1754593274527,-47453.892381952486176,-47749.172711308936414
0.03155894,0.05820566,0.037833679,0.2613226502018911,0.04867734979810887,0.31,2e-09,0.65,0.004397387266308984,0.7675137118100495,-434.26560000000000628,-385.7611999999999739,-426.64925920791159797,-13441.484020507305104,-13325.452057808808604,-13423.26425135880163
0.03156521,0.4912048,0.31928312000000003,0.2613226502018911,0.04867734979810887,0.31,2e-09,0.65,0.004397387266308984,0.7675137118100495,-1492.5480000000000018,-1332.5920000000000982,-1467.431115599011946,-46227.128964539049775,-45888.396273824429954,-46173.939901074627414
0.03160277,0.4304721,0.279806865,0.2613226502018911,0.04867734979810887,0.31,2e-09,0.65,0.004397387266308984,0.7675137118100495,-1416.9420000000000073,-1265.2560000000000855,-1393.1237016726581714,-43834.402628736643237,-43513.704834748830763,-43784.04547164816904
0.03160818,0.02666909,0.0173349085,0.2613226502018911,0.04867734979810887,0.31,2e-09,0.65,0.004397387266308984,0.7675137118100495,-200.05719999999999459,-170.89750000000000796,-195.47843575190992738,-6143.322662519190999,-6065.6398303464548007,-6131.1246160837708885
0.03160887,0.3138854,0.20402551,0.2613226502018911,0.04867734979810887,0.31,2e-09,0.65,0.004397387266308984,0.7675137118100495,-1236.2789999999999964,-1103.8160000000000309,-1215.4791684312679081,-38237.600189517419494,-37956.921441905840766,-38193.526971522631356
0.03167789,0.3877448,0.25203412000000003,0.2613226502018911,0.04867734979810887,0.31,2e-09,0.65,0.004397387266308984,0.7675137118100495,-1359.5709999999999127,-1214.3889999999998963,-1336.7739838761642659,-41962.012363141235255,-41656.19034420753451,-41913.991055426398816
0.0316832,0.06473297,0.042076430500000005,0.2613226502018911,0.04867734979810887,0.31,2e-09,0.65,0.004397387266308984,0.7675137118100495,-464.65510000000000446,-400.57729999999997972,-454.59336617776364164,-14272.8032599939779175,-14112.4152779579580965,-14247.618544171460599
0.03170963,0.3542397,0.230255805,0.2613226502018911,0.04867734979810887,0.31,2e-09,0.65,0.004397387266308984,0.7675137118100495,-1308.9210000000000491,-1169.2599999999999909,-1286.9909117736976896,-40359.02428183639131,-40065.077879844611743,-40312.867727540746273
0.03171968,0.08478012,0.055107078000000004,0.2613226502018911,0.04867734979810887,0.31,2e-09,0.65,0.004397387266308984,0.7675137118100495,-591.9556999999999789,-542.328200000000038,-584.1630058803043539,-18302.399105802018312,-18218.70591045375113,-18289.257289848181244
0.03176599,0.3397264,0.22082216,0.2613226502018911,0.04867734979810887,0.31,2e-09,0.65,0.004397387266308984,0.7675137118100495,-1287.2439999999999145,-1150.1869999999998981,-1265.7228015120017517,-39621.956573322102486,-39334.55768306922255,-39576.82813360459113
0.03198658,0.07419432,0.048226307999999996,0.2613226502018911,0.04867734979810887,0.31,2e-09,0.65,0.004397387266308984,0.7675137118100495,-523.0021000000000413,-458.37630000000001473,-512.85431718521738276,-15945.079096307676082,-15803.161616808816689,-15922.794687301120575
0.0320006,0.1483931,0.096455515,0.2613226502018911,0.04867734979810887,0.31,2e-09,0.65,0.004397387266308984,0.7675137118100495,-840.87019999999995434,-741.9678000000000111,-825.34017832041126894,-25652.519701028064446,-25432.22072050357383,-25617.927538011426805
0.03222817,0.2134047,0.138713055,0.2613226502018911,0.04867734979810887,0.31,2e-09,0.65,0.004397387266308984,0.7675137118100495,-1047.6079999999999472,-941.1286000000000058,-1030.8882096771201304,-31807.95506755562019,-31594.098229373859795,-31774.37447362371313
0.03228643,0.2527823,0.16430849500000003,0.2613226502018911,0.04867734979810887,0.31,2e-09,0.65,0.004397387266308984,0.7675137118100495,-1140.3650000000000091,-1021.7580000000000382,-1121.7408889435344008,-34550.724880884306913,-34309.71855615555978,-34512.88117387663806
0.03230189,0.06700773,0.043555024500000004,0.2613226502018911,0.04867734979810887,0.31,2e-09,0.65,0.004397387266308984,0.7675137118100495,-484.66039999999998145,-417.60770000000002256,-474.13153634578173978,-14602.789913981296195,-14441.527277371586024,-14577.467856653500348
0.0323479,0.1178725,0.07661712500000001,0.2613226502018911,0.04867734979810887,0.31,2e-09,0.65,0.004397387266308984,0.7675137118100495,-739.14589999999998327,-657.63630000000000564,-726.3469602867614867,-22330.455833140251343,-22163.550501250563684,-22304.247738870690227
0.03236887,0.302231,0.19645015000000002,0.2613226502018911,0.04867734979810887,0.31,2e-09,0.65,0.004397387266308984,0.7675137118100495,-1244.1259999999999764,-1114.4829999999999472,-1223.7689752907217553,-37598.197845271650294,-37334.670315169852984,-37556.81777506456274
0.0324588,0.03120005,0.0202800325,0.2613226502018911,0.04867734979810887,0.31,2e-09,0.65,0.004397387266308984,0.7675137118100495,-241.1273999999999944,-207.7353999999999985,-235.88406430819853199,-7221.983665453251888,-7143.9201857595435285,-7209.7258483322566462
0.0325605,0.07173404,0.046627126,0.2613226502018911,0.04867734979810887,0.31,2e-09,0.65,0.004397387266308984,0.7675137118100495,-515.760599999999954,-448.4397999999999911,-505.1896382893917803,-15433.855684908516196,-15282.995446930590333,-15410.167050796653712
0.0326174,0.2360638,0.15344147,0.2613226502018911,0.04867734979810887,0.31,2e-09,0.65,0.004397387266308984,0.7675137118100495,-1110.1710000000000491,-991.665300000000002,-1091.562795445258871,-33283.73076088745438,-33041.136234540441365,-33245.637668571005634
0.03262956,0.09057664,0.058874816,0.2613226502018911,0.04867734979810887,0.31,2e-09,0.65,0.004397387266308984,0.7675137118100495,-640.655399999999986,-588.6385999999999967,-632.4875291323280635,-19267.936549829795695,-19178.365954453078302,-19253.871842724060116
0.03263969,0.1931582,0.12555283,0.2613226502018911,0.04867734979810887,0.31,2e-09,0.65,0.004397387266308984,0.7675137118100495,-998.3348999999999478,-888.55579999999997654,-981.09697854444641507,-29896.34772002093814,-29667.77431946330762,-29860.456276880657242
0.03267877,0.02143097,0.0139301305,0.2613226502018911,0.04867734979810887,0.31,2e-09,0.65,0.004397387266308984,0.7675137118100495,-164.92240000000001032,-145.34499999999999886,-161.84828403891128801,-4914.850066853258795,-4861.8536978249658205,-4906.5283804235168645
0.03274493,0.1868756,0.12146914,0.2613226502018911,0.04867734979810887,0.31,2e-09,0.65,0.004397387266308984,0.7675137118100495,-986.5479000000000269,-880.90989999999999327,-969.9602294258946813,-29461.380486519548867,-29243.425515312479547,-29427.156388539922773
0.03276602,0.09361488,0.060849672,0.2613226502018911,0.04867734979810887,0.31,2e-09,0.65,0.004397387266308984,0.7675137118100495,-655.6699999999999591,-598.17619999999999436,-646.64211027799183285,-19620.412528785491304,-19512.578688628182135,-19603.480059245455777
0.03277069,0.06251103,0.040632169499999995,0.2613226502018911,0.04867734979810887,0.31,2e-09,0.65,0.004397387266308984,0.7675137118100495,-469.92369999999999663,-410.03419999999999845,-460.51962857827788866,-13979.632481700873541,-13837.995292359590167,-13957.392084894463551
0.03282515,0.04173978,0.027130856999999998,0.2613226502018911,0.04867734979810887,0.31,2e-09,0.65,0.004397387266308984,0.7675137118100495,-337.02960000000001628,-309.19929999999999382,-332.65958307068933664,-10068.064927500614431,-10024.472135530988453,-10061.21982561873665
0.03282889,0.0967518,0.06288867000000001,0.2613226502018911,0.04867734979810887,0.31,2e-09,0.65,0.004397387266308984,0.7675137118100495,-667.0923000000000229,-601.92219999999997526,-656.8590491803943223,-19896.322805585507012,-19763.818387047464057,-19875.516470324306283
0.03293457,0.03446757,0.022403920500000004,0.2613226502018911,0.04867734979810887,0.31,2e-09,0.65,0.004397387266308984,0.7675137118100495,-272.32200000000000273,-239.01970000000000027,-267.09274933489820114,-8059.4935154467075336,-7989.935317313370433,-8048.5712291826339424
0.03297072,0.1344483,0.087391395,0.2613226502018911,0.04867734979810887,0.31,2e-09,0.65,0.004397387266308984,0.7675137118100495,-832.1793999999999869,-755.86220000000002983,-820.19579019350885574,-24736.11606580325315,-24593.043773725730716,-24713.650323842364742
0.03310708,0.1140582,0.07413783,0.2613226502018911,0.04867734979810887,0.31,2e-09,0.65,0.004397387266308984,0.7675137118100495,-734.65239999999994325,-648.06949999999994816,-721.05683190375896174,-21665.614811726907647,-21483.98405448934136,-21637.094476552232663
0.03317897,0.08763306,0.056961489000000004,0.2613226502018911,0.04867734979810887,0.31,2e-09,0.65,0.004397387266308984,0.7675137118100495,-636.1150000000000091,-586.6517999999999802,-628.34810487569734505,-18825.246701713294897,-18747.11741950261785,-18812.978552037020563
0.03319084,0.2617102,0.17011163,0.2613226502018911,0.04867734979810887,0.31,2e-09,0.65,0.004397387266308984,0.7675137118100495,-1192.06899999999996,-1071.4890000000000327,-1173.1350811656257065,-35153.494968347804388,-34918.334178751661966,-35116.56914894789952
0.03319641,0.1,0.065,0.2613226502018911,0.04867734979810887,0.31,2e-09,0.65,0.004397387266308984,0.7675137118100495,-683.46249999999997726,-609.6286999999999807,-671.86884287250438774,-20130.858289215288096,-19974.23319508748682,-20106.264436008768826
0.03322562,0.09999141,0.0649944165,0.2613226502018911,0.04867734979810887,0.31,2e-09,0.65,0.004397387266308984,0.7675137118100495,-684.02750000000003183,-610.2113000000000511,-672.43660648978334393,-20130.227845323966903,-19973.874479780173715,-20105.67665994755589
0.03330544,0.07672497,0.0498712305,0.2613226502018911,0.04867734979810887,0.31,2e-09,0.65,0.004397387266308984,0.7675137118100495,-562.4556999999999789,-501.5688000000000102,-552.8950131308952223,-16509.228055933075666,-16391.502662595987204,-16490.742378024719073
0.03349573,0.05200622,0.033804043,0.2613226502018911,0.04867734979810887,0.31,2e-09,0.65,0.004397387266308984,0.7675137118100495,-426.39220000000000255,-393.4060999999999808,-421.2126002316922495,-12498.81703862705217,-12440.451324327619659,-12489.652237687792876
0.03356315,0.04385883,0.0285082395,0.2613226502018911,0.04867734979810887,0.31,2e-09,0.65,0.004397387266308984,0.7675137118100495,-363.75769999999999982,-337.05509999999998172,-359.5647587073581235,-10644.1905472765338345,-10606.353832617358421,-10638.249286003383531
0.03372616,0.08201381,0.05330897650000001,0.2613226502018911,0.04867734979810887,0.31,2e-09,0.65,0.004397387266308984,0.7675137118100495,-609.2765000000000555,-556.87030000000004293,-601.0474841000334436,-17718.562293133250932,-17633.746012638857792,-17705.244126184217748
0.03386101,0.03714357,0.024143320500000003,0.2613226502018911,0.04867734979810887,0.31,2e-09,0.65,0.004397387266308984,0.7675137118100495,-304.29779999999999518,-272.5824999999999818,-299.31774596112268227,-8785.02024553641786,-8727.469127418633434,-8775.983355510959882
0.03005839,0.01090747,0.007198930200000001,0.2613226502018911,0.04867734979810887,0.31,2e-09,0.66,0.004460914446326435,0.7808074547026892,-62.594880000000003406,-60.202139999999999986,-62.2191630904647468,-2032.3971804349162085,-2024.197743653482803,-2031.1096744595699874
0.03006245,0.01373168,0.0090629088,0.2613226502018911,0.04867734979810887,0.31,2e-09,0.66,0.004460914446326435,0.7808074547026892,-87.23499999999999943,-81.99420000000000641,-86.412070145735711435,-2835.8264762793373848,-2818.37779876940931,-2833.0866202191268712
0.03009364,0.03487329,0.023016371400000003,0.2613226502018911,0.04867734979810887,0.31,2e-09,0.66,0.004460914446326435,0.7808074547026892,-251.73689999999999145,-218.60620000000000118,-246.53459460336705433,-8138.837863292462316,-8059.3473384843264284,-8126.3559662546522304
0.03010153,0.0172871,0.011409486,0.2613226502018911,0.04867734979810887,0.31,2e-09,0.66,0.004460914446326435,0.7808074547026892,-117.94710000000000605,-107.24859999999999616,-116.267181848983653936,-3823.0592425439499493,-3788.6666314289464026,-3817.658787183577715
0.03010709,0.04433934,0.0292639644,0.2613226502018911,0.04867734979810887,0.31,2e-09,0.66,0.004460914446326435,0.7808074547026892,-330.04289999999997463,-303.20589999999998554,-325.82885472086496748,-10747.60875615886107,-10702.366715714440943,-10740.504683164366725
0.0302837,0.008664107,0.005718310620000001,0.2613226502018911,0.04867734979810887,0.31,2e-09,0.66,0.004460914446326435,0.7808074547026892,-44.17669999999999675,-43.1310100000000034,-44.012501877708430698,-1416.9201792072728949,-1413.2793774890958503,-1416.3484870176557706
0.0303018,0.006882145,0.0045422157,0.2613226502018911,0.04867734979810887,0.31,2e-09,0.66,0.004460914446326435,0.7808074547026892,-30.459599999999998232,-30.015850000000000364,-30.389920729119637599,-966.98767083357699903,-965.3990795716831599,-966.73822434150781646
0.03042071,0.2468474,0.162919284,0.2613226502018911,0.04867734979810887,0.31,2e-09,0.66,0.004460914446326435,0.7808074547026892,-1074.72199999999998,-954.568300000000022,-1055.8550203727836561,-34514.157310092487023,-34243.191188650707772,-34471.60920468326367
0.0304423,0.1272258,0.083969028,0.2613226502018911,0.04867734979810887,0.31,2e-09,0.66,0.004460914446326435,0.7808074547026892,-749.4216999999999871,-676.9923000000000002,-738.04856696946080774,-24100.864851020349306,-23955.306501048562495,-24078.008739028049604
0.03052484,0.1601706,0.105712596,0.2613226502018911,0.04867734979810887,0.31,2e-09,0.66,0.004460914446326435,0.7808074547026892,-850.490099999999984,-751.7636999999999716,-834.98771449319986004,-27202.574673112067103,-26978.27864995152413,-27167.354879635578982
0.03055099,0.05671276,0.0374304216,0.2613226502018911,0.04867734979810887,0.31,2e-09,0.66,0.004460914446326435,0.7808074547026892,-415.78179999999997563,-373.025100000000009,-409.06798438028124565,-13309.961275044413924,-13207.791682546259835,-13293.918226680661974
0.0306698,0.05051909,0.033342599400000006,0.2613226502018911,0.04867734979810887,0.31,2e-09,0.66,0.004460914446326435,0.7808074547026892,-382.29199999999997317,-352.58719999999999573,-377.62764212811975995,-12232.001686327454081,-12177.290787649275444,-12223.410778092851615
0.03072602,0.04642204,0.0306385464,0.2613226502018911,0.04867734979810887,0.31,2e-09,0.66,0.004460914446326435,0.7808074547026892,-353.3749000000000251,-326.71030000000001792,-349.18792560830110006,-11287.830196937276924,-11244.856882283267623,-11281.082367681156029
0.03073152,0.2839041,0.187376706,0.2613226502018911,0.04867734979810887,0.31,2e-09,0.66,0.004460914446326435,0.7808074547026892,-1162.4539999999999509,-1033.9739999999999327,-1142.2795938643191676,-36963.600788326351903,-36678.038786365454143,-36918.760783621517476
0.03082901,0.2230147,0.147189702,0.2613226502018911,0.04867734979810887,0.31,2e-09,0.66,0.004460914446326435,0.7808074547026892,-1038.1220000000000709,-927.676900000000046,-1020.77950075423507315,-32925.274881630459276,-32684.96721973246531,-32887.540881251828978
0.03088776,0.1827287,0.120600942,0.2613226502018911,0.04867734979810887,0.31,2e-09,0.66,0.004460914446326435,0.7808074547026892,-935.59810000000004493,-836.28480000000001837,-920.0035572783724547,-29618.774341132138943,-29401.389502409023407,-29584.639767469780054
0.03093515,0.05462773,0.0360543018,0.2613226502018911,0.04867734979810887,0.31,2e-09,0.66,0.004460914446326435,0.7808074547026892,-410.23029999999999973,-372.72469999999998436,-404.3410315787485274,-12990.635705368677009,-12908.747882263103747,-12977.777375660562029
0.03097365,0.2017887,0.13318054199999999,0.2613226502018911,0.04867734979810887,0.31,2e-09,0.66,0.004460914446326435,0.7808074547026892,-983.3672000000000253,-872.6154000000000224,-965.9765415826767594,-31016.158054566945793,-30770.636627943207714,-30977.605369513090409
0.03102702,0.1044361,0.06892782600000001,0.2613226502018911,0.04867734979810887,0.31,2e-09,0.66,0.004460914446326435,0.7808074547026892,-658.05340000000001055,-576.2699999999999818,-645.21146719523005686,-20684.872203890819947,-20486.271173644949158,-20653.68713350519829
0.03105644,0.04847571,0.0319939686,0.2613226502018911,0.04867734979810887,0.31,2e-09,0.66,0.004460914446326435,0.7808074547026892,-372.7115999999999758,-345.11849999999998317,-368.37882909447029078,-11783.217071213968666,-11737.4582392233987775,-11776.031849694103585
0.03115185,0.1549861,0.102290826,0.2613226502018911,0.04867734979810887,0.31,2e-09,0.66,0.004460914446326435,0.7808074547026892,-847.7581000000000131,-746.2133999999999787,-831.8131745740514589,-26559.350021306003327,-26327.292681586899562,-26522.911517116564937
0.03116355,0.10793,0.0712338,0.2613226502018911,0.04867734979810887,0.31,2e-09,0.66,0.004460914446326435,0.7808074547026892,-671.6346999999999525,-584.36810000000002674,-657.93177479389783,-21002.763762343907729,-20790.70218955128803,-20969.465067642089707
0.03118315,0.1710711,0.112906926,0.2613226502018911,0.04867734979810887,0.31,2e-09,0.66,0.004460914446326435,0.7808074547026892,-912.36350000000004457,-820.76110000000005584,-897.9797513963022766,-28633.933597459978046,-28446.614757148254284,-28604.520098383749428
0.03118901,0.1768013,0.116688858,0.2613226502018911,0.04867734979810887,0.31,2e-09,0.66,0.004460914446326435,0.7808074547026892,-930.53309999999999036,-837.15859999999997854,-915.8710896815370006,-29199.513631069785333,-29006.107953579212335,-29169.144354243497219
0.03122016,0.08017398,0.05291482680000001,0.2613226502018911,0.04867734979810887,0.31,2e-09,0.66,0.004460914446326435,0.7808074547026892,-553.24090000000001055,-496.39859999999998763,-544.3153112244224303,-17333.07796566185425,-17220.46229485848744,-17315.394635337841464
0.03135567,0.0700787,0.046251942,0.2613226502018911,0.04867734979810887,0.31,2e-09,0.66,0.004460914446326435,0.7808074547026892,-489.18779999999998154,-420.86349999999998772,-478.45926499738402526,-15180.918382326393839,-15013.122390829328651,-15154.570433381803014
0.0314016,0.230642,0.15222372,0.2613226502018911,0.04867734979810887,0.31,2e-09,0.66,0.004460914446326435,0.7808074547026892,-1072.3769999999999527,-956.4741999999999962,-1054.1775124574828624,-33387.638214910723036,-33137.42536344753171,-33348.348864927960676
0.03145706,0.0856816,0.056549856,0.2613226502018911,0.04867734979810887,0.31,2e-09,0.66,0.004460914446326435,0.7808074547026892,-594.78930000000002565,-544.55150000000003274,-586.9007743106857333,-18544.5525612760066,-18458.520617529491574,-18531.043506374197023
0.03145719,0.3298538,0.217703508,0.2613226502018911,0.04867734979810887,0.31,2e-09,0.66,0.004460914446326435,0.7808074547026892,-1275.5429999999998927,-1138.44399999999996,-1254.0152065162226336,-39646.84776919903379,-39354.382762578869006,-39600.92382909917069
0.03151067,0.03996621,0.026377698600000003,0.2613226502018911,0.04867734979810887,0.31,2e-09,0.66,0.004460914446326435,0.7808074547026892,-307.23750000000001137,-277.48930000000001428,-302.56632729914804258,-9539.516176942343009,-9484.842578782034252,-9530.9311257734061655
0.03152724,0.1231089,0.081251874,0.2613226502018911,0.04867734979810887,0.31,2e-09,0.66,0.004460914446326435,0.7808074547026892,-753.8348999999999478,-677.21289999999999054,-741.8034293669976478,-23396.722513684344449,-23243.978052116370236,-23372.738011795736384
0.03154516,0.1314804,0.086777064,0.2613226502018911,0.04867734979810887,0.31,2e-09,0.66,0.004460914446326435,0.7808074547026892,-794.7939999999999827,-722.40840000000002874,-783.4277446079161109,-24692.363569719862426,-24554.544621042714425,-24670.722727224489063
0.03158742,0.02705147,0.017853970200000003,0.2613226502018911,0.04867734979810887,0.31,2e-09,0.66,0.004460914446326435,0.7808074547026892,-201.97659999999999059,-172.81440000000000623,-197.39744319263735406,-6208.7092914427767028,-6131.2991806809031914,-6196.5540687348211577
0.03162405,0.145117,0.09577722,0.2613226502018911,0.04867734979810887,0.31,2e-09,0.66,0.004460914446326435,0.7808074547026892,-832.87580000000002656,-739.3428000000000111,-818.1889014236563753,-25733.886199203498109,-25525.724241568896105,-25701.199836537565716
0.03167222,0.1404211,0.092677926,0.2613226502018911,0.04867734979810887,0.31,2e-09,0.66,0.004460914446326435,0.7808074547026892,-823.95699999999999363,-739.18439999999998236,-810.6456919242091317,-25453.705145114312472,-25273.46721344287289,-25425.403516576057882
0.03168773,0.11154,0.0736164,0.2613226502018911,0.04867734979810887,0.31,2e-09,0.66,0.004460914446326435,0.7808074547026892,-696.65589999999997417,-607.419399999999996,-682.643653789487189,-21432.414244176216016,-21224.797070458309463,-21399.813425501502934
0.03173173,0.3741636,0.246947976,0.2613226502018911,0.04867734979810887,0.31,2e-09,0.66,0.004460914446326435,0.7808074547026892,-1360.70900000000006,-1216.0109999999999673,-1337.9879833513330141,-41937.487634722536313,-41633.535861359989212,-41889.759999904068536
0.0317407,0.1191252,0.078622632,0.2613226502018911,0.04867734979810887,0.31,2e-09,0.66,0.004460914446326435,0.7808074547026892,-736.3467000000000553,-653.96550000000002,-723.4108984219742524,-22667.944837907554756,-22494.270038022146764,-22640.673776665171317
0.03178028,0.2943842,0.194293572,0.2613226502018911,0.04867734979810887,0.31,2e-09,0.66,0.004460914446326435,0.7808074547026892,-1222.678000000000111,-1092.8209999999999127,-1202.2873722169902067,-37626.45821379897825,-37354.514533606081386,-37583.75660848886764
0.03180146,0.273963,0.18081558,0.2613226502018911,0.04867734979810887,0.31,2e-09,0.66,0.004460914446326435,0.7808074547026892,-1182.6949999999999363,-1057.0260000000000673,-1162.9619875103917366,-36371.884016926276672,-36107.719267661203048,-36330.403888202708913
0.03183909,1.091924,0.72066984,0.2613226502018911,0.04867734979810887,0.31,2e-09,0.66,0.004460914446326435,0.7808074547026892,-2030.4510000000000218,-1815.8130000000001019,-1996.7477451420434136,-62375.33015140391217,-61928.170054325208184,-62305.11541443211172
0.03184812,0.4121072,0.271990752,0.2613226502018911,0.04867734979810887,0.31,2e-09,0.66,0.004460914446326435,0.7808074547026892,-1423.275000000000091,-1272.6069999999999709,-1399.6165518084469568,-43709.475201380686485,-43395.046789691055892,-43660.1024859539757
0.03185002,0.8690015,0.57354099,0.2613226502018911,0.04867734979810887,0.31,2e-09,0.66,0.004460914446326435,0.7808074547026892,-1885.1259999999999764,-1685.8759999999999764,-1853.8390259765378687,-57891.295823960972484,-57476.328261296614073,-57826.136078145864303
0.03185913,0.060982,0.040248120000000005,0.2613226502018911,0.04867734979810887,0.31,2e-09,0.66,0.004460914446326435,0.7808074547026892,-452.99750000000000227,-398.45580000000001064,-444.4331599694079955,-13875.746728137124592,-13743.500808853890703,-13854.9809833876970515
0.0318596,0.2086051,0.137679366,0.2613226502018911,0.04867734979810887,0.31,2e-09,0.66,0.004460914446326435,0.7808074547026892,-1032.7840000000001055,-924.2444000000000415,-1015.7407094317844667,-31708.708350158303801,-31484.508251670587924,-31673.503619129733124
0.03186036,0.7072705,0.46679853000000004,0.2613226502018911,0.04867734979810887,0.31,2e-09,0.66,0.004460914446326435,0.7808074547026892,-1755.65300000000002,-1570.1040000000000418,-1726.5174078139052654,-53897.952798540121876,-53511.615585537576408,-53837.28869641962956
0.03186713,0.4628139,0.305457174,0.2613226502018911,0.04867734979810887,0.31,2e-09,0.66,0.004460914446326435,0.7808074547026892,-1494.0920000000000982,-1336.0889999999999418,-1469.2817829027399057,-45857.861309092433657,-45528.640634618328477,-45806.165857698411855
0.03186869,0.6060207,0.399973662,0.2613226502018911,0.04867734979810887,0.31,2e-09,0.66,0.004460914446326435,0.7808074547026892,-1659.6820000000000164,-1484.2829999999999018,-1632.1401984605208781,-50938.471209869429003,-50573.28567011166888,-50881.128421933943173
0.03187621,0.5417841,0.357577506,0.2613226502018911,0.04867734979810887,0.31,2e-09,0.66,0.004460914446326435,0.7808074547026892,-1590.8420000000000982,-1422.7280000000000655,-1564.4441161807765184,-48814.19300388845295,-48464.23787673527113,-48759.24175183013722
0.03188348,0.4969157,0.327964362,0.2613226502018911,0.04867734979810887,0.31,2e-09,0.66,0.004460914446326435,0.7808074547026892,-1538.1549999999999727,-1375.6169999999999618,-1512.6326803823062619,-47186.819214213748637,-46848.497748592060816,-47133.694722838663438
0.03188377,0.05882868,0.0388269288,0.2613226502018911,0.04867734979810887,0.31,2e-09,0.66,0.004460914446326435,0.7808074547026892,-443.65679999999997563,-394.9608000000000061,-436.01037346526220517,-13599.550993465443753,-13485.374275960573868,-13581.622541798396924
0.03192167,0.4352852,0.287288232,0.2613226502018911,0.04867734979810887,0.31,2e-09,0.66,0.004460914446326435,0.7808074547026892,-1459.5319999999999254,-1305.4780000000000655,-1435.3418695296841179,-44722.4042778854855,-44402.300428376918717,-44672.140384162092232
0.03194728,0.3172597,0.209391402,0.2613226502018911,0.04867734979810887,0.31,2e-09,0.66,0.004460914446326435,0.7808074547026892,-1272.8759999999999764,-1138.4980000000000473,-1251.7754680284829192,-38971.798297094748705,-38692.233737831236795,-38927.90003308692394
0.03200047,0.3919979,0.258718614,0.2613226502018911,0.04867734979810887,0.31,2e-09,0.66,0.004460914446326435,0.7808074547026892,-1400.053000000000111,-1252.6620000000000346,-1376.9091185029255939,-42796.479313089883362,-42491.393695557897445,-42748.573637854475237
0.03201009,0.06542359,0.043179569400000006,0.2613226502018911,0.04867734979810887,0.31,2e-09,0.66,0.004460914446326435,0.7808074547026892,-475.07260000000002265,-410.73550000000000182,-464.97014993001317862,-14452.622748657262491,-14294.689036244566523,-14427.823411353949268
0.03204168,0.3580832,0.236334912,0.2613226502018911,0.04867734979810887,0.31,2e-09,0.66,0.004460914446326435,0.7808074547026892,-1347.8810000000000855,-1206.1440000000000055,-1325.624930553759441,-41149.709583130694227,-40856.706142808208824,-41103.70109617383423
0.03208125,0.3433986,0.226643076,0.2613226502018911,0.04867734979810887,0.31,2e-09,0.66,0.004460914446326435,0.7808074547026892,-1324.6639999999999873,-1185.5830000000000837,-1302.8249855249327993,-40392.26933555400319,-40105.57784312905278,-40347.25197406719235
0.03210484,0.07498406,0.049489479600000004,0.2613226502018911,0.04867734979810887,0.31,2e-09,0.66,0.004460914446326435,0.7808074547026892,-531.49720000000002074,-466.327699999999993,-521.2640433946197618,-16150.131485381682069,-16007.988846964444747,-16127.811721086642137
0.0322343,0.1,0.066,0.2613226502018911,0.04867734979810887,0.31,2e-09,0.66,0.004460914446326435,0.7808074547026892,-670.88409999999998945,-599.4913999999999987,-659.6737534486081813,-20354.982335137523478,-20199.62868288766549,-20330.58812845049033
0.03257375,0.03159245,0.020851017000000003,0.2613226502018911,0.04867734979810887,0.31,2e-09,0.66,0.004460914446326435,0.7808074547026892,-244.28100000000000591,-210.90409999999999968,-239.04003536620481896,-7294.1006570881545485,-7216.789894138089039,-7281.9610343420927165
0.03259705,0.02175337,0.014357224200000001,0.2613226502018911,0.04867734979810887,0.31,2e-09,0.66,0.004460914446326435,0.7808074547026892,-166.06419999999999959,-146.44759999999999422,-162.98392870951747113,-4962.501716523070172,-4909.4264470721745965,-4954.167640856327125
0.03261598,0.06772208,0.04469657280000001,0.2613226502018911,0.04867734979810887,0.31,2e-09,0.66,0.004460914446326435,0.7808074547026892,-495.32229999999998427,-427.94950000000000045,-484.74317305652243704,-14788.95034044951899,-14629.82876838998709,-14763.964481018656443
0.03268622,0.09153952,0.060416083200000005,0.2613226502018911,0.04867734979810887,0.31,2e-09,0.66,0.004460914446326435,0.7808074547026892,-650.47519999999997253,-597.9315000000000282,-642.2245933400422473,-19534.55303517334687,-19444.439914275939373,-19520.403138698111434
0.0327155,0.3054735,0.20161251000000002,0.2613226502018911,0.04867734979810887,0.31,2e-09,0.66,0.004460914446326435,0.7808074547026892,-1280.8179999999999836,-1149.3389999999999418,-1260.1726797609496771,-38315.525753633315617,-38053.17117222629895,-38274.329864180777804
0.03279457,0.07249792,0.0478486272,0.2613226502018911,0.04867734979810887,0.31,2e-09,0.66,0.004460914446326435,0.7808074547026892,-525.90039999999999054,-458.10410000000001673,-515.25477351574988916,-15632.251242676946276,-15482.29832177517892,-15608.705078857643457
0.0328253,0.09460997,0.06244258020000001,0.2613226502018911,0.04867734979810887,0.31,2e-09,0.66,0.004460914446326435,0.7808074547026892,-665.99270000000001346,-608.0227999999999611,-656.89005129012446105,-19899.245150349230244,-19791.148422682199453,-19882.271401237361715
0.03285098,0.1499702,0.098980332,0.2613226502018911,0.04867734979810887,0.31,2e-09,0.66,0.004460914446326435,0.7808074547026892,-876.65049999999996544,-776.49869999999998527,-860.92429289835399686,-26073.719067726644425,-25859.956839093374583,-26040.153329736949672
0.03294303,0.2385782,0.157461612,0.2613226502018911,0.04867734979810887,0.31,2e-09,0.66,0.004460914446326435,0.7808074547026892,-1141.0760000000000218,-1020.89999999999997726,-1122.2055187440723785,-33887.74012263593613,-33645.81696935807122,-33849.75245180894126
0.03300426,0.2554781,0.168615546,0.2613226502018911,0.04867734979810887,0.31,2e-09,0.66,0.004460914446326435,0.7808074547026892,-1186.3330000000000837,-1065.9980000000000473,-1167.4375519743373388,-35186.37006667724927,-34950.506614146339416,-35149.333912537127617
0.03301719,0.1952119,0.128839854,0.2613226502018911,0.04867734979810887,0.31,2e-09,0.66,0.004460914446326435,0.7808074547026892,-1026.9500000000000455,-915.6794999999999618,-1009.47789338480492916,-30416.774160504195606,-30189.487207248548657,-30381.084720090737392
0.03302171,0.16553,0.10924980000000001,0.2613226502018911,0.04867734979810887,0.31,2e-09,0.66,0.004460914446326435,0.7808074547026892,-942.1475000000000364,-847.48479999999995016,-927.2832117395695377,-27931.967869924603292,-27750.059513081519981,-27903.403945030247996
0.03303992,0.04220097,0.0278526402,0.2613226502018911,0.04867734979810887,0.31,2e-09,0.66,0.004460914446326435,0.7808074547026892,-342.34309999999999263,-314.2592000000000212,-337.9332618580802432,-10163.48942913875544,-10119.751315722582149,-10156.621508344340327
0.03306269,0.09778017,0.0645349122,0.2613226502018911,0.04867734979810887,0.31,2e-09,0.66,0.004460914446326435,0.7808074547026892,-681.3351999999999862,-615.68430000000000746,-671.02645218109455527,-20186.088161457224487,-20054.539033752880641,-20165.431829505931091
0.03316048,0.06317854,0.04169783640000001,0.2613226502018911,0.04867734979810887,0.31,2e-09,0.66,0.004460914446326435,0.7808074547026892,-481.10219999999998208,-420.9911000000000172,-471.6633321243576802,-14152.667846758584346,-14013.632478749836082,-14130.835997588032114
0.03324461,0.2156751,0.142345566,0.2613226502018911,0.04867734979810887,0.31,2e-09,0.66,0.004460914446326435,0.7808074547026892,-1098.9519999999999982,-990.98050000000000637,-1081.9979146008820408,-32375.041153593312629,-32168.865222294629348,-32342.666644148870546
0.03324816,0.1888623,0.12464911800000002,0.2613226502018911,0.04867734979810887,0.31,2e-09,0.66,0.004460914446326435,0.7808074547026892,-1018.55600000000004,-911.6047999999999547,-1001.76212589120154917,-29974.382171283272328,-29759.314986120658432,-29940.611524179221306
0.0333104,0.07754136,0.051177297600000005,0.2613226502018911,0.04867734979810887,0.31,2e-09,0.66,0.004460914446326435,0.7808074547026892,-569.6466000000000349,-508.15890000000001692,-559.99157328651233456,-16721.731671703626489,-16602.872237016410509,-16703.067922416285
0.0333734,0.08856474,0.05845272840000001,0.2613226502018911,0.04867734979810887,0.31,2e-09,0.66,0.004460914446326435,0.7808074547026892,-648.28510000000005675,-598.216199999999958,-640.4230956151402552,-19079.602539097431873,-19001.35718542110044,-19067.316163449111627
0.03349136,0.08288603,0.0547047798,0.2613226502018911,0.04867734979810887,0.31,2e-09,0.66,0.004460914446326435,0.7808074547026892,-612.8805999999999585,-559.8365999999999758,-604.5514343784163884,-17949.541128191009193,-17862.553560610540444,-17935.882017690360954
0.03358072,0.1010542,0.066695772,0.2613226502018911,0.04867734979810887,0.31,2e-09,0.66,0.004460914446326435,0.7808074547026892,-701.2382000000000062,-626.88769999999999527,-689.56340872205066717,-20429.231359684930794,-20274.864219680443057,-20404.99205880966474
0.03372179,0.1358772,0.089678952,0.2613226502018911,0.04867734979810887,0.31,2e-09,0.66,0.004460914446326435,0.7808074547026892,-864.17600000000004457,-787.05110000000001946,-852.0655621437284708,-25132.246413356569974,-24993.071428203584219,-25110.392640984187892
0.03372845,0.2645034,0.17457224400000002,0.2613226502018911,0.04867734979810887,0.31,2e-09,0.66,0.004460914446326435,0.7808074547026892,-1233.2260000000001128,-1110.9990000000000236,-1214.0334631168598207,-35808.36936394716031,-35576.377779233698675,-35771.941184852592414
0.03377622,0.05256614,0.0346936524,0.2613226502018911,0.04867734979810887,0.31,2e-09,0.66,0.004460914446326435,0.7808074547026892,-434.3883000000000152,-401.146000000000015,-429.16847075743976347,-12631.978060316379924,-12574.009775816144611,-12622.8756652782685705
0.03402239,0.03756686,0.0247941276,0.2613226502018911,0.04867734979810887,0.31,2e-09,0.66,0.004460914446326435,0.7808074547026892,-308.53570000000001983,-276.69209999999998217,-303.53549981925465318,-8868.306183581606092,-8810.982030900571772,-8859.3049325108477206
0.03405295,0.1152703,0.076078398,0.2613226502018911,0.04867734979810887,0.31,2e-09,0.66,0.004460914446326435,0.7808074547026892,-766.3442999999999756,-678.66390000000001237,-752.5763983831028554,-21991.210478258450166,-21815.362579240314517,-21963.598188930165634
0.03003013,0.2179625,0.146034875,0.2613226502018911,0.04867734979810887,0.31,2e-09,0.67,0.004532892052905571,0.7940851574420315,-1012.0869999999999891,-903.5465000000000373,-995.04356811044624465,-32950.319507119784248,-32708.130508130769158,-32912.290092213188473
0.03004353,0.01393573,0.0093369391,0.2613226502018911,0.04867734979810887,0.31,2e-09,0.67,0.004532892052905571,0.7940851574420315,-87.765399999999999636,-82.50915000000000532,-86.94004412943125715,-2855.4366178824966482,-2837.997750234983414,-2852.6983022032673034
0.03005786,0.01754397,0.0117544599,0.2613226502018911,0.04867734979810887,0.31,2e-09,0.67,0.004532892052905571,0.7940851574420315,-118.706800000000001205,-107.980500000000006366,-117.02251658987272265,-3854.1195994915469782,-3819.709015713575809,-3848.7163219969743295
0.03006159,0.07326748,0.0490892116,0.2613226502018911,0.04867734979810887,0.31,2e-09,0.67,0.004532892052905571,0.7940851574420315,-489.141399999999976,-421.34789999999998145,-478.49621318213513632,-15833.7535250588771305,-15662.253079239697399,-15806.823888956709197
0.03006631,0.01106954,0.0074165917999999996,0.2613226502018911,0.04867734979810887,0.31,2e-09,0.67,0.004532892052905571,0.7940851574420315,-62.963920000000001664,-60.56378000000000128,-62.58704111501795353,-2044.240310601716601,-2036.0579408696394239,-2042.9554845577622473
0.03021632,0.0352806,0.023638002,0.2613226502018911,0.04867734979810887,0.31,2e-09,0.67,0.004532892052905571,0.7940851574420315,-255.03870000000000573,-221.85699999999999932,-249.82838639420674554,-8215.717177999678825,-8136.7906263416662114,-8203.323838117692503
0.03024515,0.008792851,0.005891210170000001,0.2613226502018911,0.04867734979810887,0.31,2e-09,0.67,0.004532892052905571,0.7940851574420315,-44.327530000000002985,-43.279000000000003467,-44.16288593037480581,-1423.7634415383399755,-1420.1240596439783985,-1423.1919722947245646
0.03028535,0.1164917,0.07804943900000001,0.2613226502018911,0.04867734979810887,0.31,2e-09,0.67,0.004532892052905571,0.7940851574420315,-693.44290000000000873,-605.5643000000000029,-679.6438762839738956,-22323.454005109037098,-22112.251349025391391,-22290.290180694606534
0.0303109,0.00698441,0.0046795547000000005,0.2613226502018911,0.04867734979810887,0.31,2e-09,0.67,0.004532892052905571,0.7940851574420315,-30.582909999999998263,-30.137989999999998503,-30.513047011380077578,-970.76750780917541306,-969.1842524189071355,-970.51889917545975095
0.03033805,0.1373169,0.092002323,0.2613226502018911,0.04867734979810887,0.31,2e-09,0.67,0.004532892052905571,0.7940851574420315,-791.19230000000004566,-713.86800000000005184,-779.0505516161487094,-25532.853289906186546,-25368.675396193386405,-25507.073468095299177
0.03041054,0.04482299,0.030031403300000002,0.2613226502018911,0.04867734979810887,0.31,2e-09,0.67,0.004532892052905571,0.7940851574420315,-336.3879000000000019,-309.26080000000001746,-332.12830214287652097,-10848.906433104710231,-10803.599898818076326,-10841.792233047901391
0.03063919,0.2494698,0.167144766,0.2613226502018911,0.04867734979810887,0.31,2e-09,0.67,0.004532892052905571,0.7940851574420315,-1101.4100000000000819,-979.55709999999999127,-1082.2762056864064562,-35133.514646323747,-34862.106301469510072,-35090.897101354079496
0.03079477,0.05731865,0.0384034955,0.2613226502018911,0.04867734979810887,0.31,2e-09,0.67,0.004532892052905571,0.7940851574420315,-423.6016999999999939,-380.6408999999999878,-416.8558358412690268,-13458.950559219174465,-13357.934408784238258,-13443.088628606335988
0.03086771,0.1618676,0.108451292,0.2613226502018911,0.04867734979810887,0.31,2e-09,0.67,0.004532892052905571,0.7940851574420315,-873.54909999999995307,-773.47919999999999163,-857.83575314012318813,-27643.271414977774839,-27420.017959728851565,-27608.215329381680931
0.03087976,0.1285738,0.086144446,0.2613226502018911,0.04867734979810887,0.31,2e-09,0.67,0.004532892052905571,0.7940851574420315,-771.29930000000001655,-697.94060000000001764,-759.7802448366627459,-24465.567214972434158,-24321.453982843657286,-24442.9380207438262
0.03090544,0.05106253,0.0342118951,0.2613226502018911,0.04867734979810887,0.31,2e-09,0.67,0.004532892052905571,0.7940851574420315,-389.00279999999997926,-359.01470000000000482,-384.29395731135264214,-12355.946421481310608,-12301.306379189481959,-12347.3666393793009775
0.03101367,0.2869307,0.192243569,0.2613226502018911,0.04867734979810887,0.31,2e-09,0.67,0.004532892052905571,0.7940851574420315,-1194.2490000000000236,-1063.9210000000000491,-1173.7844140500387766,-37646.268556382368843,-37361.093256362677494,-37601.489273050625343
0.03105155,0.04692541,0.0314400247,0.2613226502018911,0.04867734979810887,0.31,2e-09,0.67,0.004532892052905571,0.7940851574420315,-360.41849999999999454,-333.44819999999998572,-356.18352346045179502,-11396.208579133181047,-11353.1831068651190435,-11389.452559895047671
0.03111446,0.08102417,0.05428619390000001,0.2613226502018911,0.04867734979810887,0.31,2e-09,0.67,0.004532892052905571,0.7940851574420315,-558.300200000000018,-500.8294999999999959,-549.27593752567042884,-17553.531210996701702,-17438.920636737388122,-17535.534633532883163
0.03115242,0.1203874,0.080659558,0.2613226502018911,0.04867734979810887,0.31,2e-09,0.67,0.004532892052905571,0.7940851574420315,-733.56550000000004275,-650.3170000000000073,-720.49351175913591305,-23005.143505373929656,-22824.518135240119591,-22976.78103981129243
0.03118004,0.2039279,0.136631693,0.2613226502018911,0.04867734979810887,0.31,2e-09,0.67,0.004532892052905571,0.7940851574420315,-1006.51300000000003365,-894.22630000000003747,-988.8813258916925406,-31548.369158153269382,-31302.243624690330762,-31509.721614002875867
0.03121194,0.08658984,0.058015192800000004,0.2613226502018911,0.04867734979810887,0.31,2e-09,0.67,0.004532892052905571,0.7940851574420315,-597.8001000000000431,-546.9478000000000293,-589.8150832414891056,-18785.837831630702567,-18697.46655774761166,-18771.961446434212121
0.03125442,0.2253806,0.151005002,0.2613226502018911,0.04867734979810887,0.31,2e-09,0.67,0.004532892052905571,0.7940851574420315,-1070.5519999999999072,-958.74109999999996035,-1052.995037772446949,-33510.52718001221365,-33272.966248806580552,-33473.224481474600907
0.03131918,0.05521242,0.0369923214,0.2613226502018911,0.04867734979810887,0.31,2e-09,0.67,0.004532892052905571,0.7940851574420315,-419.61320000000000618,-381.866800000000012,-413.68612026961500305,-13131.1518227356318675,-13050.563663397977507,-13118.497571052841522
0.03133059,0.1846651,0.12372561700000001,0.2613226502018911,0.04867734979810887,0.31,2e-09,0.67,0.004532892052905571,0.7940851574420315,-964.65819999999996526,-864.2296999999999798,-948.8885444380664467,-30124.523063573979016,-29910.089349847778067,-30090.851886504435242
0.031392,0.1055426,0.070713542,0.2613226502018911,0.04867734979810887,0.31,2e-09,0.67,0.004532892052905571,0.7940851574420315,-675.24749999999994543,-592.8342999999999847,-662.30667366328532353,-20990.871683685651078,-20794.950549521625362,-20960.107420522603206
0.03139812,0.04899899,0.032829323300000005,0.2613226502018911,0.04867734979810887,0.31,2e-09,0.67,0.004532892052905571,0.7940851574420315,-380.380299999999977,-352.48289999999997235,-375.99974677981361992,-11899.1540331996930036,-11853.484735455846021,-11891.982870679332336
0.03156943,0.02743323,0.0183802641,0.2613226502018911,0.04867734979810887,0.31,2e-09,0.67,0.004532892052905571,0.7940851574420315,-203.88730000000001041,-174.72569999999998913,-199.30823740686278711,-6273.3476908291740983,-6196.2186728673905236,-6261.2366063552699416
0.03160872,0.04041081,0.027075242700000002,0.2613226502018911,0.04867734979810887,0.31,2e-09,0.67,0.004532892052905571,0.7940851574420315,-310.9649000000000001,-281.02249999999997954,-306.2632332948551266,-9628.052118154853815,-9573.194421488253283,-9619.438159155632093
0.03162077,0.1728837,0.115832079,0.2613226502018911,0.04867734979810887,0.31,2e-09,0.67,0.004532892052905571,0.7940851574420315,-940.0164999999999509,-847.2705999999999449,-925.45319478503074606,-29108.970655930046632,-28923.756293912192632,-29079.887609841087396
0.03163329,0.07082295,0.0474513765,0.2613226502018911,0.04867734979810887,0.31,2e-09,0.67,0.004532892052905571,0.7940851574420315,-499.47710000000000719,-430.75940000000002783,-488.6867918702531597,-15372.522222070867429,-15206.487951795474146,-15346.450905126772341
0.03174135,0.1566282,0.104940894,0.2613226502018911,0.04867734979810887,0.31,2e-09,0.67,0.004532892052905571,0.7940851574420315,-877.167699999999968,-774.2725000000000364,-861.01071405501159006,-26988.268790943533531,-26760.16121533119076,-26952.450493363918213
0.03175338,0.3333958,0.22337518600000003,0.2613226502018911,0.04867734979810887,0.31,2e-09,0.67,0.004532892052905571,0.7940851574420315,-1311.4100000000000819,-1172.2929999999998927,-1289.5653326714079867,-40399.7505534554075,-40107.728002059753635,-40353.896089315974677
0.03176735,0.1786748,0.11971211600000001,0.2613226502018911,0.04867734979810887,0.31,2e-09,0.67,0.004532892052905571,0.7940851574420315,-963.1695999999999458,-868.7116999999999507,-948.33747019517795707,-29692.26588194519718,-29502.673657497500244,-29662.495407659898774
0.03181151,0.2330898,0.15617016600000003,0.2613226502018911,0.04867734979810887,0.31,2e-09,0.67,0.004532892052905571,0.7940851574420315,-1105.1880000000001019,-987.77499999999997726,-1086.7513752521117567,-33984.09846289754205,-33736.154114332661266,-33945.165321653803403
0.03182373,0.1244133,0.083356911,0.2613226502018911,0.04867734979810887,0.31,2e-09,0.67,0.004532892052905571,0.7940851574420315,-771.97059999999999036,-694.35429999999996653,-759.7830006931129674,-23746.072603777454788,-23593.610174990939413,-23722.13238772225668
0.03188602,0.1090735,0.073079245,0.2613226502018911,0.04867734979810887,0.31,2e-09,0.67,0.004532892052905571,0.7940851574420315,-696.8286000000000513,-608.73440000000005057,-682.99572197230781967,-21314.680401407433237,-21108.649580164707004,-21282.32867768219512
0.03200908,0.1466546,0.098258582,0.2613226502018911,0.04867734979810887,0.31,2e-09,0.67,0.004532892052905571,0.7940851574420315,-856.1914000000000442,-761.7059000000000424,-841.3549363408089903,-26150.31629855223946,-25944.486059610484517,-26117.996071003864927
0.03204287,0.3782265,0.253411755,0.2613226502018911,0.04867734979810887,0.31,2e-09,0.67,0.004532892052905571,0.7940851574420315,-1400.0760000000000218,-1253.2029999999999745,-1377.0134567842010256,-42751.351245404119254,-42447.96626935142558,-42703.7126112015103
0.0320601,0.2975266,0.199342822,0.2613226502018911,0.04867734979810887,0.31,2e-09,0.67,0.004532892052905571,0.7940851574420315,-1255.8409999999998945,-1124.1240000000000236,-1235.1583081182013757,-38326.380960979833617,-38054.709441985447484,-38283.722091430558066
0.03207143,0.1328734,0.08902517800000001,0.2613226502018911,0.04867734979810887,0.31,2e-09,0.67,0.004532892052905571,0.7940851574420315,-820.06510000000002947,-746.8392000000000053,-808.5668975852214544,-25073.219279656230356,-24937.599349067812,-25051.92373513736311
0.03215757,0.1419089,0.095078963,0.2613226502018911,0.04867734979810887,0.31,2e-09,0.67,0.004532892052905571,0.7940851574420315,-849.49289999999996326,-763.891399999999976,-836.0514349717972209,-25861.70712837056999,-25684.503284645274107,-25833.881923575128894
0.0321644,1.108132,0.74244844,0.2613226502018911,0.04867734979810887,0.31,2e-09,0.67,0.004532892052905571,0.7940851574420315,-2097.4520000000002256,-1878.8279999999999745,-2063.1228486378654452,-63811.648553313185403,-63363.991328529227758,-63741.355755505246634
0.03216875,0.4166442,0.27915161400000005,0.2613226502018911,0.04867734979810887,0.31,2e-09,0.67,0.004532892052905571,0.7940851574420315,-1465.3109999999999218,-1312.3379999999999654,-1441.2906121591413466,-44572.516423591550847,-44258.731366729676665,-44523.2447301261127
0.03217014,0.2768803,0.18550980100000003,0.2613226502018911,0.04867734979810887,0.31,2e-09,0.67,0.004532892052905571,0.7940851574420315,-1217.8450000000000273,-1090.446999999999889,-1197.8404935174855837,-37042.09534280173102,-36779.523000872512057,-37000.86525978431746
0.03217484,0.8817834,0.5907948780000001,0.2613226502018911,0.04867734979810887,0.31,2e-09,0.67,0.004532892052905571,0.7940851574420315,-1946.5979999999999563,-1743.7200000000000273,-1914.7413439601909886,-59203.124761060353194,-58787.914429579032003,-59137.926894785174227
0.03218483,0.7170356,0.48041385200000003,0.2613226502018911,0.04867734979810887,0.31,2e-09,0.67,0.004532892052905571,0.7940851574420315,-1811.7439999999999145,-1622.9359999999999218,-1782.09666754618911,-55084.77358940288832,-54698.430137398863735,-55024.108507611243112
0.03218847,0.4680432,0.31358894400000004,0.2613226502018911,0.04867734979810887,0.31,2e-09,0.67,0.004532892052905571,0.7940851574420315,-1538.8710000000000946,-1378.3859999999999673,-1513.6710500569370197,-46782.391765548090916,-46453.717269481057883,-46730.7820771133338
0.03219286,0.6137135,0.41118804500000006,0.2613226502018911,0.04867734979810887,0.31,2e-09,0.67,0.004532892052905571,0.7940851574420315,-1711.4839999999999236,-1533.1310000000000855,-1683.478350424057453,-52023.58402161343838,-51658.64264171425748,-51966.279572564541013
0.03219684,0.05945623,0.0398356741,0.2613226502018911,0.04867734979810887,0.31,2e-09,0.67,0.004532892052905571,0.7940851574420315,-452.96050000000002456,-404.07049999999998136,-445.28361086571112537,-13756.6769806232387054,-13644.227884142312178,-13739.019806417163636
0.03219985,0.06163172,0.0412932524,0.2613226502018911,0.04867734979810887,0.31,2e-09,0.67,0.004532892052905571,0.7940851574420315,-463.023399999999981,-408.28359999999997854,-454.42795357264986933,-14040.640876297602517,-13910.607164579070741,-14020.222500585119633
0.03220032,0.5482742,0.36734371400000004,0.2613226502018911,0.04867734979810887,0.31,2e-09,0.67,0.004532892052905571,0.7940851574420315,-1639.6620000000000346,-1468.8019999999999072,-1612.8329290757906165,-49828.9248706674407,-49479.359566804203496,-49774.034830107972084
0.03220679,0.5026593,0.33678173100000003,0.2613226502018911,0.04867734979810887,0.31,2e-09,0.67,0.004532892052905571,0.7940851574420315,-1584.7760000000000673,-1419.6410000000000764,-1558.8458898099654562,-48151.28069678653992,-47813.472527856843953,-48098.23680516186141
0.03221677,0.07577969,0.050772392300000004,0.2613226502018911,0.04867734979810887,0.31,2e-09,0.67,0.004532892052905571,0.7940851574420315,-539.92029999999999745,-474.21319999999997208,-529.60272744864732886,-16354.625585456486078,-16212.236717315359783,-16332.26715725692884
0.03224621,0.4401291,0.294886497,0.2613226502018911,0.04867734979810887,0.31,2e-09,0.67,0.004532892052905571,0.7940851574420315,-1503.0740000000000691,-1346.6400000000001,-1478.510153102202139,-45614.24684852360224,-45294.772995752580755,-45564.081879224620934
0.03229252,0.3206585,0.214841195,0.2613226502018911,0.04867734979810887,0.31,2e-09,0.67,0.004532892052905571,0.7940851574420315,-1310.3230000000000928,-1174.0209999999999582,-1288.9203544123165557,-39708.385964321278152,-39430.002106232081132,-39664.673098391096573
0.03232744,0.06611931,0.0442999377,0.2613226502018911,0.04867734979810887,0.31,2e-09,0.67,0.004532892052905571,0.7940851574420315,-485.44499999999999318,-420.85050000000001091,-475.30213202730982402,-14631.687284132185596,-14476.073301076117787,-14607.252199336388003
0.03232843,0.3962798,0.265507466,0.2613226502018911,0.04867734979810887,0.31,2e-09,0.67,0.004532892052905571,0.7940851574420315,-1441.4210000000000491,-1291.8099999999999454,-1417.928525868887391,-43634.29338441471191,-43330.005861369638296,-43586.513028935791226
0.03237987,0.3619537,0.242508979,0.2613226502018911,0.04867734979810887,0.31,2e-09,0.67,0.004532892052905571,0.7940851574420315,-1387.7260000000001128,-1243.9010000000000673,-1365.1420650493128051,-41943.38925895925786,-41651.392706535785692,-41897.538877274870174
0.03240118,0.3470969,0.232554923,0.2613226502018911,0.04867734979810887,0.31,2e-09,0.67,0.004532892052905571,0.7940851574420315,-1362.8550000000000182,-1221.7380000000000564,-1340.6962852533556543,-41165.30063994313241,-40879.367387191632588,-41120.402340062173607
0.03245773,0.210817,0.14124739,0.2613226502018911,0.04867734979810887,0.31,2e-09,0.67,0.004532892052905571,0.7940851574420315,-1069.7200000000000273,-959.63400000000001455,-1052.4338879681463368,-32257.411392927930137,-32036.802979597647209,-32222.770641624432756
0.03251833,0.02207573,0.0147907391,0.2613226502018911,0.04867734979810887,0.31,2e-09,0.67,0.004532892052905571,0.7940851574420315,-167.1974999999999909,-147.54640000000000555,-164.11181139155604569,-5009.669232616217414,-4956.530986767327704,-5001.325268161880558
0.03268525,0.03198537,0.0214301979,0.2613226502018911,0.04867734979810887,0.31,2e-09,0.67,0.004532892052905571,0.7940851574420315,-247.40139999999999532,-214.03800000000001091,-242.16255518627667698,-7365.4324359150641612,-7288.8451489925373608,-7353.406416058238392
0.03270287,0.1127218,0.07552360600000001,0.2613226502018911,0.04867734979810887,0.31,2e-09,0.67,0.004532892052905571,0.7940851574420315,-728.91030000000000655,-638.65660000000002583,-714.738329272665851,-21750.149303431368025,-21550.643782554077916,-21718.822206572021969
0.03273208,0.09250962,0.0619814454,0.2613226502018911,0.04867734979810887,0.31,2e-09,0.67,0.004532892052905571,0.7940851574420315,-660.08209999999996853,-607.0045000000000073,-651.74765838179314414,-19800.186914372246974,-19709.45628452480014,-19785.940054351318395
0.03287069,0.09561254,0.0640604018,0.2613226502018911,0.04867734979810887,0.31,2e-09,0.67,0.004532892052905571,0.7940851574420315,-676.0401000000000522,-617.58770000000004075,-666.8616873505194462,-20177.147413148959458,-20068.68814748166551,-20160.116736975625827
0.03292027,0.06844173,0.04585595910000001,0.2613226502018911,0.04867734979810887,0.31,2e-09,0.67,0.004532892052905571,0.7940851574420315,-505.9322999999999979,-438.24200000000001864,-495.30331802890663084,-14974.403857204815722,-14817.297008574634674,-14949.734357119492415
0.03294848,0.1,0.067,0.2613226502018911,0.04867734979810887,0.31,2e-09,0.67,0.004532892052905571,0.7940851574420315,-692.12400000000002365,-622.94269999999994525,-681.26089567874862496,-20569.719399872024951,-20427.452014521277306,-20547.380047350798122
0.03306754,0.3087396,0.206855532,0.2613226502018911,0.04867734979810887,0.31,2e-09,0.67,0.004532892052905571,0.7940851574420315,-1318.2960000000000491,-1184.9729999999999563,-1297.3611280415054807,-39035.080150598587352,-38773.934282127636834,-38994.074057734418602
0.03325032,0.04266502,0.0285855634,0.2613226502018911,0.04867734979810887,0.31,2e-09,0.67,0.004532892052905571,0.7940851574420315,-347.6302000000000021,-319.29360000000002628,-343.18068196680934534,-10258.191105199561207,-10214.305134047250249,-10251.299967235008808
0.03325395,0.08376479,0.05612240930000001,0.2613226502018911,0.04867734979810887,0.31,2e-09,0.67,0.004532892052905571,0.7940851574420315,-616.30539999999996326,-562.62419999999997344,-607.87617887102499026,-18179.76525776114795,-18090.550332477760094,-18165.756399292658898
0.03327641,0.2411113,0.161544571,0.2613226502018911,0.04867734979810887,0.31,2e-09,0.67,0.004532892052905571,0.7940851574420315,-1172.6910000000000309,-1050.8399999999999181,-1153.5575040314536182,-34493.131044526533515,-34251.96382566272223,-34455.26207332501508
0.03328011,0.09881627,0.0662069009,0.2613226502018911,0.04867734979810887,0.31,2e-09,0.67,0.004532892052905571,0.7940851574420315,-695.3527000000000271,-629.2173999999999978,-684.9678898964423297,-20475.012010387796181,-20344.289579074695212,-20454.485489370094001
0.03331159,0.07836385,0.0525037795,0.2613226502018911,0.04867734979810887,0.31,2e-09,0.67,0.004532892052905571,0.7940851574420315,-576.75699999999994816,-514.6733000000000402,-567.00838715593260986,-16933.641003126915166,-16813.63117793517813,-16914.796615255727374
0.03340466,0.1972811,0.132178337,0.2613226502018911,0.04867734979810887,0.31,2e-09,0.67,0.004532892052905571,0.7940851574420315,-1056.2980000000000018,-943.5339999999999918,-1038.591378475374313,-30938.025000081273902,-30712.112168075313093,-30902.551329283094674
0.03343948,0.08950342,0.059967291400000004,0.2613226502018911,0.04867734979810887,0.31,2e-09,0.67,0.004532892052905571,0.7940851574420315,-658.03530000000000655,-607.3709999999999809,-650.0798036987860087,-19332.713934203318786,-19253.697737943384709,-19320.306517993441958
0.03353959,0.06385096,0.0427801432,0.2613226502018911,0.04867734979810887,0.31,2e-09,0.67,0.004532892052905571,0.7940851574420315,-492.23610000000002174,-431.90359999999998308,-482.7624670751793019,-14324.868376215410535,-14188.283335248635922,-14303.421286485317978
0.03354437,0.2581939,0.172989913,0.2613226502018911,0.04867734979810887,0.31,2e-09,0.67,0.004532892052905571,0.7940851574420315,-1226.900000000000091,-1104.8710000000000946,-1207.7385538112471295,-35823.806858312695113,-35591.000563355024497,-35787.250750393795897
0.03371537,0.1515591,0.10154459700000001,0.2613226502018911,0.04867734979810887,0.31,2e-09,0.67,0.004532892052905571,0.7940851574420315,-913.52959999999995944,-812.1354000000000042,-897.6083066422598904,-26495.212492679649586,-26287.7453804743418,-26462.635237220223644
0.03375786,0.1908639,0.127878813,0.2613226502018911,0.04867734979810887,0.31,2e-09,0.67,0.004532892052905571,0.7940851574420315,-1051.3070000000000164,-943.042699999999968,-1034.3069380588792683,-30488.166852241218294,-30275.965266853174398,-30454.84617224235626
0.033863,0.1672839,0.11208021300000001,0.2613226502018911,0.04867734979810887,0.31,2e-09,0.67,0.004532892052905571,0.7940851574420315,-981.2219000000000051,-885.2060999999999922,-966.14514295888614015,-28387.80156253801033,-28210.552365058225405,-28359.969236127821205
0.03392289,0.1021249,0.06842368300000001,0.2613226502018911,0.04867734979810887,0.31,2e-09,0.67,0.004532892052905571,0.7940851574420315,-718.37229999999999563,-643.4878999999999678,-706.61367376380155747,-20727.572113858448574,-20575.043142520968104,-20703.62144904509114
0.03404645,0.05313002,0.035597113400000005,0.2613226502018911,0.04867734979810887,0.31,2e-09,0.67,0.004532892052905571,0.7940851574420315,-442.29680000000001883,-408.79480000000000928,-437.03619170020567708,-12764.155292140711026,-12706.541220984625397,-12755.108516995685932
0.03412438,0.2673174,0.179102658,0.2613226502018911,0.04867734979810887,0.31,2e-09,0.67,0.004532892052905571,0.7940851574420315,-1269.9819999999999709,-1146.1359999999999673,-1250.5352417319463711,-36465.176242098583316,-36234.829416875749303,-36429.006329239695333
0.03417698,0.03799231,0.0254548477,0.2613226502018911,0.04867734979810887,0.31,2e-09,0.67,0.004532892052905571,0.7940851574420315,-312.717899999999986,-280.74579999999997426,-307.69752227264473277,-8950.918492294322277,-8893.798791676681503,-8941.949345044875372
0.03001853,0.01780084,0.012104571199999999,0.2613226502018911,0.04867734979810887,0.31,2e-09,0.68,0.004599665790908313,0.8073491935173491,-119.46829999999999927,-108.71720000000000539,-117.780122401888874606,-3884.7684234978955828,-3850.3535254831899692,-3879.3644685658691742
0.03002475,0.008921595,0.0060666845999999995,0.2613226502018911,0.04867734979810887,0.31,2e-09,0.68,0.004599665790908313,0.8073491935173491,-44.21314999999999884,-43.162829999999999586,-44.048224857935643684,-1430.464859592643279,-1426.7949802300634019,-1429.8886015234522802
0.03011571,0.05369783,0.036514524400000005,0.2613226502018911,0.04867734979810887,0.31,2e-09,0.68,0.004599665790908313,0.8073491935173491,-396.070699999999988,-362.5736999999999739,-390.81087681875072803,-12897.662618507170919,-12827.993900661413136,-12886.722978027932186
0.03015033,0.01413978,0.0096150504,0.2613226502018911,0.04867734979810887,0.31,2e-09,0.68,0.004599665790908313,0.8073491935173491,-88.64685000000000059,-83.374809999999996535,-87.81901472506572759,-2874.701799925234809,-2857.3850655397568516,-2871.9826620638059467
0.0302037,0.2701518,0.183703224,0.2613226502018911,0.04867734979810887,0.31,2e-09,0.68,0.004599665790908313,0.8073491935173491,-1147.0519999999999072,-1022.6689999999999827,-1127.5209200001993395,-37132.16915889226948,-36853.089590015973954,-37088.347049873889773
0.03027437,0.01123162,0.0076375016,0.2613226502018911,0.04867734979810887,0.31,2e-09,0.68,0.004599665790908313,0.8073491935173491,-63.737769999999997594,-61.3297499999999971,-63.359653768190824508,-2055.8346872694464764,-2047.7532332018365651,-2054.5657073774254968
0.03030454,0.1993655,0.13556854000000002,0.2613226502018911,0.04867734979810887,0.31,2e-09,0.68,0.004599665790908313,0.8073491935173491,-976.3491999999999962,-862.94460000000003674,-958.54198908737214424,-31466.79704999283058,-31202.32837850195574,-31425.269198274112568
0.03033364,0.03568951,0.024268866800000004,0.2613226502018911,0.04867734979810887,0.31,2e-09,0.68,0.004599665790908313,0.8073491935173491,-258.29590000000001737,-225.06180000000000518,-253.07735835185377482,-8291.928089776269189,-8213.521968214608933,-8279.616469758300809
0.03035054,0.007086675,0.004818939,0.2613226502018911,0.04867734979810887,0.31,2e-09,0.68,0.004599665790908313,0.8073491935173491,-30.733270000000000977,-30.287310000000001509,-30.663243706722692394,-974.4533021206934791,-972.8782844476010041,-974.205987003882683
0.03040686,0.1928803,0.131158604,0.2613226502018911,0.04867734979810887,0.31,2e-09,0.68,0.004599665790908313,0.8073491935173491,-964.9054999999999609,-856.21469999999999345,-947.83846744697962095,-31009.640167993180512,-30759.061708913210168,-30970.293408946381533
0.03064728,0.1139123,0.077460364,0.2613226502018911,0.04867734979810887,0.31,2e-09,0.68,0.004599665790908313,0.8073491935173491,-694.03359999999997854,-603.4097000000000435,-679.80349909558435684,-22072.617690294493514,-21851.158703642031469,-22037.843378813147865
0.03066839,0.04530973,0.0308106164,0.2613226502018911,0.04867734979810887,0.31,2e-09,0.68,0.004599665790908313,0.8073491935173491,-342.273900000000026,-314.85939999999999372,-337.96917352890238817,-10949.486969772589873,-10904.027664745988659,-10942.348781087561292
0.03074403,0.1531598,0.10414866400000002,0.2613226502018911,0.04867734979810887,0.31,2e-09,0.68,0.004599665790908313,0.8073491935173491,-847.89179999999998927,-746.108600000000024,-831.90942441944878283,-26923.528467000232922,-26683.124410115520732,-26885.779330323257454
0.03080188,0.1387671,0.094361628,0.2613226502018911,0.04867734979810887,0.31,2e-09,0.68,0.004599665790908313,0.8073491935173491,-815.2738000000000511,-737.15589999999997417,-803.0074376006655257,-25928.330057707258675,-25766.798399306484498,-25902.96575758002291
0.03086522,0.2521114,0.171435752,0.2613226502018911,0.04867734979810887,0.31,2e-09,0.68,0.004599665790908313,0.8073491935173491,-1128.6829999999999927,-1005.1209999999999809,-1109.2808364653099034,-35754.176842023647623,-35482.427655476611108,-35711.50577682718722
0.03089096,0.2202668,0.14978142400000002,0.2613226502018911,0.04867734979810887,0.31,2e-09,0.68,0.004599665790908313,0.8073491935173491,-1058.1820000000000164,-948.14570000000003347,-1040.9036920464850482,-33519.006891494005686,-33284.546219310090237,-33482.191007126915792
0.03098094,0.1635772,0.11123249600000001,0.2613226502018911,0.04867734979810887,0.31,2e-09,0.68,0.004599665790908313,0.8073491935173491,-890.4715999999999667,-789.10969999999997526,-874.55537850806138067,-28084.645066411543667,-27859.965004471720022,-28049.364969741523964
0.03098154,0.08750477,0.0595032436,0.2613226502018911,0.04867734979810887,0.31,2e-09,0.68,0.004599665790908313,0.8073491935173491,-600.9493999999999687,-549.47929999999996653,-592.8673739940527412,-19026.29524637735085,-18935.586808327392646,-19012.051870994775527
0.03098192,0.117722,0.08005096,0.2613226502018911,0.04867734979810887,0.31,2e-09,0.68,0.004599665790908313,0.8073491935173491,-719.17799999999999727,-630.24300000000005184,-705.2130964377586224,-22648.792097699482838,-22442.74159289403542,-22616.437283188217407
0.03100948,0.08188061,0.05567881480000001,0.2613226502018911,0.04867734979810887,0.31,2e-09,0.68,0.004599665790908313,0.8073491935173491,-563.30730000000005475,-505.21059999999999945,-554.18474068381999587,-17773.343290522159805,-17656.726769532688195,-17755.031731862662127
0.03102686,0.05792885,0.039391618,0.2613226502018911,0.04867734979810887,0.31,2e-09,0.68,0.004599665790908313,0.8073491935173491,-431.30829999999997426,-388.14039999999999964,-424.52991623112967545,-13607.008902658411898,-13507.046389973296755,-13591.3124181530183705
0.03113543,0.0516097,0.035094596000000006,0.2613226502018911,0.04867734979810887,0.31,2e-09,0.68,0.004599665790908313,0.8073491935173491,-395.67610000000001946,-365.40289999999998827,-390.92248985190929034,-12479.014170970498526,-12424.425088751208023,-12470.442390808091659
0.03130369,0.2899791,0.197185788,0.2613226502018911,0.04867734979810887,0.31,2e-09,0.68,0.004599665790908313,0.8073491935173491,-1226.7919999999999163,-1094.6059999999999945,-1206.0356639986682694,-38330.774806886380247,-38046.084548368744436,-38286.071686570328893
0.03133611,0.1690507,0.11495447600000001,0.2613226502018911,0.04867734979810887,0.31,2e-09,0.68,0.004599665790908313,0.8073491935173491,-923.91200000000003456,-827.16830000000004475,-908.7209454010860554,-28848.680073272127629,-28647.121570901035739,-28817.030609644058131
0.03134127,0.1299317,0.08835355600000001,0.2613226502018911,0.04867734979810887,0.31,2e-09,0.68,0.004599665790908313,0.8073491935173491,-794.0801999999999907,-719.7804999999999609,-782.41338552646914195,-24829.720280214027298,-24687.152555623757507,-24807.33376731144017
0.03137244,0.04743211,0.0322538348,0.2613226502018911,0.04867734979810887,0.31,2e-09,0.68,0.004599665790908313,0.8073491935173491,-367.45659999999998035,-340.180499999999995,-363.1736056102315615,-11503.813124806791166,-11460.735481883544708,-11497.048913538877969
0.0313964,0.2060829,0.140136372,0.2613226502018911,0.04867734979810887,0.31,2e-09,0.68,0.004599665790908313,0.8073491935173491,-1030.224999999999909,-916.3973999999999478,-1012.35136805845399977,-32081.308910185063723,-31834.714717248407396,-32042.587775385836721
0.03154905,0.05580122,0.0379448296,0.2613226502018911,0.04867734979810887,0.31,2e-09,0.68,0.004599665790908313,0.8073491935173491,-427.03079999999999927,-389.05230000000000246,-421.06727506675002815,-13270.836350522797147,-13190.910799568502625,-13258.28614406599263
0.0315539,0.02781442,0.0189138056,0.2613226502018911,0.04867734979810887,0.31,2e-09,0.68,0.004599665790908313,0.8073491935173491,-205.78829999999999245,-176.63030000000000541,-201.20980269221527692,-6337.2505694652918464,-6260.405965425040449,-6325.1841447202441486
0.03164543,0.227764,0.15487952000000002,0.2613226502018911,0.04867734979810887,0.31,2e-09,0.68,0.004599665790908313,0.8073491935173491,-1102.3460000000000036,-989.1737000000000535,-1084.5752656949789525,-34096.995324148534564,-33861.710223936439434,-34060.049985034638667
0.03164928,0.04952582,0.0336775576,0.2613226502018911,0.04867734979810887,0.31,2e-09,0.68,0.004599665790908313,0.8073491935173491,-387.0158999999999878,-358.81689999999997553,-382.58798842917133243,-12014.288176467895028,-11968.5090545400489646,-12007.099768946824042
0.03170152,0.04085797,0.0277834196,0.2613226502018911,0.04867734979810887,0.31,2e-09,0.68,0.004599665790908313,0.8073491935173491,-314.6390999999999849,-284.50319999999999254,-309.90704920715859316,-9715.935334355714076,-9660.8752775816592475,-9707.289600021860679
0.03174388,0.1066573,0.072526964,0.2613226502018911,0.04867734979810887,0.31,2e-09,0.68,0.004599665790908313,0.8073491935173491,-692.3727999999999838,-609.334699999999998,-679.3338495475150012,-21296.42823880339347,-21102.996151301162172,-21266.054814979121147
0.03177576,0.1866159,0.126898812,0.2613226502018911,0.04867734979810887,0.31,2e-09,0.68,0.004599665790908313,0.8073491935173491,-994.2560999999999467,-892.7092000000000098,-978.31082912189151557,-30630.764380579195858,-30419.206934629426542,-30597.544845744057966
0.03190226,0.07157264,0.04866939520000001,0.2613226502018911,0.04867734979810887,0.31,2e-09,0.68,0.004599665790908313,0.8073491935173491,-509.72019999999997708,-440.613900000000001,-498.868872456925601,-15563.533717018521202,-15399.165091325248795,-15537.723945764630116
0.03205602,0.3369628,0.22913470400000002,0.2613226502018911,0.04867734979810887,0.31,2e-09,0.68,0.004599665790908313,0.8073491935173491,-1348.071999999999889,-1206.9269999999999072,-1325.9088885895027943,-41155.15339470499748,-40863.646300398249878,-41109.37986954950611
0.03209608,0.1747098,0.118802664,0.2613226502018911,0.04867734979810887,0.31,2e-09,0.68,0.004599665790908313,0.8073491935173491,-969.20690000000001874,-875.30100000000004457,-954.46144728256047074,-29584.049698820013873,-29401.167012064957817,-29555.33278102906479
0.03214919,0.1257273,0.085494564,0.2613226502018911,0.04867734979810887,0.31,2e-09,0.68,0.004599665790908313,0.8073491935173491,-791.0018999999999778,-712.3831000000000131,-778.65688442481427955,-24095.011099265939265,-23943.020170299623715,-24071.14491986131543
0.03222896,0.2355556,0.160177808,0.2613226502018911,0.04867734979810887,0.31,2e-09,0.68,0.004599665790908313,0.8073491935173491,-1138.7929999999998927,-1019.8669999999999618,-1120.1187983803549741,-34581.825800587743288,-34336.187584237028204,-34543.2547767777869
0.03227157,0.1102255,0.07495334000000001,0.2613226502018911,0.04867734979810887,0.31,2e-09,0.68,0.004599665790908313,0.8073491935173491,-715.17859999999996035,-626.33360000000004675,-701.22782857157096714,-21626.840037365422177,-21423.40245628768389,-21594.895513829284027
0.03229268,0.1216588,0.082727984,0.2613226502018911,0.04867734979810887,0.31,2e-09,0.68,0.004599665790908313,0.8073491935173491,-770.7276000000000522,-686.30700000000001637,-757.47156426978631316,-23339.662793390642037,-23166.618816394409805,-23312.490786298054445
0.03232206,0.07658116,0.0520751888,0.2613226502018911,0.04867734979810887,0.31,2e-09,0.68,0.004599665790908313,0.8073491935173491,-548.26289999999994507,-482.02350000000001273,-537.8617437283326126,-16558.591396537663968,-16415.921835602894134,-16536.188892914553435
0.03234524,0.3006917,0.20447035600000002,0.2613226502018911,0.04867734979810887,0.31,2e-09,0.68,0.004599665790908313,0.8073491935173491,-1289.6720000000000255,-1156.0830000000000837,-1268.695359734904514,-39028.299768483360822,-38756.955741792473418,-38985.692322990260436
0.03235707,0.1582824,0.107632032,0.2613226502018911,0.04867734979810887,0.31,2e-09,0.68,0.004599665790908313,0.8073491935173491,-907.8161000000000058,-803.5710000000000264,-891.44714775019724584,-27417.538231823567912,-27193.517334424639557,-27382.361639614617161
0.03236031,0.382317,0.25997556000000005,0.2613226502018911,0.04867734979810887,0.31,2e-09,0.68,0.004599665790908313,0.8073491935173491,-1440.3279999999999745,-1291.2670000000000528,-1416.9218889088517699,-43568.27304530681431,-43265.529851127976144,-43520.735186074423837
0.03237439,0.1805621,0.12278222800000001,0.2613226502018911,0.04867734979810887,0.31,2e-09,0.68,0.004599665790908313,0.8073491935173491,-997.25279999999997926,-901.69839999999999236,-982.24849369823084544,-30185.198949651559815,-29999.478535652819119,-30156.03644140360484
0.0324118,0.1482035,0.10077838,0.2613226502018911,0.04867734979810887,0.31,2e-09,0.68,0.004599665790908313,0.8073491935173491,-880.30179999999995744,-784.86210000000005493,-865.3155043176561776,-26566.786037527839653,-26363.395526010201138,-26534.848905028611625
0.03244247,0.02239802,0.015230653600000001,0.2613226502018911,0.04867734979810887,0.31,2e-09,0.68,0.004599665790908313,0.8073491935173491,-168.32210000000000605,-148.64130000000000109,-165.2317477873979783,-5056.353724519932257,-5003.1677829370992185,-5048.0022707045473
0.03249592,0.4212107,0.286423276,0.2613226502018911,0.04867734979810887,0.31,2e-09,0.68,0.004599665790908313,0.8073491935173491,-1508.3199999999999363,-1353.0289999999999964,-1483.9356312016188895,-45439.1860341671927,-45126.09400560818176,-45390.023162576326285
0.03249724,1.124343,0.7645532400000001,0.2613226502018911,0.04867734979810887,0.31,2e-09,0.68,0.004599665790908313,0.8073491935173491,-2166.1649999999999636,-1943.5260000000000673,-2131.2053984461249456,-65256.508574908621085,-64808.568618168050307,-65186.17138148019876
0.03249811,0.06008827,0.0408600236,0.2613226502018911,0.04867734979810887,0.31,2e-09,0.68,0.004599665790908313,0.8073491935173491,-462.170599999999979,-413.08400000000000318,-454.46284000451657903,-13912.889879390822898,-13802.0476374043118994,-13895.485019437324809
0.03250615,0.8945768,0.608312224,0.2613226502018911,0.04867734979810887,0.31,2e-09,0.68,0.004599665790908313,0.8073491935173491,-2009.5709999999999127,-1803.0429999999998927,-1977.1412074222455431,-60522.61471553487354,-60107.264123896726232,-60457.39482508963556
0.03251613,0.4733037,0.321846516,0.2613226502018911,0.04867734979810887,0.31,2e-09,0.68,0.004599665790908313,0.8073491935173491,-1584.6910000000000309,-1421.7100000000000364,-1559.0991188792077082,-47711.194043476963998,-47383.16067792078684,-47659.685027733001334
0.03251656,0.7268312,0.49424521600000004,0.2613226502018911,0.04867734979810887,0.31,2e-09,0.68,0.004599665790908313,0.8073491935173491,-1869.2119999999999891,-1677.1259999999999764,-1839.0499438280012328,-56277.498315727840236,-55891.28357573741232,-56216.853444773965748
0.03252417,0.62144,0.42257920000000004,0.2613226502018911,0.04867734979810887,0.31,2e-09,0.68,0.004599665790908313,0.8073491935173491,-1764.571999999999889,-1583.2449999999998909,-1736.0993619134137589,-53114.734915551824088,-52750.200988513679476,-53057.494446262418933
0.03252954,0.06228611,0.0423545548,0.2613226502018911,0.04867734979810887,0.31,2e-09,0.68,0.004599665790908313,0.8073491935173491,-472.9789000000000101,-418.03940000000000055,-464.35209593795741512,-14204.6772798460042395,-14076.720601541070209,-14184.585047623895662
0.03253099,0.5547973,0.37726216400000007,0.2613226502018911,0.04867734979810887,0.31,2e-09,0.68,0.004599665790908313,0.8073491935173491,-1689.6539999999999964,-1516.0309999999999491,-1662.3910725677512801,-50849.035347855300643,-50499.967003001860576,-50794.223341642784362
0.0325365,0.5084351,0.34573586800000006,0.2613226502018911,0.04867734979810887,0.31,2e-09,0.68,0.004599665790908313,0.8073491935173491,-1632.4909999999999854,-1464.7449999999998909,-1606.1509009056981085,-49120.462454039043223,-48783.266341624737834,-49067.514669798540126
0.0325468,0.2798188,0.190276784,0.2613226502018911,0.04867734979810887,0.31,2e-09,0.68,0.004599665790908313,0.8073491935173491,-1253.8559999999999945,-1124.7239999999999327,-1233.5792144060339979,-37714.220342748318217,-37453.310104630676506,-37673.25124943618721
0.03257771,0.4450034,0.30260231200000004,0.2613226502018911,0.04867734979810887,0.31,2e-09,0.68,0.004599665790908313,0.8073491935173491,-1547.6449999999999818,-1388.8160000000000309,-1522.7050813190842291,-46509.815779532757006,-46191.086686210459447,-46459.767755124747055
0.03261555,0.1342768,0.09130822400000001,0.2613226502018911,0.04867734979810887,0.31,2e-09,0.68,0.004599665790908313,0.8073491935173491,-846.17669999999998254,-772.09770000000003165,-834.54454065905122206,-25453.492153400475217,-25320.06348678766517,-25432.540689278517675
0.03263517,0.06682008,0.045437654400000006,0.2613226502018911,0.04867734979810887,0.31,2e-09,0.68,0.004599665790908313,0.8073491935173491,-495.76609999999999445,-430.91570000000001528,-485.58304966017004745,-14810.03150424296291,-14656.60086876735113,-14785.939256782341545
0.03264218,0.1434077,0.09751723600000001,0.2613226502018911,0.04867734979810887,0.31,2e-09,0.68,0.004599665790908313,0.8073491935173491,-875.40239999999994325,-788.96849999999994907,-861.83022843640389965,-26269.542143890641455,-26095.250561454904528,-26242.174233164543693
0.03264571,0.3240814,0.22037535200000002,0.2613226502018911,0.04867734979810887,0.31,2e-09,0.68,0.004599665790908313,0.8073491935173491,-1348.68100000000004,-1210.446999999999889,-1326.9749846064780741,-40447.332323001348414,-40170.204927728795155,-40403.816751522892446
0.03266295,0.4005902,0.27240133600000005,0.2613226502018911,0.04867734979810887,0.31,2e-09,0.68,0.004599665790908313,0.8073491935173491,-1483.7460000000000946,-1331.90300000000002,-1459.9030489503411445,-44475.513699518582143,-44172.11414309340762,-44427.87277585180709
0.03271643,0.07404268,0.050349022400000006,0.2613226502018911,0.04867734979810887,0.31,2e-09,0.68,0.004599665790908313,0.8073491935173491,-537.64840000000003783,-469.00090000000000146,-526.8691149346268503,-16027.890242033074173,-15875.838411812588674,-16004.014499687636999
0.03272531,0.3658508,0.248778544,0.2613226502018911,0.04867734979810887,0.31,2e-09,0.68,0.004599665790908313,0.8073491935173491,-1428.5180000000000291,-1282.59699999999998,-1405.6049433551938819,-42740.03498385045532,-42449.123378438518557,-42694.354964569916774
0.032727,0.350821,0.23855828,0.2613226502018911,0.04867734979810887,0.31,2e-09,0.68,0.004599665790908313,0.8073491935173491,-1401.8810000000000855,-1258.7170000000000982,-1379.4008577209790474,-41941.07287068496953,-41655.946731714757334,-41896.301306803550688
0.0327673,0.09348687,0.0635710716,0.2613226502018911,0.04867734979810887,0.31,2e-09,0.68,0.004599665790908313,0.8073491935173491,-669.4720999999999549,-615.85400000000004184,-661.0527870670645143,-20064.892143152035715,-19973.480442961932567,-20050.53833893979754
0.03279327,0.03237887,0.0220176316,0.2613226502018911,0.04867734979810887,0.31,2e-09,0.68,0.004599665790908313,0.8073491935173491,-250.48849999999998772,-217.1372000000000071,-245.25155517315587872,-7436.0254828885890674,-7360.1205760471075337,-7424.106612883053458
0.03290227,0.0966225,0.0657033,0.2613226502018911,0.04867734979810887,0.31,2e-09,0.68,0.004599665790908313,0.8073491935173491,-685.8022999999999456,-626.8614000000000033,-676.547181268660097,-20454.12284017310958,-20345.20923948606287,-20437.020822629834583
0.03298901,0.1,0.068,0.2613226502018911,0.04867734979810887,0.31,2e-09,0.68,0.004599665790908313,0.8073491935173491,-699.3546000000000049,-632.43849999999997635,-688.84718578443471415,-20775.4567019787537,-20641.403072296729079,-20754.407103837660543
0.0330257,0.08465001,0.0575620068,0.2613226502018911,0.04867734979810887,0.31,2e-09,0.68,0.004599665790908313,0.8073491935173491,-619.7675000000000409,-565.44880000000000564,-611.23817625652088736,-18409.260716702072386,-18317.805189019298268,-18394.900030534379766
0.03311407,0.2130452,0.144870736,0.2613226502018911,0.04867734979810887,0.31,2e-09,0.68,0.004599665790908313,0.8073491935173491,-1109.2509999999999764,-997.5986000000000331,-1091.7189260303277933,-32806.772177632032253,-32590.169651816318947,-32772.760445644016727
0.03321593,0.06916662,0.0470333016,0.2613226502018911,0.04867734979810887,0.31,2e-09,0.68,0.004599665790908313,0.8073491935173491,-516.50469999999995707,-448.5011000000000081,-505.82652250086869117,-15159.240678287089395,-15004.0487248182653275,-15134.87186214239955
0.03330895,0.07919239,0.05385082520000001,0.2613226502018911,0.04867734979810887,0.31,2e-09,0.68,0.004599665790908313,0.8073491935173491,-583.7847000000000435,-521.10960000000000036,-573.94322333441471073,-17144.991261449293233,-17023.823459644747345,-17125.965043795393285
0.03342572,0.3120291,0.212179788,0.2613226502018911,0.04867734979810887,0.31,2e-09,0.68,0.004599665790908313,0.8073491935173491,-1356.6040000000000418,-1221.4269999999999072,-1335.378006084971048,-39756.87372919639165,-39496.976941275228455,-39716.063771593020647
0.03345619,0.04313193,0.029329712400000003,0.2613226502018911,0.04867734979810887,0.31,2e-09,0.68,0.004599665790908313,0.8073491935173491,-352.88850000000002183,-324.30009999999998627,-348.39944339687656338,-10352.204697379733261,-10308.168223898535871,-10345.289926981282406
0.03348231,0.09986001,0.06790480680000001,0.2613226502018911,0.04867734979810887,0.31,2e-09,0.68,0.004599665790908313,0.8073491935173491,-709.1548999999999978,-642.5317999999999756,-698.6934937311793874,-20763.137007852456009,-20633.120904342853464,-20742.721397046247148
0.03349616,0.09044901,0.0615053268,0.2613226502018911,0.04867734979810887,0.31,2e-09,0.68,0.004599665790908313,0.8073491935173491,-667.6064999999999827,-616.3407999999999447,-659.55656964017759947,-19584.89914787885209,-19505.062706313095987,-19572.362933708744094
0.0336203,0.2436631,0.165690908,0.2613226502018911,0.04867734979810887,0.31,2e-09,0.68,0.004599665790908313,0.8073491935173491,-1205.1279999999999291,-1081.5960000000000036,-1185.7305471765805578,-35099.882437342806952,-34859.573708827389055,-35062.14826947995607
0.03383939,0.2609295,0.17743206,0.2613226502018911,0.04867734979810887,0.31,2e-09,0.68,0.004599665790908313,0.8073491935173491,-1259.2770000000000437,-1135.6010000000001128,-1239.8569357624808163,-36463.258851580692863,-36230.910166097077308,-36426.774599198703072
0.03390819,0.06452825,0.04387921,0.2613226502018911,0.04867734979810887,0.31,2e-09,0.68,0.004599665790908313,0.8073491935173491,-503.32299999999997908,-442.76949999999999363,-493.81466483548450697,-14496.292186781423879,-14362.014731052184288,-14475.2074426442231925
0.03425187,0.1032036,0.070178448,0.2613226502018911,0.04867734979810887,0.31,2e-09,0.68,0.004599665790908313,0.8073491935173491,-735.41279999999994743,-659.99450000000001637,-723.5703388055524101,-21025.260612153542752,-20874.437592482398031,-21001.57782219825458
0.03431024,0.03841994,0.026125559200000002,0.2613226502018911,0.04867734979810887,0.31,2e-09,0.68,0.004599665790908313,0.8073491935173491,-316.71219999999999573,-284.612199999999973,-311.67173894026029757,-9032.897354420336342,-8975.923028450653874,-9023.951034437312046
0.03004042,0.1009113,0.069628797,0.2613226502018911,0.04867734979810887,0.31,2e-09,0.6900000000000001,0.004665091213677971,0.820600231719576,-646.3325999999999567,-579.7294000000000551,-635.8743185029888991,-21054.565785595837951,-20901.011500277269079,-21030.454122178252874
0.0301185,0.0113937,0.007861653,0.2613226502018911,0.04867734979810887,0.31,2e-09,0.6900000000000001,0.004665091213677971,0.820600231719576,-63.757319999999999993,-61.345129999999997494,-63.37854897932418652,-2067.237991991999479,-2059.1125395597055103,-2065.9621033135649668
0.03015638,0.0180577,0.012459813,0.2613226502018911,0.04867734979810887,0.31,2e-09,0.6900000000000001,0.004665091213677971,0.820600231719576,-120.909199999999998454,-110.13070000000000448,-119.21671995226155616,-3914.971267705702303,-3880.8603323878387528,-3909.6150421237398405
0.03016795,0.01434382,0.009897235800000001,0.2613226502018911,0.04867734979810887,0.31,2e-09,0.6900000000000001,0.004665091213677971,0.820600231719576,-89.2649200000000036,-83.98041000000000622,-88.43512663941417884,-2893.6677488198833998,-2876.4002109406451382,-2890.9563359763355948
0.03020352,0.00718894,0.0049603686,0.2613226502018911,0.04867734979810887,0.31,2e-09,0.6900000000000001,0.004665091213677971,0.820600231719576,-30.698609999999998621,-30.252020000000001687,-30.628484781786006863,-978.05485817558974304,-976.4736878338933366,-977.80657694393437396
0.03021574,0.2462332,0.16990090800000002,0.2613226502018911,0.04867734979810887,0.31,2e-09,0.6900000000000001,0.004665091213677971,0.820600231719576,-1104.1700000000000728,-979.93420000000003256,-1084.6620338901680043,-35715.77084519642085,-35430.350339944649022,-35670.953058829669317
0.03027453,0.00905034,0.006244734600000001,0.2613226502018911,0.04867734979810887,0.31,2e-09,0.6900000000000001,0.004665091213677971,0.820600231719576,-44.767130000000001644,-43.71367000000000047,-44.601711803489301644,-1436.9884754318125033,-1433.3735998712415949,-1436.4208542636233688
0.03028911,0.05426955,0.037445989500000006,0.2613226502018911,0.04867734979810887,0.31,2e-09,0.6900000000000001,0.004665091213677971,0.820600231719576,-402.25540000000000873,-368.4981999999999971,-396.95471924966216193,-13028.111355522816666,-12958.611445567015835,-13017.198221884573286
0.03044559,0.03610006,0.024909041400000005,0.2613226502018911,0.04867734979810887,0.31,2e-09,0.6900000000000001,0.004665091213677971,0.820600231719576,-261.50799999999998136,-228.22040000000001214,-256.281057583420818,-8367.512876713277365,-8289.5899345161069505,-8355.277127311246659
0.0306116,0.2730065,0.188374485,0.2613226502018911,0.04867734979810887,0.31,2e-09,0.6900000000000001,0.004665091213677971,0.820600231719576,-1182.5730000000000928,-1056.5489999999999782,-1162.7842440936874482,-37792.119101569536724,-37515.77422115468653,-37748.72640347640845
0.03074765,0.201465,0.13901085000000002,0.2613226502018911,0.04867734979810887,0.31,2e-09,0.6900000000000001,0.004665091213677971,0.820600231719576,-1006.5259999999999536,-891.61170000000004165,-988.4817303938552868,-31989.64223045171093,-31727.96837408182546,-31948.553230969333526
0.03076405,0.08842631,0.0610141539,0.2613226502018911,0.04867734979810887,0.31,2e-09,0.6900000000000001,0.004665091213677971,0.820600231719576,-604.21500000000003183,-552.12379999999996016,-596.03544656837664206,-19265.967204322649195,-19172.922861047842161,-19251.357036437733768
0.03082495,0.04579956,0.031601696400000004,0.2613226502018911,0.04867734979810887,0.31,2e-09,0.6900000000000001,0.004665091213677971,0.820600231719576,-347.07279999999997244,-319.3761000000000081,-342.72376143821514916,-11049.419730280569638,-11003.593489951339507,-11042.223924053349037
0.03090528,0.08274323,0.05709282870000001,0.2613226502018911,0.04867734979810887,0.31,2e-09,0.6900000000000001,0.004665091213677971,0.820600231719576,-568.26539999999999964,-509.54539999999997235,-559.0449678059840153,-17992.567432388896123,-17873.934206807833107,-17973.939203294419713
0.03094504,0.1949112,0.13448872800000003,0.2613226502018911,0.04867734979810887,0.31,2e-09,0.6900000000000001,0.004665091213677971,0.820600231719576,-997.671799999999962,-887.65229999999996835,-980.3961300447965641,-31524.801323632866115,-31278.465964825485571,-31486.120831928637926
0.03117347,0.2547719,0.17579261100000002,0.2613226502018911,0.04867734979810887,0.31,2e-09,0.6900000000000001,0.004665091213677971,0.820600231719576,-1159.2739999999998872,-1033.9729999999999563,-1139.598772235313163,-36376.058110902544286,-36105.034988963430806,-36333.501055063818058
0.0311997,0.1652992,0.11405644800000002,0.2613226502018911,0.04867734979810887,0.31,2e-09,0.6900000000000001,0.004665091213677971,0.820600231719576,-910.5144000000000233,-807.837099999999964,-894.3916295212084151,-28526.076757309896493,-28301.132593262995215,-28490.755190347463213
0.0312476,0.05854331,0.040394883900000005,0.2613226502018911,0.04867734979810887,0.31,2e-09,0.6900000000000001,0.004665091213677971,0.820600231719576,-438.90159999999997353,-395.5240000000000009,-432.09028835934691415,-13754.189378384045995,-13655.19057385600172,-13738.644218907895265
0.03127655,0.05216058,0.0359908002,0.2613226502018911,0.04867734979810887,0.31,2e-09,0.6900000000000001,0.004665091213677971,0.820600231719576,-401.26190000000002556,-370.70629999999999882,-396.463946356480335,-12601.288081123779193,-12546.509688272966741,-12592.686574703851875
0.03140304,0.1402279,0.096757251,0.2613226502018911,0.04867734979810887,0.31,2e-09,0.6900000000000001,0.004665091213677971,0.820600231719576,-843.3242999999999938,-764.3813999999999851,-830.92839304071890183,-26323.103001069372112,-26165.119406463141786,-26298.295831079016352
0.03146827,0.1151114,0.07942686600000001,0.2613226502018911,0.04867734979810887,0.31,2e-09,0.6900000000000001,0.004665091213677971,0.820600231719576,-722.2480000000000473,-630.65049999999996544,-707.8650208124764731,-22390.151996040542144,-22175.77807920756095,-22356.49020850096349
0.0315351,0.1547721,0.106792749,0.2613226502018911,0.04867734979810887,0.31,2e-09,0.6900000000000001,0.004665091213677971,0.820600231719576,-882.6310999999999467,-779.61609999999996035,-866.455302614670245,-27345.557034885769099,-27112.107792263621377,-27308.89996893989155
0.03154056,0.02819511,0.0194546259,0.2613226502018911,0.04867734979810887,0.31,2e-09,0.6900000000000001,0.004665091213677971,0.820600231719576,-207.67879999999999541,-178.52690000000001191,-203.10126053684032854,-6400.4352737398276076,-6323.8736409370112597,-6388.41328218803028
0.03162784,0.1189612,0.08208322800000001,0.2613226502018911,0.04867734979810887,0.31,2e-09,0.6900000000000001,0.004665091213677971,0.820600231719576,-744.19820000000004256,-654.225400000000036,-730.0703372325313012,-22974.04183430311241,-22772.422576075874531,-22942.382830565165932
0.03167751,0.04794212,0.033080062800000004,0.2613226502018911,0.04867734979810887,0.31,2e-09,0.6900000000000001,0.004665091213677971,0.820600231719576,-374.35820000000001073,-346.77690000000001191,-370.02728197423681422,-11610.688344749098178,-11567.524668910888067,-11603.910624273779831
0.03167983,0.2930492,0.20220394800000002,0.2613226502018911,0.04867734979810887,0.31,2e-09,0.6900000000000001,0.004665091213677971,0.820600231719576,-1263.1559999999999491,-1129.0809999999999036,-1242.1030462123178495,-39016.974596896259754,-38733.913396827199904,-38972.52727738001704
0.03170707,0.2082534,0.14369484600000001,0.2613226502018911,0.04867734979810887,0.31,2e-09,0.6900000000000001,0.004665091213677971,0.820600231719576,-1057.2719999999999345,-941.87750000000005457,-1039.1523276087809791,-32614.88338500726968,-32368.926206847216235,-32576.2622766309687
0.03172414,0.05639411,0.0389119359,0.2613226502018911,0.04867734979810887,0.31,2e-09,0.6900000000000001,0.004665091213677971,0.820600231719576,-433.751700000000028,-395.54169999999999163,-427.75182407811053054,-13409.665599579591799,-13330.15734342038013,-13397.18091829927107
0.03173137,0.1229395,0.084828255,0.2613226502018911,0.04867734979810887,0.31,2e-09,0.6900000000000001,0.004665091213677971,0.820600231719576,-768.3630000000000564,-683.07360000000005584,-754.97054207138444326,-23676.306858446445403,-23496.71061581527465,-23648.105990301333804
0.03178924,0.04130767,0.028502292300000003,0.2613226502018911,0.04867734979810887,0.31,2e-09,0.6900000000000001,0.004665091213677971,0.820600231719576,-318.26150000000001228,-287.9327000000000112,-313.4991593336874871,-9803.208270432276549,-9747.937111158982589,-9794.529388001008556
0.03184378,0.05005615,0.0345387435,0.2613226502018911,0.04867734979810887,0.31,2e-09,0.6900000000000001,0.004665091213677971,0.820600231719576,-392.998800000000017,-364.5000999999999749,-388.5238284235762194,-12128.664520561200334,-12082.661033788352142,-12121.4408824399906734
0.03195852,0.1312995,0.09059665500000001,0.2613226502018911,0.04867734979810887,0.31,2e-09,0.6900000000000001,0.004665091213677971,0.820600231719576,-821.1086999999999989,-745.8382000000000289,-809.2894469097465162,-25193.215878479721141,-25053.134953195025446,-25171.219852027701563
0.03208273,0.1077801,0.07436826900000001,0.2613226502018911,0.04867734979810887,0.31,2e-09,0.6900000000000001,0.004665091213677971,0.820600231719576,-709.41780000000005657,-625.7600999999999658,-696.28155765740245897,-21601.530332868238474,-21410.411410536326002,-21571.520130818600592
0.03211092,0.2301646,0.158813574,0.2613226502018911,0.04867734979810887,0.31,2e-09,0.6900000000000001,0.004665091213677971,0.820600231719576,-1137.2200000000000273,-1022.66399999999998727,-1119.2319919887993365,-34684.40246757701243,-34452.136005167507392,-34647.931126167088223
0.03216255,0.0723277,0.049906113,0.2613226502018911,0.04867734979810887,0.31,2e-09,0.6900000000000001,0.004665091213677971,0.820600231719576,-519.91210000000000946,-450.42149999999998045,-509.00042824554685694,-15753.989488494262332,-15591.186268300278243,-15728.425523017998785
0.03230771,0.1885807,0.13012068300000001,0.2613226502018911,0.04867734979810887,0.31,2e-09,0.6900000000000001,0.004665091213677971,0.820600231719576,-1027.0229999999999109,-924.3366999999999507,-1010.89881630782713273,-31137.284991002794413,-30929.338568520994158,-31104.632472465978935
0.03236474,0.2225876,0.15358544400000002,0.2613226502018911,0.04867734979810887,0.31,2e-09,0.6900000000000001,0.004665091213677971,0.820600231719576,-1126.1790000000000873,-1014.50699999999994816,-1108.6438483656309018,-34087.428722618016764,-33866.557027778144402,-34052.746629875364306
0.03236932,0.02272026,0.0156769794,0.2613226502018911,0.04867734979810887,0.31,2e-09,0.6900000000000001,0.004665091213677971,0.820600231719576,-169.43819999999999482,-149.73210000000000264,-166.34387508755960994,-5102.571467682677394,-5049.348159366744767,-5094.2141464042670123
0.03242085,0.07738839,0.05339798910000001,0.2613226502018911,0.04867734979810887,0.31,2e-09,0.6900000000000001,0.004665091213677971,0.820600231719576,-556.52369999999996253,-489.75729999999998654,-546.03979223367582563,-16762.04005953944943,-16619.06529760379999,-16739.58963212317758
0.03244367,0.3405545,0.234982605,0.2613226502018911,0.04867734979810887,0.31,2e-09,0.6900000000000001,0.004665091213677971,0.820600231719576,-1388.8399999999999181,-1245.6320000000000618,-1366.3529486777817965,-41912.85233949904068,-41622.986788150483335,-41867.336575507375528
0.03251993,0.1708304,0.117872976,0.2613226502018911,0.04867734979810887,0.31,2e-09,0.6900000000000001,0.004665091213677971,0.820600231719576,-973.03769999999997253,-874.85130000000003747,-957.6201072960740248,-29304.071883235392306,-29111.133410441976594,-29273.775968623525841
0.03266453,0.1270508,0.08766505200000001,0.2613226502018911,0.04867734979810887,0.31,2e-09,0.6900000000000001,0.004665091213677971,0.820600231719576,-814.8955999999999449,-735.24270000000001346,-802.3882062073103043,-24443.468255914351175,-24293.25084068275828,-24419.880560214362049
0.03271258,0.3038792,0.20967664800000002,0.2613226502018911,0.04867734979810887,0.31,2e-09,0.6900000000000001,0.004665091213677971,0.820600231719576,-1327.2380000000000564,-1191.7460000000000946,-1305.9625436166277268,-39732.039186665562738,-39462.022671989187074,-39689.64019203276257
0.0327395,0.2380391,0.16424697900000002,0.2613226502018911,0.04867734979810887,0.31,2e-09,0.6900000000000001,0.004665091213677971,0.820600231719576,-1176.2180000000000746,-1055.7560000000000855,-1157.3026099632909336,-35180.7316283602122,-34938.37153139396105,-35142.67534701462864
0.03275969,0.1765491,0.121818879,0.2613226502018911,0.04867734979810887,0.31,2e-09,0.6900000000000001,0.004665091213677971,0.820600231719576,-1004.51700000000005275,-909.40800000000001546,-989.5826320582311837,-30058.99576563403025,-29879.894461329557089,-30030.872614540716313
0.0327626,0.3864348,0.26664001200000004,0.2613226502018911,0.04867734979810887,0.31,2e-09,0.6900000000000001,0.004665091213677971,0.820600231719576,-1484.9690000000000509,-1333.6849999999999454,-1461.2138252036866106,-44388.095778890463407,-44087.14571288383013,-44340.839483294432284
0.0327876,0.06072476,0.0419000844,0.2613226502018911,0.04867734979810887,0.31,2e-09,0.6900000000000001,0.004665091213677971,0.820600231719576,-471.28239999999999554,-421.9970000000000141,-463.54342369116216105,-14068.2446243321101065,-13958.8948525214182155,-14051.074117581230894
0.03279271,0.09447121,0.06518513490000001,0.2613226502018911,0.04867734979810887,0.31,2e-09,0.6900000000000001,0.004665091213677971,0.820600231719576,-678.6548000000000229,-624.4901999999999589,-670.14967361008177704,-20328.710508325701085,-20236.552992851629824,-20314.239593431324465
0.0328053,0.08554164,0.059023731600000004,0.2613226502018911,0.04867734979810887,0.31,2e-09,0.6900000000000001,0.004665091213677971,0.820600231719576,-623.25070000000005166,-568.2945999999999458,-614.6212893443876055,-18638.075834272993234,-18544.370082043908042,-18623.361809500893287
0.03284825,0.06294513,0.043432139700000004,0.2613226502018911,0.04867734979810887,0.31,2e-09,0.6900000000000001,0.004665091213677971,0.820600231719576,-482.8591000000000122,-427.71870000000001255,-474.2007498748140506,-14367.892380433424478,-14241.87636243234374,-14348.1048778901877085
0.03289771,0.03277303,0.022613390700000003,0.2613226502018911,0.04867734979810887,0.31,2e-09,0.6900000000000001,0.004665091213677971,0.820600231719576,-253.54189999999999827,-220.20109999999999673,-248.30660392210066334,-7505.914697601439002,-7430.6613234960377667,-7494.098133682675325
0.03289825,0.07482345,0.0516281805,0.2613226502018911,0.04867734979810887,0.31,2e-09,0.6900000000000001,0.004665091213677971,0.820600231719576,-547.059099999999944,-477.9567000000000121,-536.20838484939076807,-16224.687666790721778,-16073.218334926948955,-16200.903390497756845
0.03290836,0.4258063,0.293806347,0.2613226502018911,0.04867734979810887,0.31,2e-09,0.6900000000000001,0.004665091213677971,0.820600231719576,-1555.9670000000000982,-1398.3209999999999127,-1531.2128403668623378,-46309.263385313781328,-45998.09587777194247,-46260.40270915113797
0.03291448,1.140559,0.7869857100000002,0.2613226502018911,0.04867734979810887,0.31,2e-09,0.6900000000000001,0.004665091213677971,0.820600231719576,-2241.8170000000000073,-2015.1010000000001128,-2206.2172127844255556,-66711.44994922458136,-66264.977591885457514,-66641.343203697528224
0.03292137,0.09763977,0.0673714413,0.2613226502018911,0.04867734979810887,0.31,2e-09,0.6900000000000001,0.004665091213677971,0.820600231719576,-695.297800000000052,-635.8624999999999545,-685.96504874691754594,-20730.247307009056385,-20620.792616638696927,-20713.060325556791213
0.03292363,0.9073807,0.6260926830000001,0.2613226502018911,0.04867734979810887,0.31,2e-09,0.6900000000000001,0.004665091213677971,0.820600231719576,-2079.0210000000001855,-1868.7860000000000582,-2046.009120532885845,-61849.98236749393982,-61436.11558221901214,-61784.99546982733591
0.03292874,0.4785952,0.33023068800000005,0.2613226502018911,0.04867734979810887,0.31,2e-09,0.6900000000000001,0.004665091213677971,0.820600231719576,-1635.3940000000000055,-1469.8769999999999527,-1609.4039067531173259,-48644.038631569594145,-48317.851918894557457,-48592.81958411030064
0.03293299,0.7366557,0.508292433,0.2613226502018911,0.04867734979810887,0.31,2e-09,0.6900000000000001,0.004665091213677971,0.820600231719576,-1932.5940000000000509,-1737.1790000000000873,-1901.9092119006534176,-57477.635394649172667,-57093.026841135375435,-57417.242733053244592
0.03293331,0.06752584,0.0465928296,0.2613226502018911,0.04867734979810887,0.31,2e-09,0.6900000000000001,0.004665091213677971,0.820600231719576,-506.0314000000000192,-440.926400000000001,-495.80837142385200877,-14987.680128590383902,-14836.307886869224603,-14963.911097751721172
0.03294074,0.6291994,0.43414758600000003,0.2613226502018911,0.04867734979810887,0.31,2e-09,0.6900000000000001,0.004665091213677971,0.820600231719576,-1823.2010000000000218,-1638.8530000000000655,-1794.2539932884458267,-54211.4400623526235,-53848.666815825774393,-54154.47606164751778
0.03294659,0.561353,0.38733357,0.2613226502018911,0.04867734979810887,0.31,2e-09,0.6900000000000001,0.004665091213677971,0.820600231719576,-1744.9059999999999491,-1568.474999999999909,-1717.2021499928057438,-51874.191181972484628,-51526.988585016486468,-51819.67214241493639
0.0329488,0.1497636,0.103336884,0.2613226502018911,0.04867734979810887,0.31,2e-09,0.6900000000000001,0.004665091213677971,0.820600231719576,-908.3787999999999556,-811.9600000000000364,-893.23876240414858785,-26983.238432793008542,-26783.454797625610809,-26951.867665396293887
0.03295132,0.5142426,0.354827394,0.2613226502018911,0.04867734979810887,0.31,2e-09,0.6900000000000001,0.004665091213677971,0.820600231719576,-1685.2660000000000764,-1514.8669999999999618,-1658.5093170056516101,-50094.030764676310355,-49758.709413424541708,-50041.377362387094763
0.03296224,0.1113859,0.076856271,0.2613226502018911,0.04867734979810887,0.31,2e-09,0.6900000000000001,0.004665091213677971,0.820600231719576,-740.45460000000002765,-650.80370000000004893,-726.3772831644668031,-21938.240520986768388,-21740.119280145638186,-21907.130788913025754
0.03298831,0.1,0.069,0.2613226502018911,0.04867734979810887,0.31,2e-09,0.6900000000000001,0.004665091213677971,0.820600231719576,-705.363399999999956,-640.5988999999999578,-695.1938379967753008,-20969.371430333743774,-20842.98358164812089,-20949.525541557290126
0.0329947,0.4499077,0.310436313,0.2613226502018911,0.04867734979810887,0.31,2e-09,0.6900000000000001,0.004665091213677971,0.820600231719576,-1596.9890000000000327,-1435.7280000000000655,-1571.6671996587326703,-47408.815244007586443,-47092.106004098648555,-47359.08438447422668
0.03301355,0.2827782,0.195116958,0.2613226502018911,0.04867734979810887,0.31,2e-09,0.6900000000000001,0.004665091213677971,0.820600231719576,-1293.9010000000000673,-1163.0090000000000146,-1273.3478526781482287,-38388.18639674764563,-38129.95582086106151,-38347.638073937974696
0.03308257,0.4049289,0.279400941,0.2613226502018911,0.04867734979810887,0.31,2e-09,0.6900000000000001,0.004665091213677971,0.820600231719576,-1530.6040000000000418,-1376.4939999999999145,-1506.4050762019787726,-45319.877979815799335,-45018.45231793673156,-45272.547004391875817
0.03308697,0.3275281,0.22599438900000002,0.2613226502018911,0.04867734979810887,0.31,2e-09,0.6900000000000001,0.004665091213677971,0.820600231719576,-1391.2690000000000055,-1251.0730000000000928,-1369.2549040893686652,-41188.433679937646957,-40913.63589468430291,-41145.283912464990863
0.03310811,0.1599486,0.110364534,0.2613226502018911,0.04867734979810887,0.31,2e-09,0.6900000000000001,0.004665091213677971,0.820600231719576,-942.77530000000001564,-837.1570000000000391,-926.19072279296256056,-27846.96287224536718,-27628.222507101527299,-27812.615448796743294
0.03313666,0.3545706,0.24465371400000002,0.2613226502018911,0.04867734979810887,0.31,2e-09,0.6900000000000001,0.004665091213677971,0.820600231719576,-1445.0879999999999654,-1299.8440000000000509,-1422.2812484062046678,-42719.373371675930684,-42436.12358024821151,-42674.89643884506222
0.03315719,0.3697744,0.255144336,0.2613226502018911,0.04867734979810887,0.31,2e-09,0.6900000000000001,0.004665091213677971,0.820600231719576,-1473.7260000000001128,-1325.6749999999999545,-1450.4784828549684335,-43539.46094885354978,-43250.703890213633713,-43494.11924449842627
0.0331806,0.1824631,0.125899539,0.2613226502018911,0.04867734979810887,0.31,2e-09,0.6900000000000001,0.004665091213677971,0.820600231719576,-1038.0579999999999927,-941.36410000000000764,-1022.8747651817955102,-30678.161429177740501,-30497.750359661589755,-30649.832613892936934
0.03321278,0.1449173,0.099992937,0.2613226502018911,0.04867734979810887,0.31,2e-09,0.6900000000000001,0.004665091213677971,0.820600231719576,-903.99919999999997344,-816.71439999999995507,-890.2934169623935077,-26677.139178228437231,-26506.297035343526659,-26650.312911294669902
0.03330236,0.08002689,0.055218554100000004,0.2613226502018911,0.04867734979810887,0.31,2e-09,0.6900000000000001,0.004665091213677971,0.820600231719576,-590.7256999999999607,-527.4636000000000422,-580.79205041721627367,-17355.794081694697525,-17233.456085970006825,-17336.584115851179376
0.03331119,0.1356903,0.09362630700000002,0.2613226502018911,0.04867734979810887,0.31,2e-09,0.6900000000000001,0.004665091213677971,0.820600231719576,-876.59979999999995925,-801.63779999999997017,-864.8289887239810696,-25833.000584008776059,-25702.534367368585663,-25812.514294769323897
0.03350103,0.2152895,0.148549755,0.2613226502018911,0.04867734979810887,0.31,2e-09,0.6900000000000001,0.004665091213677971,0.820600231719576,-1140.5470000000000255,-1027.3800000000001091,-1122.7770979206368338,-33357.370120901316113,-33142.03274287689419,-33323.55704711194994
0.03350206,0.0698967,0.04822872300000001,0.2613226502018911,0.04867734979810887,0.31,2e-09,0.6900000000000001,0.004665091213677971,0.820600231719576,-527.01959999999996853,-458.70539999999999736,-516.29265093684523436,-15343.438408960309971,-15190.051657080057339,-15319.3530522645960446
0.03352042,0.09140144,0.06306699360000001,0.2613226502018911,0.04867734979810887,0.31,2e-09,0.6900000000000001,0.004665091213677971,0.820600231719576,-676.53759999999999764,-624.66809999999998126,-668.3928587246676898,-19836.266349219422409,-19755.479107415187173,-19823.58083686932514
0.03365753,0.04360167,0.030085152300000004,0.2613226502018911,0.04867734979810887,0.31,2e-09,0.6900000000000001,0.004665091213677971,0.820600231719576,-358.117999999999995,-329.27850000000000819,-353.58951474354012134,-10445.582252307178351,-10401.392668954926194,-10438.643440028887198
0.03386869,0.3153417,0.217585773,0.2613226502018911,0.04867734979810887,0.31,2e-09,0.6900000000000001,0.004665091213677971,0.820600231719576,-1398.9400000000000546,-1261.8820000000000618,-1377.4186444882927844,-40480.75220865447045,-40223.039776510013326,-40440.285246696992544
0.03421402,0.2636848,0.181942512,0.2613226502018911,0.04867734979810887,0.31,2e-09,0.6900000000000001,0.004665091213677971,0.820600231719576,-1295.0309999999999491,-1169.6820000000000164,-1275.3482350972799395,-37103.81790624809946,-36872.711452231989824,-37067.52871365860483
0.0342658,0.06521034,0.04499513460000001,0.2613226502018911,0.04867734979810887,0.31,2e-09,0.6900000000000001,0.004665091213677971,0.820600231719576,-514.34990000000004784,-453.57510000000002037,-504.80681548867710262,-14666.939997136099919,-14534.830061663509696,-14646.195605068985969
0.03442594,0.03884974,0.026806320600000003,0.2613226502018911,0.04867734979810887,0.31,2e-09,0.6900000000000001,0.004665091213677971,0.820600231719576,-320.54800000000000182,-288.3206000000000131,-315.48753411973041239,-9114.25813513648427,-9057.379674554686062,-9105.326868292231666
0.03456828,0.10429,0.0719601,0.2613226502018911,0.04867734979810887,0.31,2e-09,0.6900000000000001,0.004665091213677971,0.820600231719576,-752.3612000000000535,-676.4089000000000169,-740.43488814493252903,-21322.325489088812901,-21173.0802955879808,-21298.890455250984814
0.030001,0.01831457,0.012820199000000001,0.2613226502018911,0.04867734979810887,0.31,2e-09,0.7000000000000001,0.00473583904250429,0.8338312885077189,-121.190100000000001046,-110.39730000000000132,-119.4953745132224725,-3944.8763380548898567,-3910.5772247190111557,-3939.4905640625815977
0.03005627,0.1053842,0.07376894,0.2613226502018911,0.04867734979810887,0.31,2e-09,0.7000000000000001,0.00473583904250429,0.8338312885077189,-665.07929999999998927,-589.385599999999954,-653.19359447608667324,-21624.939991959272447,-21440.50134521509608,-21595.978751559734519
0.03006213,0.009179085,0.006425359500000001,0.2613226502018911,0.04867734979810887,0.31,2e-09,0.7000000000000001,0.00473583904250429,0.8338312885077189,-44.65297999999999945,-43.59843999999999653,-44.487392217883552803,-1443.3978804268303975,-1439.7559216134825419,-1442.8260065458377994
0.03008472,0.01155578,0.008089046,0.2613226502018911,0.04867734979810887,0.31,2e-09,0.7000000000000001,0.00473583904250429,0.8338312885077189,-64.02060000000000173,-61.603990000000003135,-63.641134934530292355,-2078.410268508988338,-2070.2911973208060772,-2077.1353818371726447
0.03018108,0.06823656,0.047765592,0.2613226502018911,0.04867734979810887,0.31,2e-09,0.7000000000000001,0.00473583904250429,0.8338312885077189,-470.11829999999997654,-405.248299999999972,-459.93217199547308383,-15168.438423761264858,-14995.947748491356833,-15141.353298157955578
0.03018475,0.1019701,0.07137907,0.2613226502018911,0.04867734979810887,0.31,2e-09,0.7000000000000001,0.00473583904250429,0.8338312885077189,-658.04110000000002856,-590.94489999999996144,-647.5054058144390865,-21341.174901774560567,-21188.117183789865521,-21317.14121120152413
0.0301922,0.01454787,0.010183509,0.2613226502018911,0.04867734979810887,0.31,2e-09,0.7000000000000001,0.00473583904250429,0.8338312885077189,-89.89381000000000199,-84.598449999999999704,-89.062312932171238344,-2912.3275780536587263,-2895.1186769024948262,-2909.6253725666383616
0.03019577,0.2664595,0.18652165000000004,0.2613226502018911,0.04867734979810887,0.31,2e-09,0.7000000000000001,0.00473583904250429,0.8338312885077189,-1165.4900000000000091,-1039.571999999999889,-1145.7178886068440988,-37754.680487093770353,-37473.23900251070154,-37710.487501310708467
0.03024979,0.007291206,0.005103844200000001,0.2613226502018911,0.04867734979810887,0.31,2e-09,0.7000000000000001,0.00473583904250429,0.8338312885077189,-30.85005999999999915,-30.402719999999998635,-30.779817014004237308,-981.5623373990389382,-979.9906437002898656,-981.31554422500823875
0.03026399,0.06589721,0.046128047000000005,0.2613226502018911,0.04867734979810887,0.31,2e-09,0.7000000000000001,0.00473583904250429,0.8338312885077189,-460.78469999999998663,-400.41609999999997171,-451.30539851928347161,-14841.658134645178507,-14682.518227849968753,-14816.669396226116078
0.03027746,0.2488214,0.17417498,0.2613226502018911,0.04867734979810887,0.31,2e-09,0.7000000000000001,0.00473583904250429,0.8338312885077189,-1125.0080000000000382,-999.16259999999999764,-1105.2472885281194976,-36325.892543713052873,-36038.042058129052748,-36280.69319282167271
0.03029821,0.1616267,0.11313869000000001,0.2613226502018911,0.04867734979810887,0.31,2e-09,0.7000000000000001,0.00473583904250429,0.8338312885077189,-877.6935999999999467,-771.53750000000002274,-861.0245754422481923,-28283.329322448360472,-28030.812636293841933,-28243.678215797383018
0.03030667,0.1513348,0.10593436,0.2613226502018911,0.04867734979810887,0.31,2e-09,0.7000000000000001,0.00473583904250429,0.8338312885077189,-849.78909999999996217,-753.06520000000000437,-834.60115447052476156,-27404.945144313100172,-27177.024113815463352,-27369.156138739293965
0.03038621,0.05484512,0.038391584,0.2613226502018911,0.04867734979810887,0.31,2e-09,0.7000000000000001,0.00473583904250429,0.8338312885077189,-407.45830000000000837,-373.4438000000000102,-402.11721704932972443,-13157.7866169714016,-13088.179947384947809,-13146.856719539977348
0.03049301,0.08935441,0.062548087,0.2613226502018911,0.04867734979810887,0.31,2e-09,0.7000000000000001,0.00473583904250429,0.8338312885077189,-606.31140000000004875,-553.6026000000000522,-598.03486872568203125,-19504.948690411078132,-19409.26218811187573,-19489.9236409163168
0.03055229,0.03651226,0.025558582,0.2613226502018911,0.04867734979810887,0.31,2e-09,0.7000000000000001,0.00473583904250429,0.8338312885077189,-264.67540000000002465,-231.33330000000000837,-259.43989979127894685,-8442.49987721204343,-8365.02022845376996,-8430.333735389975118
0.03078962,0.07308809,0.051161663,0.2613226502018911,0.04867734979810887,0.31,2e-09,0.7000000000000001,0.00473583904250429,0.8338312885077189,-504.14379999999999882,-434.5502999999999929,-493.21597050588803768,-15945.97313077632316,-15771.554087290187454,-15918.58520564333412
0.0307988,0.08361198,0.05852838600000001,0.2613226502018911,0.04867734979810887,0.31,2e-09,0.7000000000000001,0.00473583904250429,0.8338312885077189,-573.12000000000000455,-513.7798999999999978,-563.8021974040168516,-18211.225053280082648,-18090.545637442497537,-18192.275523802152748
0.03095831,0.2758813,0.19311691,0.2613226502018911,0.04867734979810887,0.31,2e-09,0.7000000000000001,0.00473583904250429,0.8338312885077189,-1216.3369999999999891,-1088.6829999999999927,-1196.2922954479747659,-38453.93988114444801,-38179.437625862759887,-38410.836518884068937
0.03097791,0.04629246,0.032404722000000004,0.2613226502018911,0.04867734979810887,0.31,2e-09,0.7000000000000001,0.00473583904250429,0.8338312885077189,-351.8439999999999941,-323.8657000000000039,-347.450743561753427,-11148.704754104124731,-11102.506817072358899,-11141.450582682038657
0.03110912,0.2035794,0.14250558000000002,0.2613226502018911,0.04867734979810887,0.31,2e-09,0.7000000000000001,0.00473583904250429,0.8338312885077189,-1034.5399999999999636,-918.13819999999998345,-1016.2621576266789134,-32513.46829427295961,-32253.507231363168103,-32472.648243972482305
0.03135819,0.1670335,0.11692345000000001,0.2613226502018911,0.04867734979810887,0.31,2e-09,0.7000000000000001,0.00473583904250429,0.8338312885077189,-929.016399999999976,-825.0380000000000109,-912.68932597339448876,-28967.938424790194404,-28742.095429984736256,-28932.475720088263188
0.0313903,0.05271514,0.03690059800000001,0.2613226502018911,0.04867734979810887,0.31,2e-09,0.7000000000000001,0.00473583904250429,0.8338312885077189,-406.51089999999999236,-375.67290000000002692,-401.66860286105134037,-12722.795050886023091,-12667.752614570648802,-12714.152083381946795
0.03140209,0.1969567,0.13786969000000002,0.2613226502018911,0.04867734979810887,0.31,2e-09,0.7000000000000001,0.00473583904250429,0.8338312885077189,-1028.4210000000000491,-917.0951999999999771,-1010.9402099736958007,-32040.958801880238752,-31797.77824918096303,-32002.773689532365097
0.03141274,0.2574512,0.18021584000000002,0.2613226502018911,0.04867734979810887,0.31,2e-09,0.7000000000000001,0.00473583904250429,0.8338312885077189,-1187.7390000000000327,-1060.7100000000000364,-1167.792435266116172,-36999.321941348425753,-36728.12203067374503,-36956.73712548671756
0.03145684,0.059162,0.0414134,0.2613226502018911,0.04867734979810887,0.31,2e-09,0.7000000000000001,0.00473583904250429,0.8338312885077189,-446.37520000000000664,-402.78489999999999327,-439.5304894164370353,-13900.520008649238662,-13802.394759073233217,-13885.112018011695909
0.03152919,0.02857536,0.020002752000000002,0.2613226502018911,0.04867734979810887,0.31,2e-09,0.7000000000000001,0.00473583904250429,0.8338312885077189,-209.55860000000001264,-180.415300000000002,-204.98241094073796376,-6462.9206863044264537,-6386.644795751564743,-6450.9435630605421466
0.03172811,0.04175991,0.029231937,0.2613226502018911,0.04867734979810887,0.31,2e-09,0.7000000000000001,0.00473583904250429,0.8338312885077189,-320.40890000000001692,-289.89580000000000837,-315.61761986411391945,-9889.940157730779902,-9834.05825518751044,-9881.165374125997914
0.03184317,0.04845541,0.033918787,0.2613226502018911,0.04867734979810887,0.31,2e-09,0.7000000000000001,0.00473583904250429,0.8338312885077189,-379.670599999999979,-351.7903999999999769,-375.29274758760885788,-11716.919505558067613,-11673.395450111513128,-11710.085196939988236
0.03187676,0.1242293,0.08696051,0.2613226502018911,0.04867734979810887,0.31,2e-09,0.7000000000000001,0.00473583904250429,0.8338312885077189,-782.58559999999999945,-696.30510000000003856,-769.0375158733685339,-24011.769236266420194,-23831.449647796394856,-23983.454785674784944
0.03187899,0.05699104,0.039893728,0.2613226502018911,0.04867734979810887,0.31,2e-09,0.7000000000000001,0.00473583904250429,0.8338312885077189,-440.2219000000000051,-401.77870000000001482,-434.18540614916560116,-13547.66294277668203,-13468.47452104072363,-13535.228483083774336
0.0319099,0.1416991,0.09918937,0.2613226502018911,0.04867734979810887,0.31,2e-09,0.7000000000000001,0.00473583904250429,0.8338312885077189,-869.3246000000000322,-789.5641000000000531,-856.80031045621910835,-26717.750900104951143,-26562.455620446009561,-26693.365859298646683
0.03194393,0.2104394,0.14730758000000002,0.2613226502018911,0.04867734979810887,0.31,2e-09,0.7000000000000001,0.00473583904250429,0.8338312885077189,-1082.2319999999999709,-965.2866999999999962,-1063.8688152408230962,-33149.42160924930795,-32903.24702005351719,-33110.766362185793696
0.03198406,0.2961406,0.20729842,0.2613226502018911,0.04867734979810887,0.31,2e-09,0.7000000000000001,0.00473583904250429,0.8338312885077189,-1297.2439999999999145,-1161.2950000000000728,-1275.896783781602835,-39705.23060943910241,-39422.812263944229926,-39660.884233332464646
0.03203381,0.05058997,0.035412979000000004,0.2613226502018911,0.04867734979810887,0.31,2e-09,0.7000000000000001,0.00473583904250429,0.8338312885077189,-398.94940000000002556,-370.15039999999999054,-394.4272742037557009,-12242.305026913740221,-12196.063920807013346,-12235.044076923390094
0.03212117,0.1843776,0.12906432,0.2613226502018911,0.04867734979810887,0.31,2e-09,0.7000000000000001,0.00473583904250429,0.8338312885077189,-1021.50699999999994816,-924.01310000000000855,-1006.1981462145745354,-31173.923277803296514,-30982.768406287661492,-31143.907430879487947
0.03224486,0.1202093,0.08414651000000001,0.2613226502018911,0.04867734979810887,0.31,2e-09,0.7000000000000001,0.00473583904250429,0.8338312885077189,-768.96230000000002747,-677.96479999999996835,-754.6735350378921794,-23299.220284586881462,-23101.583580311755213,-23268.186636241891392
0.03225128,0.1563959,0.10947713000000002,0.2613226502018911,0.04867734979810887,0.31,2e-09,0.7000000000000001,0.00473583904250429,0.8338312885077189,-915.97090000000002874,-811.7503000000000384,-899.6057948310683514,-27768.078759267700661,-27540.415518674770283,-27732.330232820884703
0.03225487,0.1163191,0.08142337000000001,0.2613226502018911,0.04867734979810887,0.31,2e-09,0.7000000000000001,0.00473583904250429,0.8338312885077189,-750.19880000000000564,-657.64580000000000837,-735.66578465850193425,-22707.6059655043573,-22499.581155613235751,-22674.941138285790657
0.03229876,0.02304246,0.016129722000000003,0.2613226502018911,0.04867734979810887,0.31,2e-09,0.7000000000000001,0.00473583904250429,0.8338312885077189,-170.54560000000000741,-150.81850000000000023,-167.4479775896700744,-5148.3169297542663116,-5095.0704557819981346,-5139.9559709185759857
0.03240797,0.1089109,0.07623763000000001,0.2613226502018911,0.04867734979810887,0.31,2e-09,0.7000000000000001,0.00473583904250429,0.8338312885077189,-726.3590000000000373,-642.08559999999999945,-713.1260781597550249,-21906.214526127405406,-21717.24061355489539,-21876.54114146608481
0.03245167,0.132677,0.0928739,0.2613226502018911,0.04867734979810887,0.31,2e-09,0.7000000000000001,0.00473583904250429,0.8338312885077189,-845.4030999999999949,-769.17210000000000036,-833.4330256372269332,-25556.406623975570255,-25417.900184716039803,-25534.65782915903037
0.03251211,0.2325822,0.16280754,0.2613226502018911,0.04867734979810887,0.31,2e-09,0.7000000000000001,0.00473583904250429,0.8338312885077189,-1170.4120000000000346,-1054.4839999999999236,-1152.2085554600155319,-35273.079991685684945,-35043.05344875939045,-35236.960370740933286
0.03251299,0.07820134,0.054740938,0.2613226502018911,0.04867734979810887,0.31,2e-09,0.7000000000000001,0.00473583904250429,0.8338312885077189,-564.69700000000000273,-497.40859999999997854,-554.1311258575642569,-16965.00661284117814,-16821.69381045728369,-16942.503105059924565
0.03259241,0.08643959,0.060507713000000005,0.2613226502018911,0.04867734979810887,0.31,2e-09,0.7000000000000001,0.00473583904250429,0.8338312885077189,-626.75549999999998363,-571.16250000000002274,-618.0260809441087986,-18866.251918115824083,-18770.282517712254048,-18851.182446911436273
0.03275896,0.3441707,0.24091949000000001,0.2613226502018911,0.04867734979810887,0.31,2e-09,0.7000000000000001,0.00473583904250429,0.8338312885077189,-1427.1900000000000546,-1281.9320000000000164,-1404.3810500742783915,-42673.1730026889054,-42383.91801215148007,-42627.753111220386927
0.03276099,0.09546254,0.066823778,0.2613226502018911,0.04867734979810887,0.31,2e-09,0.7000000000000001,0.00473583904250429,0.8338312885077189,-686.64869999999996253,-631.935799999999972,-678.0574775104227001,-20591.697837931016693,-20498.533936514621018,-20577.068896583266906
0.03276415,0.1905595,0.13339165,0.2613226502018911,0.04867734979810887,0.31,2e-09,0.7000000000000001,0.00473583904250429,0.8338312885077189,-1057.9600000000000364,-954.14639999999997144,-1041.6588034806420637,-31644.46440276359499,-31439.280874131047312,-31612.245724066633557
0.03283015,0.1,0.07,0.2613226502018911,0.04867734979810887,0.31,2e-09,0.7000000000000001,0.00473583904250429,0.8338312885077189,-707.61789999999996326,-644.84209999999995944,-697.76061104691564196,-21149.780980003539298,-21029.836567424132227,-21130.94686346335584
0.03292811,0.09866429,0.06906500300000001,0.2613226502018911,0.04867734979810887,0.31,2e-09,0.7000000000000001,0.00473583904250429,0.8338312885077189,-704.51909999999998035,-644.58370000000002165,-695.1078211900335191,-21005.537354515618063,-20895.453421833110042,-20988.251567101626279
0.03299861,0.03316793,0.023217551,0.2613226502018911,0.04867734979810887,0.31,2e-09,0.7000000000000001,0.00473583904250429,0.8338312885077189,-256.56159999999999854,-223.23029999999999973,-251.32779564733641564,-7575.13004102283503,-7500.4945205600452027,-7563.4104947746691323
0.03300831,0.3070888,0.21496216,0.2613226502018911,0.04867734979810887,0.31,2e-09,0.7000000000000001,0.00473583904250429,0.8338312885077189,-1362.4939999999999145,-1225.1089999999999236,-1340.9212977354411578,-40437.890008009322628,-40168.292663094762247,-40395.556832967231458
0.03305222,0.1283837,0.08986859,0.2613226502018911,0.04867734979810887,0.31,2e-09,0.7000000000000001,0.00473583904250429,0.8338312885077189,-835.9737999999999829,-755.30309999999997217,-823.30658747626341665,-24791.688339323969558,-24642.322544641552668,-24768.23436824129385
0.03306539,0.06136566,0.04295596200000001,0.2613226502018911,0.04867734979810887,0.31,2e-09,0.7000000000000001,0.00473583904250429,0.8338312885077189,-480.29199999999997317,-430.805499999999995,-472.52144622327699608,-14222.770444461935767,-14114.809038896006314,-14205.817944128295494
0.03307206,0.07560973,0.052926811000000004,0.2613226502018911,0.04867734979810887,0.31,2e-09,0.7000000000000001,0.00473583904250429,0.8338312885077189,-556.39430000000004384,-486.841700000000003,-545.47289277558729736,-16420.991518592516513,-16270.052757601641133,-16397.29055450591477
0.03309223,0.3905796,0.27340572,0.2613226502018911,0.04867734979810887,0.31,2e-09,0.7000000000000001,0.00473583904250429,0.8338312885077189,-1527.0930000000000746,-1373.5979999999999563,-1502.9906457830297768,-45211.226670657364593,-44911.040460005882778,-45164.090318462353025
0.0331044,0.224925,0.15744750000000002,0.2613226502018911,0.04867734979810887,0.31,2e-09,0.7000000000000001,0.00473583904250429,0.8338312885077189,-1170.4429999999999836,-1057.2980000000000018,-1152.6765524422353337,-34658.05325983527291,-34442.412465070694452,-34624.192542423988925
0.03315596,0.06360873,0.04452611100000001,0.2613226502018911,0.04867734979810887,0.31,2e-09,0.7000000000000001,0.00473583904250429,0.8338312885077189,-492.65899999999999181,-437.31630000000001246,-483.96888397847800434,-14530.322722428401903,-14406.126572603281602,-14510.820982336092129
0.03317338,0.2405403,0.16837821000000003,0.2613226502018911,0.04867734979810887,0.31,2e-09,0.7000000000000001,0.00473583904250429,0.8338312885077189,-1211.5570000000000164,-1089.5760000000000218,-1192.4030909492801129,-35781.052056739135878,-35541.047494149657723,-35743.365650138133788
0.03324871,0.4304308,0.30130156,0.2613226502018911,0.04867734979810887,0.31,2e-09,0.7000000000000001,0.00473583904250429,0.8338312885077189,-1601.0509999999999309,-1441.0619999999998981,-1575.928933816613835,-47183.00516437953047,-46872.68213759403443,-47134.27709171744209
0.03325991,1.156777,0.8097439000000001,0.2613226502018911,0.04867734979810887,0.31,2e-09,0.7000000000000001,0.00473583904250429,0.8338312885077189,-2314.08199999999988,-2083.2989999999999782,-2277.8435973598161581,-68175.352050825356855,-67728.86738672188949,-68105.24337284453213
0.03326816,0.9201943,0.6441360100000001,0.2613226502018911,0.04867734979810887,0.31,2e-09,0.7000000000000001,0.00473583904250429,0.8338312885077189,-2145.2519999999999527,-1931.3199999999999363,-2111.6596038806160323,-63185.90480477365054,-62772.10677639435744,-63120.928703569821664
0.03326926,0.4839173,0.33874211000000004,0.2613226502018911,0.04867734979810887,0.31,2e-09,0.7000000000000001,0.00473583904250429,0.8338312885077189,-1683.4329999999999927,-1515.3910000000000764,-1657.0464218878262272,-49581.110464577024686,-49255.721854461560724,-49530.016738141821406
0.03327671,0.7465077,0.5225553900000001,0.2613226502018911,0.04867734979810887,0.31,2e-09,0.7000000000000001,0.00473583904250429,0.8338312885077189,-1992.9570000000001073,-1794.22199999999998,-1961.7508931866864259,-58685.23299929136556,-58300.923961689928547,-58624.88736879490898
0.03328477,0.6369905,0.4458933500000001,0.2613226502018911,0.04867734979810887,0.31,2e-09,0.7000000000000001,0.00473583904250429,0.8338312885077189,-1878.9429999999999836,-1691.58400000000006,-1849.5231949005678871,-55314.578732025482168,-54952.316943876059668,-55257.695042411804025
0.03328975,0.5679404,0.39755828000000004,0.2613226502018911,0.04867734979810887,0.31,2e-09,0.7000000000000001,0.00473583904250429,0.8338312885077189,-1797.3589999999999236,-1618.1320000000000618,-1769.2161117023686074,-52904.94078724290739,-52558.40774050026812,-52850.52688294323889
0.03329176,0.08086732,0.05660712400000001,0.2613226502018911,0.04867734979810887,0.31,2e-09,0.7000000000000001,0.00473583904250429,0.8338312885077189,-597.57789999999999964,-533.73310000000003583,-587.55275270196671045,-17566.103042651982832,-17442.57826113695046,-17546.706723301846068
0.03329239,0.09236066,0.06465246200000001,0.2613226502018911,0.04867734979810887,0.31,2e-09,0.7000000000000001,0.00473583904250429,0.8338312885077189,-680.387299999999982,-627.9288999999999987,-672.1500874624221069,-20086.956263932526781,-20004.268530514807935,-20073.972329340311262
0.03329427,0.5200815,0.36405705,0.2613226502018911,0.04867734979810887,0.31,2e-09,0.7000000000000001,0.00473583904250429,0.8338312885077189,-1735.3309999999999036,-1562.2899999999999636,-1708.1594603664043461,-51072.26964268030133,-50737.68251185412373,-51019.731530405551894
0.03332239,0.1784015,0.12488105000000001,0.2613226502018911,0.04867734979810887,0.31,2e-09,0.7000000000000001,0.00473583904250429,0.8338312885077189,-1037.3840000000000146,-941.08219999999994343,-1022.262334178104652,-30534.229088490450522,-30357.916335729652928,-30506.543806103334646
0.03333993,0.4548417,0.31838919000000004,0.2613226502018911,0.04867734979810887,0.31,2e-09,0.7000000000000001,0.00473583904250429,0.8338312885077189,-1643.7449999999998909,-1480.0640000000000782,-1618.0432022828892968,-48311.79850645235274,-47995.981648913271783,-48262.20777210857341
0.03340669,0.2857584,0.20003088000000002,0.2613226502018911,0.04867734979810887,0.31,2e-09,0.7000000000000001,0.00473583904250429,0.8338312885077189,-1331.7639999999998963,-1199.1279999999999291,-1310.9370033296063411,-39064.148695105111983,-38807.67626021272008,-39023.876442115331884
0.03343019,0.4092954,0.28650678,0.2613226502018911,0.04867734979810887,0.31,2e-09,0.7000000000000001,0.00473583904250429,0.8338312885077189,-1574.9639999999999418,-1418.5989999999999327,-1550.4109877381247315,-46167.786540971581417,-45867.349866967706475,-46120.61086009200517
0.03345642,0.3309986,0.23169902,0.2613226502018911,0.04867734979810887,0.31,2e-09,0.7000000000000001,0.00473583904250429,0.8338312885077189,-1431.58400000000006,-1289.4400000000000546,-1409.2640219041857108,-41932.07785113072896,-41658.690900427762244,-41889.14961813199625
0.03347422,0.3583455,0.25084185000000003,0.2613226502018911,0.04867734979810887,0.31,2e-09,0.7000000000000001,0.00473583904250429,0.8338312885077189,-1485.8900000000001,-1338.5779999999999745,-1462.7585233759386938,-43500.556287560117198,-43218.193620890262537,-43456.21865434909705
0.03351727,0.3737241,0.26160687000000005,0.2613226502018911,0.04867734979810887,0.31,2e-09,0.7000000000000001,0.00473583904250429,0.8338312885077189,-1516.5440000000000964,-1366.3769999999999527,-1492.964220686669023,-44342.01711904052354,-44054.520469247443543,-44296.873328757421405
0.03354511,0.1726227,0.12083589,0.2613226502018911,0.04867734979810887,0.31,2e-09,0.7000000000000001,0.00473583904250429,0.8338312885077189,-1018.53099999999994907,-918.933400000000006,-1002.89181543789629814,-29759.954442464677413,-29573.604000024126435,-29730.693004813994776
0.03368701,0.2175497,0.15228479000000003,0.2613226502018911,0.04867734979810887,0.31,2e-09,0.7000000000000001,0.00473583904250429,0.8338312885077189,-1165.4839999999999236,-1050.8369999999999891,-1147.4817028312779712,-33909.079608463391196,-33693.06391595880268,-33875.16002321846463
0.03370219,0.1464377,0.10250639000000002,0.2613226502018911,0.04867734979810887,0.31,2e-09,0.7000000000000001,0.00473583904250429,0.8338312885077189,-930.8586999999999989,-842.73310000000003583,-917.0208914278443899,-27084.656024948024424,-26916.521419343316666,-27058.254905560323095
0.0337788,0.07063191,0.04944233700000001,0.2613226502018911,0.04867734979810887,0.31,2e-09,0.7000000000000001,0.00473583904250429,0.8338312885077189,-537.47519999999997253,-468.85309999999998354,-526.69990333683608696,-15527.049842832404465,-15375.360118865184631,-15503.230959753916977
0.03385425,0.04407423,0.030851961,0.2613226502018911,0.04867734979810887,0.31,2e-09,0.7000000000000001,0.00473583904250429,0.8338312885077189,-363.31630000000001246,-334.22680000000002565,-358.7485588162836052,-10538.332150131522212,-10493.986810272886942,-10531.368880388892649
0.03389924,0.1371139,0.09597973000000001,0.2613226502018911,0.04867734979810887,0.31,2e-09,0.7000000000000001,0.00473583904250429,0.8338312885077189,-904.7201999999999771,-828.87999999999999545,-892.81149050271426404,-26212.21178043452528,-26083.931744992165477,-26192.068773475355556
0.03396512,0.1125545,0.07878815000000002,0.2613226502018911,0.04867734979810887,0.31,2e-09,0.7000000000000001,0.00473583904250429,0.8338312885077189,-773.0990000000000464,-682.59019999999998163,-758.88697252449333064,-22248.932991651876364,-22058.52507071549553,-22219.034433678483765
0.03423979,0.3186771,0.22307397,0.2613226502018911,0.04867734979810887,0.31,2e-09,0.7000000000000001,0.00473583904250429,0.8338312885077189,-1439.0360000000000582,-1300.1069999999999709,-1417.2208531287049027,-41206.993386108078994,-40950.60532715152658,-41166.734382140704838
0.03453489,0.03928171,0.027497197,0.2613226502018911,0.04867734979810887,0.31,2e-09,0.7000000000000001,0.00473583904250429,0.8338312885077189,-324.3217999999999961,-291.9667999999999779,-319.2412978944586257,-9195.04866419787686,-9138.239582748134126,-9186.128291522269137
0.0300007,0.01857144,0.013185722400000002,0.2613226502018911,0.04867734979810887,0.31,2e-09,0.7100000000000001,0.0048035181312366,0.8470489670532994,-122.066599999999994,-111.25719999999999743,-120.36926791965264272,-3974.3555648492010732,-3940.1379749591897053,-3968.9825919707350295
0.03003131,0.03971585,0.0281982535,0.2613226502018911,0.04867734979810887,0.31,2e-09,0.7100000000000001,0.0048035181312366,0.8470489670532994,-285.30700000000001637,-253.11670000000000869,-280.25235969933527258,-9277.638507627143554,-9207.29135087497707,-9266.592336154471923
0.03007279,0.1385474,0.098368654,0.2613226502018911,0.04867734979810887,0.31,2e-09,0.7100000000000001,0.0048035181312366,0.8470489670532994,-815.8786000000000058,-739.76499999999998636,-803.926960220666615,-26595.99279821665914,-26441.249560300213489,-26571.694441052299226
0.03009514,0.007393472,0.00524936512,0.2613226502018911,0.04867734979810887,0.31,2e-09,0.7100000000000001,0.0048035181312366,0.8470489670532994,-30.801380000000001758,-30.353729999999998768,-30.731088336654440951,-984.9927020947264964,-983.41507042318403364,-984.744976518183762
0.03014818,0.01475192,0.0104738632,0.2613226502018911,0.04867734979810887,0.31,2e-09,0.7100000000000001,0.0048035181312366,0.8470489670532994,-90.31462999999999397,-85.0113099999999946,-89.481883023447380765,-2930.702919680353716,-2913.4980391869289633,-2928.0013455319240165
0.03014841,0.06427688,0.0456365848,0.2613226502018911,0.04867734979810887,0.31,2e-09,0.7100000000000001,0.0048035181312366,0.8470489670532994,-453.8217000000000212,-398.71240000000000236,-445.168233312164773,-14695.3973682530922815,-14552.352188782244411,-14672.935883614267368
0.03016918,0.09028899,0.0641051829,0.2613226502018911,0.04867734979810887,0.31,2e-09,0.7100000000000001,0.0048035181312366,0.8470489670532994,-607.21669999999994616,-553.89409999999998035,-598.8437875730817268,-19743.279408761361992,-19644.607283770114009,-19727.785545717742934
0.03021018,0.00930783,0.0066085593000000005,0.2613226502018911,0.04867734979810887,0.31,2e-09,0.7100000000000001,0.0048035181312366,0.8470489670532994,-45.054560000000002162,-43.997970000000002244,-44.888650319280053225,-1449.6472516341837036,-1446.0431467774869816,-1449.0813217218658338
0.03025702,0.01171786,0.0083196806,0.2613226502018911,0.04867734979810887,0.31,2e-09,0.7100000000000001,0.0048035181312366,0.8470489670532994,-64.7074400000000054,-62.2856700000000032,-64.3271646921917295,-2089.3519643002950943,-2081.3241537341345975,-2088.0914077098373127
0.03027793,0.3220353,0.22864506300000004,0.2613226502018911,0.04867734979810887,0.31,2e-09,0.7100000000000001,0.0048035181312366,0.8470489670532994,-1298.0270000000000437,-1158.4369999999998981,-1276.1080604570386186,-41945.03357570569642,-41633.707179417404404,-41896.147950242753723
0.03028877,0.1064861,0.075605131,0.2613226502018911,0.04867734979810887,0.31,2e-09,0.7100000000000001,0.0048035181312366,0.8470489670532994,-679.0970999999999549,-602.8713999999999942,-667.12785786288475265,-21920.812985330190713,-21737.87664437717467,-21892.08764255807182
0.03031686,0.1030363,0.07315577300000001,0.2613226502018911,0.04867734979810887,0.31,2e-09,0.7100000000000001,0.0048035181312366,0.8470489670532994,-669.5481999999999516,-601.9552999999999656,-658.9345121381657009,-21627.06956655025715,-21474.389125477278867,-21603.095117397228023
0.03042531,0.06895218,0.048956047800000006,0.2613226502018911,0.04867734979810887,0.31,2e-09,0.7100000000000001,0.0048035181312366,0.8470489670532994,-479.18909999999999627,-414.06680000000000064,-468.96335491368580506,-15344.7741380328097875,-15174.317721329680353,-15318.008439254774203
0.03045316,0.2692534,0.191169914,0.2613226502018911,0.04867734979810887,0.31,2e-09,0.7100000000000001,0.0048035181312366,0.8470489670532994,-1194.9880000000000564,-1067.4049999999999727,-1174.9544441313157677,-38398.400001065150718,-38117.43174031090166,-38354.28132264289161
0.03047407,0.05542452,0.0393514092,0.2613226502018911,0.04867734979810887,0.31,2e-09,0.7100000000000001,0.0048035181312366,0.8470489670532994,-412.54109999999997171,-378.26710000000002765,-407.15926939683743058,-13286.674907134362002,-13216.918456026864078,-13275.721490452959188
0.03053425,0.06658879,0.0472780409,0.2613226502018911,0.04867734979810887,0.31,2e-09,0.7100000000000001,0.0048035181312366,0.8470489670532994,-469.95920000000000982,-409.36939999999998463,-460.4451648748469097,-15010.855094187741997,-14853.870703862507071,-14986.204822959662124
0.0305902,0.2514277,0.17851366700000001,0.2613226502018911,0.04867734979810887,0.31,2e-09,0.7100000000000001,0.0048035181312366,0.8470489670532994,-1155.2439999999999145,-1027.7139999999999418,-1135.2187663878939929,-36937.00728931719641,-36650.274557586621086,-36891.983452281659993
0.03065385,0.03692613,0.026217552300000002,0.2613226502018911,0.04867734979810887,0.31,2e-09,0.7100000000000001,0.0048035181312366,0.8470489670532994,-267.7984000000000151,-234.40080000000000382,-262.5541849754279724,-8516.906771109594047,-8439.840917042405636,-8504.805604864694033
0.03066847,0.08448678,0.059985613800000004,0.2613226502018911,0.04867734979810887,0.31,2e-09,0.7100000000000001,0.0048035181312366,0.8470489670532994,-577.473700000000008,-517.51919999999995525,-568.05942203719121153,-18429.379935488796036,-18306.500386283052649,-18410.084932909048803
0.03070384,0.152917,0.10857107,0.2613226502018911,0.04867734979810887,0.31,2e-09,0.7100000000000001,0.0048035181312366,0.8470489670532994,-873.55319999999994707,-775.8733999999999469,-858.2151555070665836,-27821.608555047179834,-27596.608870125848625,-27786.278269991111301
0.03098906,0.07385374,0.052436155400000004,0.2613226502018911,0.04867734979810887,0.31,2e-09,0.7100000000000001,0.0048035181312366,0.8470489670532994,-513.2101000000000113,-443.245900000000006,-502.22406181695208716,-16135.4189916414361505,-15962.239122526658321,-16108.225646264369061
0.03104742,0.05327334,0.037824071400000006,0.2613226502018911,0.04867734979810887,0.31,2e-09,0.7100000000000001,0.0048035181312366,0.8470489670532994,-405.90050000000002228,-374.80410000000000537,-401.0176279346389947,-12843.750605255510891,-12787.222008376753365,-12834.8742753075639484
0.03112742,0.04678839,0.0332197569,0.2613226502018911,0.04867734979810887,0.31,2e-09,0.7100000000000001,0.0048035181312366,0.8470489670532994,-356.58859999999998536,-328.3294999999999959,-352.1512513042588921,-11247.369337325848392,-11200.8037341468862,-11240.0574336016470625
0.03130846,0.2787759,0.19793088900000003,0.2613226502018911,0.04867734979810887,0.31,2e-09,0.7100000000000001,0.0048035181312366,0.8470489670532994,-1250.7449999999998909,-1121.4539999999999509,-1230.4432476362987927,-39117.27112201998534,-38844.611768375863903,-39074.457139010104584
0.03133546,0.1255281,0.08912495100000001,0.2613226502018911,0.04867734979810887,0.31,2e-09,0.7100000000000001,0.0048035181312366,0.8470489670532994,-780.18269999999995434,-693.03959999999995034,-766.4991672219625798,-24348.066239703366591,-24161.08282522817899,-24318.705410436097736
0.03147852,0.2057087,0.146053177,0.2613226502018911,0.04867734979810887,0.31,2e-09,0.7100000000000001,0.0048035181312366,0.8470489670532994,-1063.2229999999999563,-945.3341000000000349,-1044.7116476689861884,-33038.128301507647848,-32779.95640892519441,-32997.589193368046836
0.03151952,0.02895521,0.0205581991,0.2613226502018911,0.04867734979810887,0.31,2e-09,0.7100000000000001,0.0048035181312366,0.8470489670532994,-211.42670000000001096,-182.29400000000001114,-206.85217539205365256,-6524.716819549974389,-6448.7333247541055243,-6512.785609372356703
0.03153597,0.1687799,0.11983372900000001,0.2613226502018911,0.04867734979810887,0.31,2e-09,0.7100000000000001,0.0048035181312366,0.8470489670532994,-948.238399999999956,-842.9551999999999907,-931.7064414378571655,-29410.100202911089582,-29183.594942891835672,-29374.533506868931
0.03165498,0.05978487,0.042447257700000005,0.2613226502018911,0.04867734979810887,0.31,2e-09,0.7100000000000001,0.0048035181312366,0.8470489670532994,-453.73020000000002483,-409.92480000000000473,-446.85171361662554546,-14046.049256447864536,-13948.716520555988609,-14030.765709248456915
0.03165735,0.2601492,0.18470593200000004,0.2613226502018911,0.04867734979810887,0.31,2e-09,0.7100000000000001,0.0048035181312366,0.8470489670532994,-1216.7490000000000236,-1087.9829999999999472,-1196.5296850835377427,-37623.91141989370226,-37352.606275241676485,-37581.310079802555265
0.03180412,0.04221467,0.029972415700000005,0.2613226502018911,0.04867734979810887,0.31,2e-09,0.7100000000000001,0.0048035181312366,0.8470489670532994,-323.897199999999998,-293.1927000000000021,-319.07586552620631437,-9976.0516114894326165,-9919.931464705074177,-9967.239417890259574
0.03186412,0.1990164,0.14130164400000003,0.2613226502018911,0.04867734979810887,0.31,2e-09,0.7100000000000001,0.0048035181312366,0.8470489670532994,-1059.8320000000001073,-947.1996000000000322,-1042.1460427954821171,-32557.908082030218793,-32317.84871302485044,-32520.213069522513251
0.03199943,0.1,0.07100000000000001,0.2613226502018911,0.04867734979810887,0.31,2e-09,0.7100000000000001,0.0048035181312366,0.8470489670532994,-695.0221000000000231,-634.07789999999999964,-685.4524156723680335,-21315.792877927473455,-21198.113369056372903,-21297.314404968154122
0.03200512,0.04897194,0.0347700774,0.2613226502018911,0.04867734979810887,0.31,2e-09,0.7100000000000001,0.0048035181312366,0.8470489670532994,-384.9544999999999959,-356.77539999999999054,-380.5297132009809502,-11822.486243093308076,-11778.601463234526818,-11815.595292190084365
0.03202251,0.05759198,0.040890305800000006,0.2613226502018911,0.04867734979810887,0.31,2e-09,0.7100000000000001,0.0048035181312366,0.8470489670532994,-446.55570000000000164,-407.87659999999999627,-440.48216425620631753,-13684.853213410216995,-13605.931678419843593,-13672.4606612639890955
0.03218958,0.2126407,0.150974897,0.2613226502018911,0.04867734979810887,0.31,2e-09,0.7100000000000001,0.0048035181312366,0.8470489670532994,-1107.7719999999999345,-989.27049999999997,-1089.1644549448367343,-33684.798570872640994,-33438.520896326001093,-33646.127136964991223
0.03221913,0.05112724,0.0363003404,0.2613226502018911,0.04867734979810887,0.31,2e-09,0.7100000000000001,0.0048035181312366,0.8470489670532994,-404.86329999999998108,-375.7633000000000152,-400.29391006733879976,-12355.226201987425156,-12308.743027100514155,-12347.927241459368815
0.03223066,0.0233646,0.016588866,0.2613226502018911,0.04867734979810887,0.31,2e-09,0.7100000000000001,0.0048035181312366,0.8470489670532994,-171.64459999999999695,-151.90049999999999386,-168.54430818661663238,-5193.606561822560252,-5140.346331015693977,-5185.2434428376764117
0.03229377,0.2992533,0.21246984300000002,0.2613226502018911,0.04867734979810887,0.31,2e-09,0.7100000000000001,0.0048035181312366,0.8470489670532994,-1332.0380000000000109,-1194.2059999999999036,-1310.3951081375064405,-40395.39392485893768,-40113.683892255743558,-40351.15877066970279
0.03238546,0.08734382,0.062014112200000006,0.2613226502018911,0.04867734979810887,0.31,2e-09,0.7100000000000001,0.0048035181312366,0.8470489670532994,-630.2580000000000382,-574.0282999999999447,-621.4286039485718902,-19093.797044665981957,-18995.553422008295456,-19078.37046664810623
0.03242216,0.1431806,0.101658226,0.2613226502018911,0.04867734979810887,0.31,2e-09,0.7100000000000001,0.0048035181312366,0.8470489670532994,-895.8628999999999678,-815.27520000000004075,-883.2087204441126005,-27112.029799478463246,-26959.332307717162621,-27088.052672963109217
0.03259878,0.07901995,0.05610416450000001,0.2613226502018911,0.04867734979810887,0.31,2e-09,0.7100000000000001,0.0048035181312366,0.8470489670532994,-572.7845999999999549,-504.97939999999999827,-562.13757600473945786,-17167.52355330701539,-17023.845606319970102,-17144.96270916584399
0.03261496,0.09646081,0.0684871751,0.2613226502018911,0.04867734979810887,0.31,2e-09,0.7100000000000001,0.0048035181312366,0.8470489670532994,-692.2182000000000244,-636.9619000000000142,-683.5416508269379392,-20853.97455093420649,-20759.277833024902066,-20839.1049210554811
0.03272002,0.1100496,0.07813521600000001,0.2613226502018911,0.04867734979810887,0.31,2e-09,0.7100000000000001,0.0048035181312366,0.8470489670532994,-743.19290000000000873,-658.30780000000004293,-729.8639267569436697,-22210.490410009839252,-22023.499082658108819,-22181.128338233345858
0.03289846,0.1340641,0.095185511,0.2613226502018911,0.04867734979810887,0.31,2e-09,0.7100000000000001,0.0048035181312366,0.8470489670532994,-868.8432000000000244,-791.6508999999999787,-856.72217874574005236,-25919.223016887324775,-25781.938065932386962,-25897.66602469490681
0.03291569,0.2350166,0.166861786,0.2613226502018911,0.04867734979810887,0.31,2e-09,0.7100000000000001,0.0048035181312366,0.8470489670532994,-1204.2019999999999982,-1086.8959999999999582,-1185.7821767889774947,-35862.87297066375322,-35635.041379802671145,-35827.098009233413904
0.03292361,0.09969597,0.0707841387,0.2613226502018911,0.04867734979810887,0.31,2e-09,0.7100000000000001,0.0048035181312366,0.8470489670532994,-713.48099999999999454,-653.0399999999999636,-703.99033000274994265,-21280.027956385969446,-21169.243451669201022,-21262.632162552716181
0.03297668,0.158031,0.11220201000000002,0.2613226502018911,0.04867734979810887,0.31,2e-09,0.7100000000000001,0.0048035181312366,0.8470489670532994,-950.1876999999999498,-844.76700000000005275,-933.63415067786604595,-28190.915137291482097,-27968.857652593491366,-28156.04684742718382
0.03300381,0.09332657,0.0662618647,0.2613226502018911,0.04867734979810887,0.31,2e-09,0.7100000000000001,0.0048035181312366,0.8470489670532994,-682.86850000000004,-629.8228000000000293,-674.53906743811114666,-20336.932838702348818,-20252.062389174945565,-20323.60616593083978
0.03301133,0.1175353,0.083450063,0.2613226502018911,0.04867734979810887,0.31,2e-09,0.7100000000000001,0.0048035181312366,0.8470489670532994,-777.9519000000000233,-684.4595000000000482,-763.271376586242809,-23025.000950896559516,-22822.709211933401093,-22993.236351739211386
0.03307883,0.347811,0.24694581000000002,0.2613226502018911,0.04867734979810887,0.31,2e-09,0.7100000000000001,0.0048035181312366,0.8470489670532994,-1466.303000000000111,-1318.9849999999999,-1443.1705812336845156,-43435.862035672973434,-43147.32671030831989,-43390.55514869914623
0.03309584,0.03356361,0.023830163100000003,0.2613226502018911,0.04867734979810887,0.31,2e-09,0.7100000000000001,0.0048035181312366,0.8470489670532994,-259.54689999999999372,-226.223700000000008,-254.31436753937953199,-7643.7001070900787454,-7569.6499731694530055,-7632.072480407978219
0.03317929,0.1863055,0.13227690500000003,0.2613226502018911,0.04867734979810887,0.31,2e-09,0.7100000000000001,0.0048035181312366,0.8470489670532994,-1070.9809999999999945,-972.2807999999999993,-1055.4827285143762765,-31666.896773413558549,-31483.304599062757916,-31638.068449248814431
0.03322403,0.1925522,0.13671206200000002,0.2613226502018911,0.04867734979810887,0.31,2e-09,0.7100000000000001,0.0048035181312366,0.8470489670532994,-1089.4900000000000091,-984.54529999999999745,-1073.0111939633625298,-32152.149338404105947,-31949.672384641929966,-32120.355656132047443
0.03323805,0.07640148,0.0542450508,0.2613226502018911,0.04867734979810887,0.31,2e-09,0.7100000000000001,0.0048035181312366,0.8470489670532994,-565.6530999999999949,-495.65519999999997935,-554.66177011795787166,-16616.83263258556326,-16466.370748794339306,-16593.206549525599257
0.0332771,0.0817136,0.05801665600000001,0.2613226502018911,0.04867734979810887,0.31,2e-09,0.7100000000000001,0.0048035181312366,0.8470489670532994,-604.3383999999999787,-539.915300000000002,-594.2224458910368412,-17775.927994654975919,-17651.199923793315975,-17756.342730348598707
0.03330759,0.3103203,0.22032741300000003,0.2613226502018911,0.04867734979810887,0.31,2e-09,0.7100000000000001,0.0048035181312366,0.8470489670532994,-1398.3840000000000146,-1259.0950000000000273,-1376.5123245934555598,-41145.732664118033426,-40876.586581925752398,-41103.47034802233975
0.03333156,0.06201092,0.044027753200000005,0.2613226502018911,0.04867734979810887,0.31,2e-09,0.7100000000000001,0.0048035181312366,0.8470489670532994,-489.195699999999988,-439.505800000000022,-481.3932076008611034,-14376.513266615609609,-14269.833209690952572,-14359.761968398177487
0.03335203,0.129726,0.09210546000000001,0.2613226502018911,0.04867734979810887,0.31,2e-09,0.7100000000000001,0.0048035181312366,0.8470489670532994,-855.10569999999995616,-773.4272999999999456,-842.28025468467774317,-25139.734962862290558,-24990.612021121760336,-25116.319125449299463
0.03342606,0.3947511,0.28027328100000004,0.2613226502018911,0.04867734979810887,0.31,2e-09,0.7100000000000001,0.0048035181312366,0.8470489670532994,-1570.0589999999999691,-1414.3420000000000982,-1545.6077391015737703,-46037.398323436464125,-45738.001342550793197,-45990.385899026558036
0.0335938,0.4350836,0.308909356,0.2613226502018911,0.04867734979810887,0.31,2e-09,0.7100000000000001,0.0048035181312366,0.8470489670532994,-1647.0789999999999509,-1484.7349999999999,-1621.5871429818573688,-48060.18800532534806,-47750.818870948474796,-48011.60971638727642
0.03359825,0.1633166,0.11595478600000002,0.2613226502018911,0.04867734979810887,0.31,2e-09,0.7100000000000001,0.0048035181312366,0.8470489670532994,-985.63580000000001746,-877.509900000000016,-968.6574701402084884,-28709.101754172719666,-28490.484828136173746,-28674.773713590562693
0.03360991,1.173,0.8328300000000001,0.2613226502018911,0.04867734979810887,0.31,2e-09,0.7100000000000001,0.0048035181312366,0.8470489670532994,-2387.9800000000000182,-2153.106000000000222,-2351.0992133661902699,-69648.10304205835564,-69201.64955865616503,-69577.999260186901665
0.03361244,0.2272787,0.16136787700000002,0.2613226502018911,0.04867734979810887,0.31,2e-09,0.7100000000000001,0.0048035181312366,0.8470489670532994,-1207.4230000000000018,-1092.8479999999999563,-1189.4320085383278638,-35229.904762561403913,-35017.05624538774282,-35196.48249893407774
0.03361314,0.2430588,0.17257174800000002,0.2613226502018911,0.04867734979810887,0.31,2e-09,0.7100000000000001,0.0048035181312366,0.8470489670532994,-1247.6759999999999309,-1124.1749999999999545,-1228.283414911560385,-36382.647946530116315,-36144.995711993404257,-36345.330911204808217
0.0336144,0.4892695,0.34738134500000006,0.2613226502018911,0.04867734979810887,0.31,2e-09,0.7100000000000001,0.0048035181312366,0.8470489670532994,-1732.4829999999999472,-1561.90300000000002,-1705.6978957143178377,-50522.24720302788046,-50197.646396458760137,-50471.277180427510757
0.03361722,0.9330166,0.662441786,0.2613226502018911,0.04867734979810887,0.31,2e-09,0.7100000000000001,0.0048035181312366,0.8470489670532994,-2212.9650000000001455,-1995.3140000000000782,-2178.7886327067476486,-64529.674703653130564,-64116.102959026822646,-64464.734134363483463
0.03362539,0.7563858,0.5370339180000001,0.2613226502018911,0.04867734979810887,0.31,2e-09,0.7100000000000001,0.0048035181312366,0.8470489670532994,-2054.663000000000011,-1852.5889999999999418,-2022.9325910222480616,-59899.124799482036906,-59515.219686409160204,-59838.8425947132273
0.03363301,0.6448126,0.457816946,0.2613226502018911,0.04867734979810887,0.31,2e-09,0.7100000000000001,0.0048035181312366,0.8470489670532994,-1935.8959999999999582,-1745.5090000000000146,-1906.0007271096367276,-56424.006875326689624,-56062.344621688062034,-56367.21732684559538
0.03363732,0.5745592,0.4079370320000001,0.2613226502018911,0.04867734979810887,0.31,2e-09,0.7100000000000001,0.0048035181312366,0.8470489670532994,-1850.9339999999999691,-1668.8959999999999582,-1822.3497180562960693,-53940.754276235413272,-53594.929786006010545,-53886.451632107506157
0.03364204,0.5259512,0.373425352,0.2613226502018911,0.04867734979810887,0.31,2e-09,0.7100000000000001,0.0048035181312366,0.8470489670532994,-1786.4700000000000273,-1610.7719999999999345,-1758.8812483715221333,-52054.84137833661225,-51721.06595137409022,-52002.43072281316563
0.03368992,0.459805,0.32646155000000004,0.2613226502018911,0.04867734979810887,0.31,2e-09,0.7100000000000001,0.0048035181312366,0.8470489670532994,-1691.4880000000000564,-1525.375,-1665.4043206225378526,-49218.48303925536311,-48903.585093746412895,-49169.036595886827854
0.03378235,0.4136895,0.293719545,0.2613226502018911,0.04867734979810887,0.31,2e-09,0.7100000000000001,0.0048035181312366,0.8470489670532994,-1620.2419999999999618,-1461.6110000000001037,-1595.3331720134715397,-47018.997593195192167,-46719.609860107266286,-46971.986620908792247
0.033806,0.288759,0.20501889,0.2613226502018911,0.04867734979810887,0.31,2e-09,0.7100000000000001,0.0048035181312366,0.8470489670532994,-1370.4729999999999563,-1236.0869999999999891,-1349.3712118388107228,-39742.047795389014937,-39487.37105735681689,-39702.05750938051642
0.03381569,0.3621454,0.25712323400000003,0.2613226502018911,0.04867734979810887,0.31,2e-09,0.7100000000000001,0.0048035181312366,0.8470489670532994,-1527.4849999999999,-1378.0950000000000273,-1504.0272281085822215,-44284.3360594498954,-44002.921952065138612,-44240.14737253604835
0.03383171,0.3344924,0.23748960400000005,0.2613226502018911,0.04867734979810887,0.31,2e-09,0.7100000000000001,0.0048035181312366,0.8470489670532994,-1472.7809999999999491,-1328.6829999999999927,-1450.1541975767486292,-42678.120754728348402,-42406.135971864569,-42635.412695324397646
0.03386206,0.1214661,0.086240931,0.2613226502018911,0.04867734979810887,0.31,2e-09,0.7100000000000001,0.0048035181312366,0.8470489670532994,-817.75890000000003965,-725.54769999999996344,-803.2795553622471516,-23622.990038072155585,-23438.23922969517298,-23593.979780895220756
0.03387978,0.2198257,0.15607624700000003,0.2613226502018911,0.04867734979810887,0.31,2e-09,0.7100000000000001,0.0048035181312366,0.8470489670532994,-1190.8889999999998963,-1074.7539999999999054,-1172.6530515522470068,-34461.536099966710026,-34244.9017449443636,-34427.51937003860803
0.03388263,0.3776996,0.268166716,0.2613226502018911,0.04867734979810887,0.31,2e-09,0.7100000000000001,0.0048035181312366,0.8470489670532994,-1560.2819999999999254,-1407.9900000000000091,-1536.3685453049881744,-45147.510548134872806,-44861.242951341424487,-45102.559748312356533
0.03392926,0.1802668,0.12798942800000002,0.2613226502018911,0.04867734979810887,0.31,2e-09,0.7100000000000001,0.0048035181312366,0.8470489670532994,-1072.16599999999994,-974.65380000000004657,-1056.854272680699296,-31009.584616695243312,-30836.268111190289346,-30982.36981616540288
0.03396132,0.04454959,0.031630208900000005,0.2613226502018911,0.04867734979810887,0.31,2e-09,0.7100000000000001,0.0048035181312366,0.8470489670532994,-367.5794999999999959,-338.244700000000023,-362.97324090045947287,-10630.537741917192761,-10585.868086398411833,-10623.523546926713607
0.03404641,0.0713722,0.050674262000000005,0.2613226502018911,0.04867734979810887,0.31,2e-09,0.7100000000000001,0.0048035181312366,0.8470489670532994,-547.8704999999999927,-478.943300000000022,-537.04729540321216064,-15710.088290692096052,-15560.009623815023588,-15686.522381773356756
0.0341934,0.1479687,0.10505777700000002,0.2613226502018911,0.04867734979810887,0.31,2e-09,0.7100000000000001,0.0048035181312366,0.8470489670532994,-958.16449999999997544,-869.19439999999997326,-944.194084905571799,-27492.046477773463266,-27326.528157133256173,-27466.05617715475455
0.03424165,0.1744275,0.12384352500000002,0.2613226502018911,0.04867734979810887,0.31,2e-09,0.7100000000000001,0.0048035181312366,0.8470489670532994,-1055.0389999999999873,-954.0890000000000555,-1039.1874565738094134,-30216.512073965241143,-30033.707110888382886,-30187.80736063452423
0.03465427,0.1137313,0.08074922300000001,0.2613226502018911,0.04867734979810887,0.31,2e-09,0.7100000000000001,0.0048035181312366,0.8470489670532994,-799.2824000000000524,-707.984299999999962,-784.9464337109588996,-22559.866341659548198,-22374.163947759720031,-22530.70666299435834
0.03005375,0.009436576,0.006794334720000001,0.2613226502018911,0.04867734979810887,0.31,2e-09,0.7200000000000001,0.004870811109064918,0.8602476894624153,-45.010710000000003106,-43.953510000000001412,-44.84470453481754504,-1455.7793309534042692,-1452.1598558833416064,-1455.2109875531753005
0.03005981,0.1310775,0.09437580000000002,0.2613226502018911,0.04867734979810887,0.31,2e-09,0.7200000000000001,0.004870811109064918,0.8602476894624153,-782.87990000000002055,-700.7740999999999758,-769.9873427514401101,-25492.224799073206668,-25315.799993824719422,-25464.521921788869804
0.03010665,0.04015217,0.028909562400000005,0.2613226502018911,0.04867734979810887,0.31,2e-09,0.7200000000000001,0.004870811109064918,0.8602476894624153,-288.39809999999999945,-256.08139999999997372,-283.323611902514358,-9357.345142922971718,-9287.009911308894516,-9346.300843979715864
0.03010947,0.01882831,0.013556383200000003,0.2613226502018911,0.04867734979810887,0.31,2e-09,0.7200000000000001,0.004870811109064918,0.8602476894624153,-123.368700000000004025,-112.54189999999999827,-121.668635707115598166,-4003.432008751061403,-3969.4864360065757865,-3998.101749013704648
0.03011099,0.01495596,0.010768291200000002,0.2613226502018911,0.04867734979810887,0.31,2e-09,0.7200000000000001,0.004870811109064918,0.8602476894624153,-90.745199999999996976,-85.435230000000004225,-89.91140881578236588,-2948.7831573428961747,-2931.59066525810249,-2946.0835284683389546
0.03013295,0.1149161,0.082739592,0.2613226502018911,0.04867734979810887,0.31,2e-09,0.7200000000000001,0.004870811109064918,0.8602476894624153,-706.7010999999999967,-615.6798999999999751,-692.40861357598828363,-22878.634055273949343,-22648.918868033910258,-22842.563324553877464
0.03021895,0.1650181,0.11881303200000001,0.2613226502018911,0.04867734979810887,0.31,2e-09,0.7200000000000001,0.004870811109064918,0.8602476894624153,-901.7762000000000171,-793.2626000000000204,-884.7369920482191219,-29147.408043924784579,-28888.855592238691315,-29106.809178983225138
0.03024832,0.007495739,0.005396932080000001,0.2613226502018911,0.04867734979810887,0.31,2e-09,0.7200000000000001,0.004870811109064918,0.8602476894624153,-31.053480000000000416,-30.60519999999999996,-30.983089411717752881,-988.3305412785915678,-986.77083711354271145,-988.08563074561197936
0.03029199,0.01187995,0.008553564000000001,0.2613226502018911,0.04867734979810887,0.31,2e-09,0.7200000000000001,0.004870811109064918,0.8602476894624153,-65.10343000000000302,-62.678179999999997563,-64.722608249684313364,-2100.0989276344757855,-2092.1074700276330987,-2098.8440793205236332
0.03029386,0.1227315,0.08836668,0.2613226502018911,0.04867734979810887,0.31,2e-09,0.7200000000000001,0.004870811109064918,0.8602476894624153,-743.4056000000000495,-651.0244999999999891,-728.8995770340835634,-23954.48516900098548,-23734.359961378318985,-23919.920292449918634
0.03039253,0.06494952,0.0467636544,0.2613226502018911,0.04867734979810887,0.31,2e-09,0.7200000000000001,0.004870811109064918,0.8602476894624153,-462.29599999999999227,-406.98129999999997608,-453.61028064233073565,-14856.3346664188084105,-14715.053268080384441,-14834.150137235306829
0.03043713,0.1041098,0.07495905600000001,0.2613226502018911,0.04867734979810887,0.31,2e-09,0.7200000000000001,0.004870811109064918,0.8602476894624153,-680.8527000000000271,-612.7598000000000411,-670.1605002836527092,-21912.279024354593275,-21759.86645182285065,-21888.346636913440307
0.03046655,0.1762449,0.12689632800000003,0.2613226502018911,0.04867734979810887,0.31,2e-09,0.7200000000000001,0.004870811109064918,0.8602476894624153,-955.01919999999995525,-853.59749999999996817,-939.0935884902615953,-30680.252976777886943,-30460.226867434190353,-30645.703661006144102
0.03049832,0.1187598,0.08550705600000001,0.2613226502018911,0.04867734979810887,0.31,2e-09,0.7200000000000001,0.004870811109064918,0.8602476894624153,-729.85619999999994434,-636.1286000000000058,-715.1387446098798364,-23347.644466524539894,-23118.308729020951432,-23311.633318409476487
0.03051053,0.1075956,0.07746883200000002,0.2613226502018911,0.04867734979810887,0.31,2e-09,0.7200000000000001,0.004870811109064918,0.8602476894624153,-692.998299999999972,-616.2400000000000091,-680.9454270354574419,-22216.128613428496465,-22034.559394038900791,-22187.617941154956497
0.03053868,0.08536759,0.0614646648,0.2613226502018911,0.04867734979810887,0.31,2e-09,0.7200000000000001,0.004870811109064918,0.8602476894624153,-581.7664999999999509,-521.20039999999994507,-572.2561863367507158,-18647.038951634927798,-18521.944660937624576,-18627.396182131637033
0.03055386,0.05600771,0.040325551200000004,0.2613226502018911,0.04867734979810887,0.31,2e-09,0.7200000000000001,0.004870811109064918,0.8602476894624153,-417.51749999999998408,-382.98250000000001592,-412.09468620878158163,-13414.832414701262678,-13344.8902533859800315,-13403.849837114230468
0.03058835,0.1399908,0.100793376,0.2613226502018911,0.04867734979810887,0.31,2e-09,0.7200000000000001,0.004870811109064918,0.8602476894624153,-841.24090000000001055,-764.23090000000001965,-829.14850416789556675,-26974.28057875297236,-26821.973887374926562,-26950.364817163288535
0.03059555,0.3254158,0.234299376,0.2613226502018911,0.04867734979810887,0.31,2e-09,0.7200000000000001,0.004870811109064918,0.8602476894624153,-1333.91599999999994,-1192.4510000000000218,-1311.7026410026144276,-42675.769049986018217,-42365.873918984441843,-42627.108167106998735
0.03066082,0.06967266,0.050164315200000004,0.2613226502018911,0.04867734979810887,0.31,2e-09,0.7200000000000001,0.004870811109064918,0.8602476894624153,-488.1927000000000021,-422.81900000000001683,-477.92747915323667485,-15520.492163408125634,-15351.94860449807129,-15494.026828655600184
0.03071382,0.2720663,0.195887736,0.2613226502018911,0.04867734979810887,0.31,2e-09,0.7200000000000001,0.004870811109064918,0.8602476894624153,-1224.9919999999999618,-1095.7349999999999,-1204.6955864424057836,-39043.551605456399557,-38763.078787324237055,-38999.51072327226575
0.03075037,0.03734169,0.026886016800000002,0.2613226502018911,0.04867734979810887,0.31,2e-09,0.7200000000000001,0.004870811109064918,0.8602476894624153,-270.87749999999999773,-237.42359999999999332,-265.62444454060982935,-8590.773271762836885,-8514.088745209348417,-8578.731982978493761
0.03079536,0.06728505,0.048445236,0.2613226502018911,0.04867734979810887,0.31,2e-09,0.7200000000000001,0.004870811109064918,0.8602476894624153,-479.06709999999998217,-418.2559999999999718,-469.5183155280393521,-15179.389986961054092,-15024.43893013460729,-15155.05899730064084
0.030814,0.1268359,0.09132184800000001,0.2613226502018911,0.04867734979810887,0.31,2e-09,0.7200000000000001,0.004870811109064918,0.8602476894624153,-777.90300000000002,-689.9008999999999787,-764.08458385590915896,-24684.237436696803343,-24490.469911697098723,-24653.81134123252923
0.03090971,0.2540518,0.182917296,0.2613226502018911,0.04867734979810887,0.31,2e-09,0.7200000000000001,0.004870811109064918,0.8602476894624153,-1186.1620000000000346,-1056.9420000000000073,-1165.8713963196398709,-37549.490063181227015,-37263.961678921739804,-37504.655337252552272
0.0311092,0.1545101,0.11124727200000002,0.2613226502018911,0.04867734979810887,0.31,2e-09,0.7200000000000001,0.004870811109064918,0.8602476894624153,-897.88440000000002783,-799.2481000000000222,-882.39616232938317353,-28238.354450468570576,-28016.283336450589559,-28203.484020477892045
0.03114532,0.05383515,0.038761308,0.2613226502018911,0.04867734979810887,0.31,2e-09,0.7200000000000001,0.004870811109064918,0.8602476894624153,-410.901299999999992,-379.52010000000001355,-405.97370758230829324,-12963.794413674186217,-12906.954025974553588,-12954.869125175104273
0.03118079,0.07462462,0.05372972640000001,0.2613226502018911,0.04867734979810887,0.31,2e-09,0.7200000000000001,0.004870811109064918,0.8602476894624153,-522.2116999999999507,-451.88069999999999027,-511.16806552048120693,-16324.380426150204585,-16152.357102049702007,-16297.3686857609336585
0.03127332,0.04728733,0.034046877600000004,0.2613226502018911,0.04867734979810887,0.31,2e-09,0.7200000000000001,0.004870811109064918,0.8602476894624153,-361.30450000000001864,-332.76549999999997453,-356.823200368102448,-11345.448796805765596,-11298.5149548421049985,-11338.079070861784203
0.03151138,0.02933473,0.021121005600000003,0.2613226502018911,0.04867734979810887,0.31,2e-09,0.7200000000000001,0.004870811109064918,0.8602476894624153,-213.28309999999999036,-184.16309999999998581,-208.71056959315825452,-6585.8501809982299164,-6510.156926160570947,-6573.964545375358284
0.03164029,0.2628655,0.18926316,0.2613226502018911,0.04867734979810887,0.31,2e-09,0.7200000000000001,0.004870811109064918,0.8602476894624153,-1236.0979999999999563,-1105.6610000000000582,-1215.6162984657548805,-38250.321004380835802,-37975.55542078192957,-38207.176293331394845
0.03166243,0.2816902,0.20281694400000003,0.2613226502018911,0.04867734979810887,0.31,2e-09,0.7200000000000001,0.004870811109064918,0.8602476894624153,-1285.821999999999889,-1154.8889999999998963,-1265.2624147060778341,-39782.171724028594326,-39511.356246273819124,-39739.647273249844147
0.03173289,0.1705383,0.12278757600000002,0.2613226502018911,0.04867734979810887,0.31,2e-09,0.7200000000000001,0.004870811109064918,0.8602476894624153,-968.2019000000000233,-861.6104000000000269,-951.4645073193382814,-29852.583028586606815,-29625.638691550495423,-29816.947387042713672
0.03184207,0.06041189,0.04349656080000001,0.2613226502018911,0.04867734979810887,0.31,2e-09,0.7200000000000001,0.004870811109064918,0.8602476894624153,-460.96319999999997208,-416.94009999999997262,-454.05052955517049895,-14190.807725207130716,-14094.190216442275414,-14175.636485624003399
0.03185585,0.2078525,0.1496538,0.2613226502018911,0.04867734979810887,0.31,2e-09,0.7200000000000001,0.004870811109064918,0.8602476894624153,-1092.5909999999998945,-973.2140000000000555,-1073.8459806875841878,-33563.673642619338352,-33307.357754231743456,-33523.42597114238015
0.03187519,0.04267194,0.0307237968,0.2613226502018911,0.04867734979810887,0.31,2e-09,0.7200000000000001,0.004870811109064918,0.8602476894624153,-327.3328999999999951,-296.4375999999999749,-322.4816054025241101,-10061.631765814028768,-10005.26133485975879,-10052.780271666186309
0.03215526,0.05819689,0.04190176080000001,0.2613226502018911,0.04867734979810887,0.31,2e-09,0.7200000000000001,0.004870811109064918,0.8602476894624153,-452.7570999999999799,-413.839999999999975,-446.64619261345808354,-13821.283463603105702,-13742.57451274538289,-13808.924292205867459
0.03216343,0.04949171,0.035634031200000006,0.2613226502018911,0.04867734979810887,0.31,2e-09,0.7200000000000001,0.004870811109064918,0.8602476894624153,-390.21039999999999281,-361.73279999999999745,-385.73874162383668818,-11927.429333836922524,-11883.187606445748315,-11920.482333708234364
0.0321649,0.0236867,0.017054424000000002,0.2613226502018911,0.04867734979810887,0.31,2e-09,0.7200000000000001,0.004870811109064918,0.8602476894624153,-172.73490000000001032,-152.97759999999999536,-169.63253547365749796,-5238.44117640312561,-5185.176227676795861,-5230.0773165930295363
0.03218442,0.08825425,0.06354306000000001,0.2613226502018911,0.04867734979810887,0.31,2e-09,0.7200000000000001,0.004870811109064918,0.8602476894624153,-633.7636999999999716,-576.89809999999999945,-624.83445257200207834,-19320.778187665793666,-19220.242092401866103,-19304.99163709644563
0.0323326,0.2010903,0.14478501600000002,0.2613226502018911,0.04867734979810887,0.31,2e-09,0.7200000000000001,0.004870811109064918,0.8602476894624153,-1091.9610000000000127,-978.02300000000002456,-1074.0700326409776153,-33075.65233544028888,-32838.698444903253403,-33038.44495667998126
0.0324001,0.05166793,0.037200909600000005,0.2613226502018911,0.04867734979810887,0.31,2e-09,0.7200000000000001,0.004870811109064918,0.8602476894624153,-410.7447999999999979,-381.34370000000001255,-406.12813022855101508,-12467.492290319209133,-12420.758787212378593,-12460.154022325586993
0.03244296,0.2148571,0.15469711200000003,0.2613226502018911,0.04867734979810887,0.31,2e-09,0.7200000000000001,0.004870811109064918,0.8602476894624153,-1133.8699999999998909,-1013.8089999999999691,-1115.0175764706102655,-34221.02923693240882,-33974.74960893575917,-34182.35749628679332
0.0324673,0.09746595,0.07017548400000001,0.2613226502018911,0.04867734979810887,0.31,2e-09,0.7200000000000001,0.004870811109064918,0.8602476894624153,-697.6534000000000333,-641.84770000000003165,-688.89058200119893627,-21115.450547564978478,-21019.17775628119125,-21100.33343679929385
0.03260988,0.302387,0.21771864000000005,0.2613226502018911,0.04867734979810887,0.31,2e-09,0.7200000000000001,0.004870811109064918,0.8602476894624153,-1367.5869999999999891,-1227.8650000000000091,-1345.647333327447086,-41087.42318386525585,-40806.487324405366962,-41043.309593214413326
0.03266801,0.09429913,0.0678953736,0.2613226502018911,0.04867734979810887,0.31,2e-09,0.7200000000000001,0.004870811109064918,0.8602476894624153,-684.211400000000026,-630.57910000000003947,-675.7898573303963303,-20586.208531218875578,-20498.904428436719172,-20572.499717186819908
0.03267815,0.07984416,0.057487795200000004,0.2613226502018911,0.04867734979810887,0.31,2e-09,0.7200000000000001,0.004870811109064918,0.8602476894624153,-580.782100000000014,-512.46489999999994325,-570.0546798657181853,-17369.608543615158851,-17225.534666932908294,-17346.985529124733148
0.03290803,0.1007348,0.07252905600000001,0.2613226502018911,0.04867734979810887,0.31,2e-09,0.7200000000000001,0.004870811109064918,0.8602476894624153,-722.17859999999996035,-661.22670000000005075,-712.6077065898084584,-21553.757772650478728,-21442.191135732897237,-21536.239165518105438
0.0329606,0.1446722,0.10416398400000002,0.2613226502018911,0.04867734979810887,0.31,2e-09,0.7200000000000001,0.004870811109064918,0.8602476894624153,-923.5177999999999656,-842.091199999999958,-910.7318932546105543,-27505.970669840033224,-27355.929755132412538,-27482.410688906966243
0.03301876,0.1111962,0.08006126400000001,0.2613226502018911,0.04867734979810887,0.31,2e-09,0.7200000000000001,0.004870811109064918,0.8602476894624153,-759.9048999999999978,-674.4116999999999962,-746.48044063948486837,-22514.370704642518831,-22329.207426399174437,-22485.29567991730437
0.03313596,0.182145,0.13114440000000002,0.2613226502018911,0.04867734979810887,0.31,2e-09,0.7200000000000001,0.004870811109064918,0.8602476894624153,-1063.44399999999996,-964.9641000000000304,-1047.980320837474892,-31486.960239811738575,-31305.309917334179772,-31458.436832430510549
0.03318942,0.03396013,0.0244512936,0.2613226502018911,0.04867734979810887,0.31,2e-09,0.7200000000000001,0.004870811109064918,0.8602476894624153,-262.49790000000001555,-229.18149999999999977,-257.2664353006009037,-7711.660596284192252,-7638.164768901620846,-7700.1200088706345923
0.0332411,0.1354609,0.097531848,0.2613226502018911,0.04867734979810887,0.31,2e-09,0.7200000000000001,0.004870811109064918,0.8602476894624153,-889.8605000000000018,-811.7141000000000304,-877.5896624249581919,-26281.778840959013905,-26145.016634205214359,-26260.303931999929773
0.0332584,0.08256568,0.05944728960000001,0.2613226502018911,0.04867734979810887,0.31,2e-09,0.7200000000000001,0.004870811109064918,0.8602476894624153,-611.0058999999999969,-546.00869999999997617,-600.7997985796849889,-17985.304010336669307,-17859.3563030374753,-17965.527234193206823
0.03332226,0.2374678,0.17097681600000003,0.2613226502018911,0.04867734979810887,0.31,2e-09,0.7200000000000001,0.004870811109064918,0.8602476894624153,-1238.6169999999999618,-1119.928000000000111,-1219.9800129993943756,-36453.769021184962185,-36228.09904279976763,-36418.333484163063986
0.03339613,0.07719864,0.05558302080000001,0.2613226502018911,0.04867734979810887,0.31,2e-09,0.7200000000000001,0.004870811109064918,0.8602476894624153,-574.82939999999996417,-504.3908999999999878,-563.76888547176088196,-16812.224104867545975,-16662.191353458980302,-16788.665405765972537
0.03340425,0.3514754,0.253062288,0.2613226502018911,0.04867734979810887,0.31,2e-09,0.7200000000000001,0.004870811109064918,0.8602476894624153,-1506.2339999999999236,-1356.8450000000000273,-1482.776385132291125,-44201.000134365065605,-43913.214207651733886,-44155.810920747004275
0.03358619,0.0626605,0.04511556,0.2613226502018911,0.04867734979810887,0.31,2e-09,0.7200000000000001,0.004870811109064918,0.8602476894624153,-497.98959999999999582,-448.09410000000002583,-490.1548235262853268,-14529.492060111670071,-14424.008039049280342,-14512.928567881459458
0.03361128,0.3135735,0.22577292000000004,0.2613226502018911,0.04867734979810887,0.31,2e-09,0.7200000000000001,0.004870811109064918,0.8602476894624153,-1434.9490000000000691,-1293.7480000000000473,-1412.7770952617975126,-41855.476746813459613,-41586.815834021312185,-41813.29061381648353
0.0336877,0.1945586,0.14008219200000002,0.2613226502018911,0.04867734979810887,0.31,2e-09,0.7200000000000001,0.004870811109064918,0.8602476894624153,-1121.6289999999999054,-1015.5499999999999545,-1104.9720819702140489,-32660.32839316038735,-32460.496438099209627,-32628.950038394730655
0.03370904,0.1596775,0.11496780000000001,0.2613226502018911,0.04867734979810887,0.31,2e-09,0.7200000000000001,0.004870811109064918,0.8602476894624153,-985.23050000000000637,-878.61590000000001055,-968.4894800716597274,-28614.118153892883129,-28397.470310283948493,-28580.099305936884775
0.03375381,0.09123,0.06568560000000001,0.2613226502018911,0.04867734979810887,0.31,2e-09,0.7200000000000001,0.004870811109064918,0.8602476894624153,-686.03909999999996217,-631.73929999999995744,-677.5127440046213678,-19977.944755986402015,-19893.29055779195187,-19964.652039801272622
0.03376509,0.398949,0.28724328000000005,0.2613226502018911,0.04867734979810887,0.31,2e-09,0.7200000000000001,0.004870811109064918,0.8602476894624153,-1613.9259999999999309,-1455.974999999999909,-1589.1239481356092256,-46866.637467507382098,-46568.05774904545251,-46819.753372674502316
0.03389859,0.2296486,0.16534699200000003,0.2613226502018911,0.04867734979810887,0.31,2e-09,0.7200000000000001,0.004870811109064918,0.8602476894624153,-1237.071999999999889,-1121.1059999999999945,-1218.862588559072492,-35802.946904380944034,-35590.724701587278105,-35769.62298696058133
0.03394465,0.4397647,0.31663058400000005,0.2613226502018911,0.04867734979810887,0.31,2e-09,0.7200000000000001,0.004870811109064918,0.8602476894624153,-1694.1130000000000564,-1529.40300000000002,-1668.2496248863014898,-48940.809446710198245,-48632.380543014784053,-48892.37879628106748
0.03396484,1.189225,0.8562420000000001,0.2613226502018911,0.04867734979810887,0.31,2e-09,0.7200000000000001,0.004870811109064918,0.8602476894624153,-2463.599999999999909,-2224.6080000000001746,-2426.0725897324205107,-71130.73117732789251,-70684.43354707695835,-71060.65186809630541
0.03396514,0.4946515,0.35614908000000006,0.2613226502018911,0.04867734979810887,0.31,2e-09,0.7200000000000001,0.004870811109064918,0.8602476894624153,-1782.6099999999999,-1609.4780000000000655,-1755.4241712088830809,-51467.261099016708613,-51143.56432806835801,-51416.43303144260426
0.03397259,0.9458468,0.681009696,0.2613226502018911,0.04867734979810887,0.31,2e-09,0.7200000000000001,0.004870811109064918,0.8602476894624153,-2282.2840000000001055,-2060.8919999999998254,-2247.5202070112809452,-65880.67852580361068,-65467.371503954782384,-65815.77952426634147
0.03398022,0.7662884,0.5517276480000001,0.2613226502018911,0.04867734979810887,0.31,2e-09,0.7200000000000001,0.004870811109064918,0.8602476894624153,-2117.8339999999998327,-1912.400000000000091,-2085.5759913599199535,-61119.988676001397835,-60736.552325424585433,-61059.78007805836387
0.03398677,0.6526646,0.46991851200000007,0.2613226502018911,0.04867734979810887,0.31,2e-09,0.7200000000000001,0.004870811109064918,0.8602476894624153,-1994.1300000000001091,-1800.6980000000000928,-1963.7565899156522846,-57538.884374393557664,-57177.871229656906507,-57482.19675139980245
0.03399046,0.5812086,0.418470192,0.2613226502018911,0.04867734979810887,0.31,2e-09,0.7200000000000001,0.004870811109064918,0.8602476894624153,-1905.7080000000000837,-1720.8420000000000982,-1876.6796550071703678,-54981.54498228655575,-54636.47159437697701,-54927.360279030763195
0.03399561,0.5318513,0.38293293600000006,0.2613226502018911,0.04867734979810887,0.31,2e-09,0.7200000000000001,0.004870811109064918,0.8602476894624153,-1838.75,-1660.3820000000000618,-1810.741995068422284,-53041.713985172456887,-52708.828032369623543,-52989.4429981806461
0.03401811,0.04502773,0.0324199656,0.2613226502018911,0.04867734979810887,0.31,2e-09,0.7200000000000001,0.004870811109064918,0.8602476894624153,-371.3054000000000201,-341.72849999999999682,-366.6611254605042518,-10722.19829561361621,-10677.11450931512627,-10715.11907227208394
0.03404549,0.4647974,0.33465412800000005,0.2613226502018911,0.04867734979810887,0.31,2e-09,0.7200000000000001,0.004870811109064918,0.8602476894624153,-1740.27800000000002,-1571.7200000000000273,-1713.810397653968721,-50128.928125480560993,-49815.05834624521958,-50079.64312859380152
0.03405979,0.2455946,0.176828112,0.2613226502018911,0.04867734979810887,0.31,2e-09,0.7200000000000001,0.004870811109064918,0.8602476894624153,-1284.6259999999999764,-1159.6010000000001128,-1264.9941107790045862,-36985.519001176238817,-36750.234366893440892,-36948.573735224286793
0.03407968,0.2221174,0.159924528,0.2613226502018911,0.04867734979810887,0.31,2e-09,0.7200000000000001,0.004870811109064918,0.8602476894624153,-1216.7870000000000346,-1099.1539999999999964,-1198.3158300361260444,-35014.774744581569394,-34797.59660888601502,-34980.672628195265133
0.03414004,0.4181109,0.30103984800000005,0.2613226502018911,0.04867734979810887,0.31,2e-09,0.7200000000000001,0.004870811109064918,0.8602476894624153,-1666.5009999999999764,-1505.5940000000000509,-1641.2347860517279514,-47873.48146818211535,-47575.203320249391254,-47826.644727072263777
0.034162,0.3659701,0.26349847200000004,0.2613226502018911,0.04867734979810887,0.31,2e-09,0.7200000000000001,0.004870811109064918,0.8602476894624153,-1569.9269999999999072,-1418.4480000000000928,-1546.1412055804264583,-45070.72703516758338,-44790.27867969570798,-45026.68999420110049
0.03421235,0.29178,0.2100816,0.2613226502018911,0.04867734979810887,0.31,2e-09,0.7200000000000001,0.004870811109064918,0.8602476894624153,-1410.0760000000000218,-1273.9359999999999218,-1388.6987922531789081,-40421.876097928259696,-40169.028676200548944,-40382.173057950873044
0.03421392,0.3380095,0.24336684000000003,0.2613226502018911,0.04867734979810887,0.31,2e-09,0.7200000000000001,0.004870811109064918,0.8602476894624153,-1514.9239999999999782,-1368.8630000000000564,-1491.9889600359301767,-43426.51180586623377,-43156.021437071089167,-43384.038404902159527
0.03425426,0.3817007,0.274824504,0.2613226502018911,0.04867734979810887,0.31,2e-09,0.7200000000000001,0.004870811109064918,0.8602476894624153,-1605.0,-1450.5750000000000455,-1580.751613733635395,-45955.955198691168334,-45671.011507488845382,-45911.21228343497205
0.03430466,0.07211754,0.051924628800000004,0.2613226502018911,0.04867734979810887,0.31,2e-09,0.7200000000000001,0.004870811109064918,0.8602476894624153,-558.19700000000000273,-488.96699999999998454,-547.3262486241191027,-15892.581560486181843,-15744.011335334491378,-15869.252512682011002
0.03434092,0.1882467,0.135537624,0.2613226502018911,0.04867734979810887,0.31,2e-09,0.7200000000000001,0.004870811109064918,0.8602476894624153,-1124.8409999999998945,-1024.9130000000000109,-1109.1499348044339968,-32160.050757244589477,-31984.229428215567168,-32132.442640034543729
0.03468429,0.1495103,0.10764741600000002,0.2613226502018911,0.04867734979810887,0.31,2e-09,0.7200000000000001,0.004870811109064918,0.8602476894624153,-985.85940000000005057,-896.0399999999999636,-971.75562466949588725,-27899.300308895548369,-27736.290214251705038,-27873.703859225865017
0.0351603,0.1,0.07200000000000001,0.2613226502018911,0.04867734979810887,0.31,2e-09,0.7200000000000001,0.004870811109064918,0.8602476894624153,-767.36590000000001055,-707.55370000000004893,-757.97396651098563325,-21462.348796764286817,-21365.362862209523882,-21447.119705597127904
0.03001577,0.4444737,0.32446580100000005,0.2613226502018911,0.04867734979810887,0.31,2e-09,0.7300000000000001,0.00493757673961728,0.8734291681476424,-1528.625,-1362.98700000000008,-1502.6159068843251134,-49836.246438716079865,-49461.185916045942577,-49777.353044337127358
0.03003216,0.500063,0.3650459900000001,0.2613226502018911,0.04867734979810887,0.31,2e-09,0.7300000000000001,0.00493757673961728,0.8734291681476424,-1608.9760000000001128,-1434.803000000000111,-1581.626709527786943,-52428.226483791739156,-52034.44961299969873,-52366.39417901125853
0.03003447,1.205453,0.8799806900000002,0.2613226502018911,0.04867734979810887,0.31,2e-09,0.7300000000000001,0.00493757673961728,0.8734291681476424,-2229.31899999999996,-1988.2899999999999636,-2191.471732437134051,-72637.98261649283813,-72093.81057612954464,-72552.534704366655205
0.03004058,0.9586843,0.6998395390000002,0.2613226502018911,0.04867734979810887,0.31,2e-09,0.7300000000000001,0.00493757673961728,0.8734291681476424,-2064.5210000000001855,-1841.3179999999999836,-2029.472837074234576,-67254.7823428366537,-66750.96549097074603,-67175.67115208678297
0.03004713,0.7762144,0.5666365120000001,0.2613226502018911,0.04867734979810887,0.31,2e-09,0.7300000000000001,0.00493757673961728,0.8734291681476424,-1914.724999999999909,-1707.72199999999998,-1882.2206211604579948,-62361.41636777965323,-61894.263468380799168,-62288.062286833715916
0.03005235,0.6605459,0.48219850700000005,0.2613226502018911,0.04867734979810887,0.31,2e-09,0.7300000000000001,0.00493757673961728,0.8734291681476424,-1801.7889999999999873,-1606.9960000000000946,-1771.2018806476676218,-58673.030244865221903,-58233.457151048824016,-58604.00684728606575
0.03005504,0.5878882,0.42915838600000006,0.2613226502018911,0.04867734979810887,0.31,2e-09,0.7300000000000001,0.00493757673961728,0.8734291681476424,-1721.0850000000000364,-1535.0039999999999054,-1691.8658712007033955,-56039.93014626949298,-55619.949902608263073,-55973.98329069209285
0.03005989,0.5377815,0.3925804950000001,0.2613226502018911,0.04867734979810887,0.31,2e-09,0.7300000000000001,0.00493757673961728,0.8734291681476424,-1660.0940000000000509,-1480.6099999999999,-1631.9107566091490753,-54045.301301332336152,-53640.22419353514124,-53981.694591424427927
0.03009957,0.01908518,0.013932181400000002,0.2613226502018911,0.04867734979810887,0.31,2e-09,0.7300000000000001,0.00493757673961728,0.8734291681476424,-124.18760000000000332,-113.350200000000000955,-122.485871255799906976,-4032.183515627491488,-3998.3134062642116078,-4026.8651054301476506
0.03010322,0.4698185,0.342967505,0.2613226502018911,0.04867734979810887,0.31,2e-09,0.7300000000000001,0.00493757673961728,0.8734291681476424,-1570.4510000000000218,-1400.9169999999999163,-1543.8301425139593448,-51054.839147834587493,-50673.080369499744847,-50994.89396850715275
0.03017254,0.009565322,0.00698268506,0.2613226502018911,0.04867734979810887,0.31,2e-09,0.7300000000000001,0.00493757673961728,0.8734291681476424,-45.3634399999999971,-44.304980000000000473,-45.197236684944165575,-1461.7668177217508401,-1458.1810742196423689,-1461.2037709774333507
0.03017454,0.01204203,0.008790681900000001,0.2613226502018911,0.04867734979810887,0.31,2e-09,0.7300000000000001,0.00493757673961728,0.8734291681476424,-65.172460000000000946,-62.74578999999999951,-64.79141527601748862,-2110.6616501241924198,-2102.6481149696892317,-2109.4033351118205246
0.03017697,0.04059065,0.029631174500000003,0.2613226502018911,0.04867734979810887,0.31,2e-09,0.7300000000000001,0.00493757673961728,0.8734291681476424,-291.43950000000000955,-258.99660000000000082,-286.34519551043524643,-9436.550034694068017,-9366.206082762557344,-9425.504366454222691
0.03018411,0.4225594,0.308468362,0.2613226502018911,0.04867734979810887,0.31,2e-09,0.7300000000000001,0.00493757673961728,0.8734291681476424,-1503.2550000000001091,-1341.4729999999999563,-1477.8513903063301314,-48742.299883697465702,-48379.650570637284545,-48685.355343484967307
0.03019215,0.3698193,0.269968089,0.2613226502018911,0.04867734979810887,0.31,2e-09,0.7300000000000001,0.00493757673961728,0.8734291681476424,-1415.0470000000000255,-1262.7980000000000018,-1391.140297324476478,-45870.178508197393967,-45529.093074864977098,-45816.62000836074003
0.03019959,0.01516001,0.011066807300000002,0.2613226502018911,0.04867734979810887,0.31,2e-09,0.7300000000000001,0.00493757673961728,0.8734291681476424,-91.539270000000001914,-86.22218999999999767,-90.7043623772111971,-2966.5650144833521153,-2949.4954977597299148,-2963.884695656124677
0.03020344,0.2481475,0.181147675,0.2613226502018911,0.04867734979810887,0.31,2e-09,0.7300000000000001,0.00493757673961728,0.8734291681476424,-1160.3949999999999818,-1034.9480000000000928,-1140.6968467737954143,-37598.36000525172858,-37314.23688074281381,-37553.745938421234314
0.03023533,0.1510623,0.11027547900000002,0.2613226502018911,0.04867734979810887,0.31,2e-09,0.7300000000000001,0.00493757673961728,0.8734291681476424,-874.1073999999999842,-784.31550000000004275,-860.00794282149411174,-28313.402481959015859,-28112.524721429977944,-28281.859910939878318
0.03025263,0.161335,0.11777455000000002,0.2613226502018911,0.04867734979810887,0.31,2e-09,0.7300000000000001,0.00493757673961728,0.8734291681476424,-899.2603000000000293,-792.4319000000000415,-882.48570840266995674,-29045.247224784357968,-28788.645981754863897,-29004.954745863142307
0.0302698,0.3415495,0.24933113500000004,0.2613226502018911,0.04867734979810887,0.31,2e-09,0.7300000000000001,0.00493757673961728,0.8734291681476424,-1366.5779999999999745,-1219.8299999999999272,-1343.5350847478293872,-44187.38395267312444,-43859.102440121860127,-44135.835971967608202
0.03029162,0.2948212,0.21521947600000002,0.2613226502018911,0.04867734979810887,0.31,2e-09,0.7300000000000001,0.00493757673961728,0.8734291681476424,-1272.4230000000000018,-1135.7210000000000036,-1250.9575449287060565,-41112.993037076266774,-40806.689546833491477,-41064.896126950683538
0.03029272,0.3857272,0.28158085600000005,0.2613226502018911,0.04867734979810887,0.31,2e-09,0.7300000000000001,0.00493757673961728,0.8734291681476424,-1447.7509999999999764,-1292.5370000000000346,-1423.3787220272138256,-46777.87784878400271,-46431.69953199768497,-46723.519645497777674
0.03031708,0.1281526,0.09355139800000002,0.2613226502018911,0.04867734979810887,0.31,2e-09,0.7300000000000001,0.00493757673961728,0.8734291681476424,-775.8850999999999658,-687.026299999999992,-761.93216164438638316,-25020.307597916194936,-24819.702907437942486,-24988.807905369252694
0.03040933,0.08625434,0.0629656682,0.2613226502018911,0.04867734979810887,0.31,2e-09,0.7300000000000001,0.00493757673961728,0.8734291681476424,-585.9977999999999838,-524.823099999999954,-576.3919217074374046,-18864.224176521162008,-18736.892098606043874,-18844.230021368919552
0.03047413,0.007598006,0.005546544380000001,0.2613226502018911,0.04867734979810887,0.31,2e-09,0.7300000000000001,0.00493757673961728,0.8734291681476424,-31.376259999999998485,-30.927360000000000184,-31.30577205701815302,-991.58709781457037025,-990.0513002013676669,-991.345941177031591
0.03053929,0.190201,0.13884673000000003,0.2613226502018911,0.04867734979810887,0.31,2e-09,0.7300000000000001,0.00493757673961728,0.8734291681476424,-1017.7759999999999536,-917.547800000000052,-1002.03779628698441684,-32660.912635649066942,-32450.222533574848057,-32627.829294366270915
0.03054591,0.1051907,0.07678921100000001,0.2613226502018911,0.04867734979810887,0.31,2e-09,0.7300000000000001,0.00493757673961728,0.8734291681476424,-691.952199999999948,-623.35569999999995616,-681.1809231437870267,-22196.824966295065678,-22044.571647997774562,-22172.91758554448461
0.03061028,0.1667311,0.121713703,0.2613226502018911,0.04867734979810887,0.31,2e-09,0.7300000000000001,0.00493757673961728,0.8734291681476424,-926.53319999999996526,-816.73900000000003274,-909.2929074864401855,-29579.123144626093563,-29323.018280027539731,-29538.908608887184528
0.03062517,0.05659466,0.0413141018,0.2613226502018911,0.04867734979810887,0.31,2e-09,0.7300000000000001,0.00493757673961728,0.8734291681476424,-422.3790000000000191,-387.58109999999999218,-416.91490467567865608,-13542.268446942354785,-13472.109582391878575,-13531.251841809575126
0.03062709,0.06562662,0.0479074326,0.2613226502018911,0.04867734979810887,0.31,2e-09,0.7300000000000001,0.00493757673961728,0.8734291681476424,-470.6856000000000222,-415.1641999999999939,-461.96742384167509954,-15016.584203139489546,-14876.950802574652698,-14994.658448678861532
0.03066466,0.1161091,0.08475964300000001,0.2613226502018911,0.04867734979810887,0.31,2e-09,0.7300000000000001,0.00493757673961728,0.8734291681476424,-728.45899999999994634,-636.66869999999994434,-714.0457466413761267,-23189.084289149512188,-22964.216007849950984,-23153.774637577516842
0.03068051,0.1240056,0.090524088,0.2613226502018911,0.04867734979810887,0.31,2e-09,0.7300000000000001,0.00493757673961728,0.8734291681476424,-762.7397999999999456,-669.3911000000000513,-748.0818408932298098,-24279.64967103631352,-24061.82557356975667,-24245.446123336834717
0.0307223,0.1087125,0.07936012500000002,0.2613226502018911,0.04867734979810887,0.31,2e-09,0.7300000000000001,0.00493757673961728,0.8734291681476424,-706.7906000000000404,-629.49900000000002365,-694.6539862914338528,-22510.903515056717879,-22330.58297827856586,-22482.588915558222652
0.03084042,0.1780745,0.12999438500000002,0.2613226502018911,0.04867734979810887,0.31,2e-09,0.7300000000000001,0.00493757673961728,0.8734291681476424,-980.7313000000000329,-878.0018000000000029,-964.6003328835972752,-31137.63448930875893,-30919.11649604736158,-31103.321983517900662
0.03084193,0.03775894,0.0275640262,0.2613226502018911,0.04867734979810887,0.31,2e-09,0.7300000000000001,0.00493757673961728,0.8734291681476424,-273.91250000000002274,-240.40139999999999532,-268.65046278445350936,-8664.1101087715542235,-8587.779993669088071,-8652.12447098777011
0.03088787,0.07039794,0.05139049620000001,0.2613226502018911,0.04867734979810887,0.31,2e-09,0.7300000000000001,0.00493757673961728,0.8734291681476424,-497.12939999999997553,-431.505299999999977,-486.82486041649644903,-15695.635329596272641,-15528.889608574916565,-15669.452298017256908
0.03091617,0.3288186,0.24003757800000003,0.2613226502018911,0.04867734979810887,0.31,2e-09,0.7300000000000001,0.00493757673961728,0.8734291681476424,-1370.4710000000000036,-1227.1240000000000236,-1347.962122382227335,-43408.72715327818878,-43100.28636716635083,-43360.29463702796056
0.03095336,0.141444,0.10325412,0.2613226502018911,0.04867734979810887,0.31,2e-09,0.7300000000000001,0.00493757673961728,0.8734291681476424,-862.8669999999999618,-784.97509999999999764,-850.6361249589053841,-27352.389773942868487,-27201.317595077711303,-27328.667860086796281
0.03097645,0.2748981,0.200675613,0.2613226502018911,0.04867734979810887,0.31,2e-09,0.7300000000000001,0.00493757673961728,0.8734291681476424,-1255.4610000000000127,-1124.5209999999999582,-1234.9003155401148888,-39690.23431752349279,-39410.267960435245186,-39646.272961730952375
0.03104726,0.06798594,0.0496297362,0.2613226502018911,0.04867734979810887,0.31,2e-09,0.7300000000000001,0.00493757673961728,0.8734291681476424,-488.102800000000002,-427.07019999999999982,-478.51923477649012284,-15347.283580941604669,-15194.237020928580023,-15323.251642434664973
0.03111653,0.1199926,0.08759459800000001,0.2613226502018911,0.04867734979810887,0.31,2e-09,0.7300000000000001,0.00493757673961728,0.8734291681476424,-754.25509999999997035,-659.6172000000000253,-739.394705927553332,-23664.854960129559913,-23440.850378319795709,-23629.680929854937858
0.03123523,0.2566936,0.18738632800000005,0.2613226502018911,0.04867734979810887,0.31,2e-09,0.7300000000000001,0.00493757673961728,0.8734291681476424,-1217.7480000000000473,-1086.8360000000000127,-1197.1917122039676542,-38163.406552426196868,-37879.152365176902094,-38118.77190563809563
0.03123761,0.05440054,0.0397123942,0.2613226502018911,0.04867734979810887,0.31,2e-09,0.7300000000000001,0.00493757673961728,0.8734291681476424,-415.8324000000000069,-384.165300000000002,-410.85991450389775537,-13083.164082449768102,-13025.985371376680632,-13074.185669159734971
0.03136479,0.07540068,0.05504249640000001,0.2613226502018911,0.04867734979810887,0.31,2e-09,0.7300000000000001,0.00493757673961728,0.8734291681476424,-531.14449999999999363,-460.450300000000027,-520.04383450936302324,-16512.887168932444183,-16341.94533753527503,-16486.045248538735905
0.03141564,0.04778927,0.034886167100000004,0.2613226502018911,0.04867734979810887,0.31,2e-09,0.7300000000000001,0.00493757673961728,0.8734291681476424,-365.991800000000012,-337.17380000000002838,-361.4666907532841833,-11442.9726725880191225,-11395.678259049127519,-11435.546328357924722
0.03150453,0.02971398,0.021691205400000003,0.2613226502018911,0.04867734979810887,0.31,2e-09,0.7300000000000001,0.00493757673961728,0.8734291681476424,-215.12659999999999627,-186.0210999999999899,-210.55634643693915109,-6646.332895804885993,-6570.9234486142941023,-6634.4918247114064798
0.03152456,0.1561141,0.11396329300000002,0.2613226502018911,0.04867734979810887,0.31,2e-09,0.7300000000000001,0.00493757673961728,0.8734291681476424,-922.8451999999999771,-823.25139999999998963,-907.20661212799052464,-28655.199938446181477,-28436.080839459758863,-28620.793044804860983
0.0318942,0.2656001,0.19388807300000002,0.2613226502018911,0.04867734979810887,0.31,2e-09,0.7300000000000001,0.00493757673961728,0.8734291681476424,-1266.0109999999999673,-1133.821999999999889,-1245.2541929275412258,-38877.650009016804688,-38602.91496281284344,-38834.510093062381202
0.03194174,0.0431317,0.031486141,0.2613226502018911,0.04867734979810887,0.31,2e-09,0.7300000000000001,0.00493757673961728,0.8734291681476424,-330.72000000000002728,-299.634900000000016,-325.8389023025509914,-10146.715335898772537,-10090.087392978626667,-10137.8234062669289415
0.03194266,0.08917084,0.06509471320000002,0.2613226502018911,0.04867734979810887,0.31,2e-09,0.7300000000000001,0.00493757673961728,0.8734291681476424,-636.36620000000004893,-578.87030000000004293,-627.3379805282029338,-19547.252780021437502,-19444.184498014728888,-19531.068616097789345
0.03194708,0.1723086,0.12578527800000003,0.2613226502018911,0.04867734979810887,0.31,2e-09,0.7300000000000001,0.00493757673961728,0.8734291681476424,-988.8755999999999631,-880.97289999999998145,-971.9323178320630632,-30295.374976239319949,-30068.195556958700763,-30259.702421209465683
0.03201849,0.06104301,0.04456139730000001,0.2613226502018911,0.04867734979810887,0.31,2e-09,0.7300000000000001,0.00493757673961728,0.8734291681476424,-468.0754000000000019,-423.8324000000000069,-461.12820004155565812,-14334.83490380177318,-14238.863445224773386,-14319.765109415360712
0.03201983,0.284624,0.20777552000000002,0.2613226502018911,0.04867734979810887,0.31,2e-09,0.7300000000000001,0.00493757673961728,0.8734291681476424,-1321.5640000000000782,-1188.9819999999999709,-1300.7454826098939975,-40448.72099215855269,-40179.74781080565299,-40406.48582559395436
0.03210138,0.02400876,0.0175263948,0.2613226502018911,0.04867734979810887,0.31,2e-09,0.7300000000000001,0.00493757673961728,0.8734291681476424,-173.81680000000000064,-154.05000000000001137,-170.71294374842173625,-5282.8283659101170997,-5229.5715014476891156,-5274.4657755211228505
0.03214004,0.1,0.07300000000000001,0.2613226502018911,0.04867734979810887,0.31,2e-09,0.7300000000000001,0.00493757673961728,0.8734291681476424,-706.5688000000000102,-648.22879999999997835,-697.4080368154138796,-21597.39322760486175,-21491.721703800747491,-21580.800292998690566
0.03224078,0.2100109,0.15330795700000002,0.2613226502018911,0.04867734979810887,0.31,2e-09,0.7300000000000001,0.00493757673961728,0.8734291681476424,-1122.6440000000000055,-1001.7799999999999727,-1103.665486432262469,-34090.090535249444656,-33835.691546359899803,-34050.14386244150228
0.03227731,0.05880573,0.04292818290000001,0.2613226502018911,0.04867734979810887,0.31,2e-09,0.7300000000000001,0.00493757673961728,0.8734291681476424,-458.82330000000001746,-419.66599999999999682,-452.67467551855003194,-13956.983622441841362,-13878.431071750781484,-13944.649009578864934
0.03231805,0.05001468,0.036510716400000004,0.2613226502018911,0.04867734979810887,0.31,2e-09,0.7300000000000001,0.00493757673961728,0.8734291681476424,-395.43720000000001846,-366.66169999999999618,-390.91876426091778285,-12031.785203140028898,-11987.181834691760741,-12024.781416791220181
0.03231913,0.09847789,0.0718888597,0.2613226502018911,0.04867734979810887,0.31,2e-09,0.7300000000000001,0.00493757673961728,0.8734291681476424,-702.97900000000004184,-646.6189000000000533,-694.1291280569148512,-21376.198844738581101,-21278.309280588942784,-21360.82786230084821
0.03234386,0.09527827,0.06955313710000001,0.2613226502018911,0.04867734979810887,0.31,2e-09,0.7300000000000001,0.00493757673961728,0.8734291681476424,-685.609299999999962,-631.38639999999998054,-677.0950191278454895,-20834.786924063548213,-20745.006829765090515,-20820.689320660083467
0.03243086,0.1017806,0.074299838,0.2613226502018911,0.04867734979810887,0.31,2e-09,0.7300000000000001,0.00493757673961728,0.8734291681476424,-720.77099999999995816,-659.35370000000000346,-711.1270277556276369,-21827.173042614595033,-21712.46700299762233,-21809.161474826236372
0.03256834,0.05221202,0.038114774600000005,0.2613226502018911,0.04867734979810887,0.31,2e-09,0.7300000000000001,0.00493757673961728,0.8734291681476424,-416.487199999999973,-386.78489999999999327,-411.82323468739230066,-12579.115929243187566,-12532.1100079627376545,-12571.734885137539095
0.03270714,0.2170885,0.15847460500000002,0.2613226502018911,0.04867734979810887,0.31,2e-09,0.7300000000000001,0.00493757673961728,0.8734291681476424,-1160.6469999999999345,-1039.0209999999999582,-1141.5488343659844759,-34758.15107931917737,-34512.001978534266527,-34719.499834540474694
0.03275113,0.08067392,0.05889196160000001,0.2613226502018911,0.04867734979810887,0.31,2e-09,0.7300000000000001,0.00493757673961728,0.8734291681476424,-588.68659999999999854,-519.86199999999996635,-577.87950603575825426,-17571.282769360637758,-17426.787043366148282,-17548.593514526553918
0.03280621,0.2031783,0.14832015900000003,0.2613226502018911,0.04867734979810887,0.31,2e-09,0.7300000000000001,0.00493757673961728,0.8734291681476424,-1124.7770000000000437,-1009.5320000000000391,-1106.6808026532803524,-33594.20909704598307,-33360.32285446462629,-33557.483411745663034
0.03293104,0.3055415,0.22304529500000003,0.2613226502018911,0.04867734979810887,0.31,2e-09,0.7300000000000001,0.00493757673961728,0.8734291681476424,-1403.8510000000001128,-1262.2309999999999945,-1381.6133023277154734,-41781.402942899949267,-41501.261492039637233,-41737.414093233892345
0.03299271,0.1324381,0.09667981300000002,0.2613226502018911,0.04867734979810887,0.31,2e-09,0.7300000000000001,0.00493757673961728,0.8734291681476424,-869.20029999999997017,-785.6490999999999758,-856.08078068241366054,-25836.218499499707832,-25680.607017921636725,-25811.78380749525968
0.03323582,0.0834235,0.060899155,0.2613226502018911,0.04867734979810887,0.31,2e-09,0.7300000000000001,0.00493757673961728,0.8734291681476424,-617.58190000000001874,-552.01490000000001146,-607.2863264702818924,-18194.26184232695232,-18067.086569552702713,-18174.292309299526096
0.03327936,0.03435755,0.025081011500000003,0.2613226502018911,0.04867734979810887,0.31,2e-09,0.7300000000000001,0.00493757673961728,0.8734291681476424,-265.41460000000000719,-232.1039000000000101,-260.1840303357423636,-7779.034527479641838,-7706.0672106785841606,-7767.5769287578532385
0.03330494,0.1123505,0.08201586500000002,0.2613226502018911,0.04867734979810887,0.31,2e-09,0.7300000000000001,0.00493757673961728,0.8734291681476424,-776.5004000000000133,-690.40229999999996835,-762.98095699789496393,-22817.880083355419629,-22634.403983983884245,-22789.069985714446375
0.03343096,0.09217736,0.06728947280000001,0.2613226502018911,0.04867734979810887,0.31,2e-09,0.7300000000000001,0.00493757673961728,0.8734291681476424,-687.5483000000000402,-632.6233999999999469,-678.92378848410919545,-20214.923385122478066,-20127.797820286868955,-20201.242605780989834
0.03345058,0.136867,0.09991291000000001,0.2613226502018911,0.04867734979810887,0.31,2e-09,0.7300000000000001,0.00493757673961728,0.8734291681476424,-907.5687000000000353,-828.4796999999999798,-895.14985187683021195,-26644.106719438561413,-26507.04847463617989,-26622.585325487074442
0.03353157,0.146174,0.10670702000000001,0.2613226502018911,0.04867734979810887,0.31,2e-09,0.7300000000000001,0.00493757673961728,0.8734291681476424,-952.4981999999999971,-870.22069999999996526,-939.5786817806002773,-27899.595257766155555,-27752.304464520799229,-27876.467111105364893
0.03354652,0.07800116,0.05694084680000001,0.2613226502018911,0.04867734979810887,0.31,2e-09,0.7300000000000001,0.00493757673961728,0.8734291681476424,-583.9234000000000151,-513.0488000000000284,-572.79440743225461574,-17007.195107099279994,-16857.541842196067591,-16983.69599637630381
0.03373129,0.2399354,0.17515284200000003,0.2613226502018911,0.04867734979810887,0.31,2e-09,0.7300000000000001,0.00493757673961728,0.8734291681476424,-1273.6430000000000291,-1153.5650000000000546,-1254.7879070675569437,-37045.750984847276413,-36822.204399082613236,-37010.64887081037159
0.03373386,0.3551635,0.25926935500000003,0.2613226502018911,0.04867734979810887,0.31,2e-09,0.7300000000000001,0.00493757673961728,0.8734291681476424,-1546.9349999999999454,-1395.4659999999998945,-1523.15077581751666,-44968.5197500246868,-44681.50562754020939,-44923.45172796928091
0.03382934,0.06331436,0.0462194828,0.2613226502018911,0.04867734979810887,0.31,2e-09,0.7300000000000001,0.00493757673961728,0.8734291681476424,-506.67000000000001592,-456.56670000000002574,-498.80259399954968558,-14681.759072858303625,-14577.369924088347034,-14665.367501536360578
0.03391808,0.3168482,0.23129918600000005,0.2613226502018911,0.04867734979810887,0.31,2e-09,0.7300000000000001,0.00493757673961728,0.8734291681476424,-1472.1479999999999109,-1329.0229999999999109,-1449.6739816456311019,-42567.17384354974638,-42299.04899459720764,-42525.071885285135068
0.03407089,0.04550863,0.03322129990000001,0.2613226502018911,0.04867734979810887,0.31,2e-09,0.7300000000000001,0.00493757673961728,0.8734291681476424,-374.98169999999998936,-345.16370000000000573,-370.29956704425796943,-10813.3525649887633335,-10767.84109804120817,-10806.2061856454365625
0.03410795,0.4031732,0.29431643600000007,0.2613226502018911,0.04867734979810887,0.31,2e-09,0.7300000000000001,0.00493757673961728,0.8734291681476424,-1658.6459999999999582,-1498.4510000000000218,-1633.4915869325545827,-47698.86769814346917,-47401.205360348576505,-47652.127653825511516
0.03415565,0.1965786,0.143502378,0.2613226502018911,0.04867734979810887,0.31,2e-09,0.7300000000000001,0.00493757673961728,0.8734291681476424,-1154.4010000000000673,-1047.18100000000004,-1137.5649179182153148,-33168.969966199125338,-32971.732961357665772,-33137.999080141707964
0.03418711,0.2320344,0.16938511200000003,0.2613226502018911,0.04867734979810887,0.31,2e-09,0.7300000000000001,0.00493757673961728,0.8734291681476424,-1267.16599999999994,-1149.7999999999999545,-1248.7367553664357729,-36376.80398285704723,-36165.202474088240706,-36343.57752911463467
0.03428608,0.2244246,0.16382995800000003,0.2613226502018911,0.04867734979810887,0.31,2e-09,0.7300000000000001,0.00493757673961728,0.8734291681476424,-1243.1679999999998927,-1124.0299999999999727,-1224.4605093540415055,-35568.810600592281844,-35351.138939829899755,-35534.630989069482894
0.0343346,0.1840359,0.13434620700000002,0.2613226502018911,0.04867734979810887,0.31,2e-09,0.7300000000000001,0.00493757673961728,0.8734291681476424,-1117.6479999999999109,-1017.83399999999994634,-1101.9748355072629238,-31961.855681660712435,-31787.85007000072801,-31934.532675126494723
0.03455369,0.07286786,0.05319353780000001,0.2613226502018911,0.04867734979810887,0.31,2e-09,0.7300000000000001,0.00493757673961728,0.8734291681476424,-568.45249999999998636,-498.92219999999997526,-557.5345944042984456,-16074.56123882988868,-15927.413788721974925,-16051.4556004402020335
0.03000519,0.06397246,0.047339620400000004,0.2613226502018911,0.04867734979810887,0.31,2e-09,0.7400000000000001,0.005006105522664431,0.8865902470253122,-455.06340000000000146,-405.21300000000002228,-447.23570529556241127,-14836.958988156788109,-14711.911161060910672,-14817.323514540530596
0.03003767,0.01536406,0.011369404400000001,0.2613226502018911,0.04867734979810887,0.31,2e-09,0.7400000000000001,0.005006105522664431,0.8865902470253122,-91.58061999999999614,-86.26216999999999757,-90.745497254729826864,-2984.1130199439626267,-2966.9568080650878983,-2981.419087921902701
0.03004913,0.009694069,0.0071736110600000005,0.2613226502018911,0.04867734979810887,0.31,2e-09,0.7400000000000001,0.005006105522664431,0.8865902470253122,-45.358370000000000744,-44.29983000000000004,-45.19215412304745172,-1467.6423572932869774,-1464.0481474920561595,-1467.0779811392794727
0.03008001,0.1135125,0.08399925000000001,0.2613226502018911,0.04867734979810887,0.31,2e-09,0.7400000000000001,0.005006105522664431,0.8865902470253122,-712.0687000000000353,-626.05970000000002074,-698.5632478103691483,-23126.416361508778209,-22911.88057439788463,-23092.729156497778604
0.03008321,0.01934204,0.014313109600000004,0.2613226502018911,0.04867734979810887,0.31,2e-09,0.7400000000000001,0.005006105522664431,0.8865902470253122,-124.96899999999999409,-114.123900000000006116,-123.2660621732403996,-4060.5798523073517572,-4026.7799323937879308,-4055.2724635177369237
0.03011302,0.01220411,0.009031041400000002,0.2613226502018911,0.04867734979810887,0.31,2e-09,0.7400000000000001,0.005006105522664431,0.8865902470253122,-65.351920000000006894,-62.924109999999998877,-64.97069626898920092,-2121.0257271150912857,-2113.0142941576477824,-2119.7677421974990466
0.03014616,0.4074233,0.30149324200000005,0.2613226502018911,0.04867734979810887,0.31,2e-09,0.7400000000000001,0.005006105522664431,0.8865902470253122,-1495.0979999999999563,-1334.0550000000000637,-1469.810430827300479,-48545.179657351669448,-48183.077550990929012,-48488.321041564719053
0.03017435,0.226747,0.16779278000000003,0.2613226502018911,0.04867734979810887,0.31,2e-09,0.7400000000000001,0.005006105522664431,0.8865902470253122,-1113.80600000000004,-994.1916999999999689,-1095.0237189614324507,-36131.860642414358153,-35865.582850092250737,-36090.04871583264321
0.03018565,0.07362312,0.05448110880000001,0.2613226502018911,0.04867734979810887,0.31,2e-09,0.7400000000000001,0.005006105522664431,0.8865902470253122,-503.71440000000001191,-434.6309999999999718,-492.86666829986234006,-16261.71786686411906,-16081.4892430826039345,-16233.417699885265392
0.03024251,0.04103129,0.030363154600000004,0.2613226502018911,0.04867734979810887,0.31,2e-09,0.7400000000000001,0.005006105522664431,0.8865902470253122,-294.43310000000002447,-261.86430000000001428,-289.3190262254688605,-9515.2849601679572515,-9444.912580602480375,-9504.234828115590062
0.03028034,0.08714698,0.0644887652,0.2613226502018911,0.04867734979810887,0.31,2e-09,0.7400000000000001,0.005006105522664431,0.8865902470253122,-590.1674000000000433,-528.3869999999999436,-580.46641244688032657,-19080.965023520104296,-18951.38486950717197,-19060.617867120810843
0.03031702,0.4492103,0.3324156220000001,0.2613226502018911,0.04867734979810887,0.31,2e-09,0.7400000000000001,0.005006105522664431,0.8865902470253122,-1570.8250000000000455,-1402.8119999999998981,-1544.4429755753881182,-50723.58520355571818,-50349.594934281405585,-50664.859864334568556
0.03033289,0.5055036,0.3740726640000001,0.2613226502018911,0.04867734979810887,0.31,2e-09,0.7400000000000001,0.005006105522664431,0.8865902470253122,-1653.95900000000006,-1477.2239999999999327,-1626.2074147852620172,-53381.138956136805064,-52988.27232078579982,-53319.449579901360266
0.03033864,1.221684,0.9040461600000002,0.2613226502018911,0.04867734979810887,0.31,2e-09,0.7400000000000001,0.005006105522664431,0.8865902470253122,-2297.461999999999989,-2052.2970000000000255,-2258.9652823766018628,-74137.840248894368415,-73593.69503598341544,-74052.39654931426048
0.03034437,0.9715282,0.7189308680000001,0.2613226502018911,0.04867734979810887,0.31,2e-09,0.7400000000000001,0.005006105522664431,0.8865902470253122,-2126.9239999999999782,-1899.9649999999999181,-2091.286056023132005,-68621.82023474755988,-68118.203311618213775,-68542.7404375494516
0.03035065,0.7861625,0.5817602500000001,0.2613226502018911,0.04867734979810887,0.31,2e-09,0.7400000000000001,0.005006105522664431,0.8865902470253122,-1971.5509999999999309,-1761.1739999999999782,-1938.5168231662039489,-63595.84528630731802,-63129.09281835353613,-63522.554082592097984
0.03035614,0.6684554,0.49465699600000007,0.2613226502018911,0.04867734979810887,0.31,2e-09,0.7400000000000001,0.005006105522664431,0.8865902470253122,-1854.1749999999999545,-1656.3250000000000455,-1823.1078591691746169,-59798.883598494423495,-59359.956917169278313,-59729.961703002198192
0.03035813,0.5945974,0.4400020760000001,0.2613226502018911,0.04867734979810887,0.31,2e-09,0.7400000000000001,0.005006105522664431,0.8865902470253122,-1770.3099999999999454,-1581.3900000000001,-1740.6450808907782175,-57090.308234461044776,-56671.151648241888324,-57024.490712630169583
0.03036311,0.5437412,0.4023684880000001,0.2613226502018911,0.04867734979810887,0.31,2e-09,0.7400000000000001,0.005006105522664431,0.8865902470253122,-1707.0389999999999873,-1524.875,-1678.4349330689587987,-55040.873567823451594,-54636.72269835157931,-54977.41229929283145
0.03040777,0.474868,0.35140232000000005,0.2613226502018911,0.04867734979810887,0.31,2e-09,0.7400000000000001,0.005006105522664431,0.8865902470253122,-1614.20900000000006,-1442.2229999999999563,-1587.2031203794272187,-51972.83606644759857,-51592.127290737633302,-51913.05576242681127
0.03044374,0.007700273,0.00569820202,0.2613226502018911,0.04867734979810887,0.31,2e-09,0.7400000000000001,0.005006105522664431,0.8865902470253122,-31.44333999999999918,-30.994379999999999598,-31.372842635595613814,-994.7776605360229496,-993.2459164443201871,-994.5371403974647819
0.03048785,0.3736928,0.27653267200000003,0.2613226502018911,0.04867734979810887,0.31,2e-09,0.7400000000000001,0.005006105522664431,0.8865902470253122,-1452.98700000000008,-1298.6430000000000291,-1428.7513326540668004,-46661.734957910848607,-46321.65638707746257,-46608.33455935827078
0.03049052,0.4270346,0.31600560400000005,0.2613226502018911,0.04867734979810887,0.31,2e-09,0.7400000000000001,0.005006105522664431,0.8865902470253122,-1544.7100000000000364,-1380.6449999999999818,-1518.9479051786233867,-49603.207761449579266,-49241.687645110483572,-49546.440531894440937
0.03058696,0.2507173,0.185530802,0.2613226502018911,0.04867734979810887,0.31,2e-09,0.7400000000000001,0.005006105522664431,0.8865902470253122,-1193.5009999999999764,-1066.5340000000001055,-1173.5641707360757664,-38203.81844092074607,-37922.335485386320215,-38159.618943215085892
0.03059038,0.1859394,0.13759515600000002,0.2613226502018911,0.04867734979810887,0.31,2e-09,0.7400000000000001,0.005006105522664431,0.8865902470253122,-1012.65399999999999636,-912.4199999999999591,-996.9148855494720465,-32444.318523226120305,-32235.97030273893688,-32411.602912876220216
0.03059872,0.3451122,0.255383028,0.2613226502018911,0.04867734979810887,0.31,2e-09,0.7400000000000001,0.005006105522664431,0.8865902470253122,-1404.3859999999999673,-1255.6749999999999545,-1381.0348472070108983,-44940.60664346296835,-44613.982803591781703,-44889.31895667002391
0.03061193,0.3897788,0.28843631200000003,0.2613226502018911,0.04867734979810887,0.31,2e-09,0.7400000000000001,0.005006105522664431,0.8865902470253122,-1487.8569999999999709,-1330.5060000000000855,-1463.1491623610249917,-47592.128407121381315,-47247.34975538495928,-47537.98998443268647
0.0306382,0.1526246,0.11294220400000002,0.2613226502018911,0.04867734979810887,0.31,2e-09,0.7400000000000001,0.005006105522664431,0.8865902470253122,-898.060799999999972,-807.4147000000000389,-883.82721316924391886,-28720.43232690952209,-28522.2979624429463,-28689.320534115438932
0.03064132,0.2978822,0.22043282800000003,0.2613226502018911,0.04867734979810887,0.31,2e-09,0.7400000000000001,0.005006105522664431,0.8865902470253122,-1307.94399999999996,-1169.4880000000000564,-1286.2031253430741344,-41796.604526725313917,-41492.3550770380607,-41748.83014966625342
0.03064332,0.1062787,0.07864623800000001,0.2613226502018911,0.04867734979810887,0.31,2e-09,0.7400000000000001,0.005006105522664431,0.8865902470253122,-702.8404000000000451,-633.73710000000005493,-691.9895435280527636,-22480.740130091628089,-22328.541697642194777,-22456.841367720448034
0.03068851,0.05718534,0.042317151600000005,0.2613226502018911,0.04867734979810887,0.31,2e-09,0.7400000000000001,0.005006105522664431,0.8865902470253122,-427.13060000000001537,-392.06810000000001537,-421.62495620227031168,-13669.03965231053553,-13598.62216016894854,-13657.982436514143046
0.03085207,0.06630814,0.04906802360000001,0.2613226502018911,0.04867734979810887,0.31,2e-09,0.7400000000000001,0.005006105522664431,0.8865902470253122,-478.98599999999999,-423.25650000000001683,-470.2351472078266852,-15176.184691783088056,-15038.084795197544736,-15154.499733805096184
0.03088479,0.1630036,0.12062266400000002,0.2613226502018911,0.04867734979810887,0.31,2e-09,0.7400000000000001,0.005006105522664431,0.8865902470253122,-930.84360000000003765,-822.83590000000003783,-913.88383034261539706,-29469.127287899409566,-29218.363915315490885,-29429.751493048370321
0.03091381,0.1799163,0.13313806200000003,0.2613226502018911,0.04867734979810887,0.31,2e-09,0.7400000000000001,0.005006105522664431,0.8865902470253122,-997.3021999999999707,-893.32600000000002183,-980.9754714255543604,-31595.811365005291009,-31375.60893231864975,-31561.23436228825085
0.03092537,0.1098369,0.08127930600000001,0.2613226502018911,0.04867734979810887,0.31,2e-09,0.7400000000000001,0.005006105522664431,0.8865902470253122,-720.49480000000005475,-642.66869999999994434,-708.27425711895932636,-22805.166663861662528,-22625.985286771774554,-22777.03093944259308
0.03092868,0.0381779,0.028251646000000005,0.2613226502018911,0.04867734979810887,0.31,2e-09,0.7400000000000001,0.005006105522664431,0.8865902470253122,-276.90460000000001628,-243.33570000000000277,-271.63348681407182994,-8736.959572404561186,-8660.949890472429615,-8725.02425022567877
0.03101566,0.1684555,0.12465707000000002,0.2613226502018911,0.04867734979810887,0.31,2e-09,0.7400000000000001,0.005006105522664431,0.8865902470253122,-952.065900000000056,-840.99279999999998836,-934.62478986496671496,-30011.302865456953441,-29757.777021325306123,-29971.493297077413445
0.03104859,0.1252881,0.09271319400000003,0.2613226502018911,0.04867734979810887,0.31,2e-09,0.7400000000000001,0.005006105522664431,0.8865902470253122,-781.86770000000001346,-687.5606999999999971,-767.0592650728700619,-24604.793769609357696,-24389.035124413690937,-24570.914546886273456
0.03105933,0.1,0.07400000000000001,0.2613226502018911,0.04867734979810887,0.31,2e-09,0.7400000000000001,0.005006105522664431,0.8865902470253122,-686.63430000000005293,-629.2505999999999631,-677.6236985883556372,-21714.055347054698359,-21606.9799843386063,-21697.241976455694385
0.03110631,0.07112799,0.05263471260000001,0.2613226502018911,0.04867734979810887,0.31,2e-09,0.7400000000000001,0.005006105522664431,0.8865902470253122,-505.99250000000000682,-440.11849999999998317,-495.64872019161083472,-15870.212425494482886,-15705.162669923998692,-15844.295700700944508
0.0311869,0.1173099,0.086809326,0.2613226502018911,0.04867734979810887,0.31,2e-09,0.7400000000000001,0.005006105522664431,0.8865902470253122,-750.31910000000004857,-657.76700000000005275,-735.7862259798401965,-23499.349889370027086,-23279.04743417885038,-23464.757180748340033
0.03123243,0.1429069,0.10575110600000001,0.2613226502018911,0.04867734979810887,0.31,2e-09,0.7400000000000001,0.005006105522664431,0.8865902470253122,-882.376700000000028,-803.6067000000000462,-870.00794244000951494,-27730.222540976646997,-27579.701336058209563,-27706.587143093267514
0.03123976,0.3322434,0.24586011600000005,0.2613226502018911,0.04867734979810887,0.31,2e-09,0.7400000000000001,0.005006105522664431,0.8865902470253122,-1407.6990000000000691,-1262.4600000000000364,-1384.8930335247498533,-44143.869912227826717,-43836.86762527494284,-44095.663274450969766
0.03124124,0.2777485,0.20553389000000002,0.2613226502018911,0.04867734979810887,0.31,2e-09,0.7400000000000001,0.005006105522664431,0.8865902470253122,-1286.4010000000000673,-1153.7699999999999818,-1265.5747884481515939,-40338.24850814537058,-40058.799767969860113,-40294.36843048031733
0.03128972,0.06869142,0.05083165080000001,0.2613226502018911,0.04867734979810887,0.31,2e-09,0.7400000000000001,0.005006105522664431,0.8865902470253122,-497.0584999999999809,-435.80389999999999873,-487.440075513086299,-15514.562382107162193,-15363.305267038876991,-15490.811428882541804
0.0313249,0.05496947,0.0406774078,0.2613226502018911,0.04867734979810887,0.31,2e-09,0.7400000000000001,0.005006105522664431,0.8865902470253122,-420.70109999999999673,-388.7477000000000089,-415.68365861600352673,-13201.900740521105035,-13144.379160766133282,-13192.868488718933804
0.03149881,0.03009301,0.022268827400000003,0.2613226502018911,0.04867734979810887,0.31,2e-09,0.7400000000000001,0.005006105522664431,0.8865902470253122,-216.95740000000000691,-187.867999999999995,-212.38967451865448766,-6706.182961340197835,-6631.059167657881517,-6694.386744620083846
0.03151707,0.04829418,0.035737693200000004,0.2613226502018911,0.04867734979810887,0.31,2e-09,0.7400000000000001,0.005006105522664431,0.8865902470253122,-370.21929999999997563,-341.12470000000001846,-365.6507579953674849,-11539.986011230292206,-11492.24083760538997,-11532.488886979612289
0.03154086,0.07618185,0.056374569000000006,0.2613226502018911,0.04867734979810887,0.31,2e-09,0.7400000000000001,0.005006105522664431,0.8865902470253122,-540.0005999999999631,-468.9463999999999828,-528.8434059741134661,-16700.94186406256631,-16531.00085901944476,-16674.257097135057847
0.03156627,0.2593528,0.19192107200000003,0.2613226502018911,0.04867734979810887,0.31,2e-09,0.7400000000000001,0.005006105522664431,0.8865902470253122,-1249.9960000000000946,-1117.38799999999992,-1229.1733999934592703,-38778.789577753152116,-38495.864867290154507,-38734.363690341102483
0.03165949,0.09009352,0.0666692048,0.2613226502018911,0.04867734979810887,0.31,2e-09,0.7400000000000001,0.005006105522664431,0.8865902470253122,-638.02549999999996544,-579.9053000000000111,-628.8992506266578175,-19773.257710822505032,-19667.39400613777616,-19756.634599261658877
0.03171292,0.1212336,0.089712864,0.2613226502018911,0.04867734979810887,0.31,2e-09,0.7400000000000001,0.005006105522664431,0.8865902470253122,-778.52099999999995816,-682.9854000000000269,-763.51964574396049557,-23982.026143004528421,-23762.901535139229964,-23947.618384338613396
0.03172959,0.1921684,0.142204616,0.2613226502018911,0.04867734979810887,0.31,2e-09,0.7400000000000001,0.005006105522664431,0.8865902470253122,-1072.4570000000001073,-970.9514000000000351,-1056.5182142010744428,-33154.236584151185525,-32953.62173403214547,-33122.735296299761103
0.03194883,0.1577287,0.11671923800000002,0.2613226502018911,0.04867734979810887,0.31,2e-09,0.7400000000000001,0.005006105522664431,0.8865902470253122,-948.41639999999995325,-847.86389999999994416,-932.62727349814713307,-29072.138230583288532,-28855.979429078739486,-29038.196173832395289
0.03200346,0.04359396,0.03225953040000001,0.2613226502018911,0.04867734979810887,0.31,2e-09,0.7400000000000001,0.005006105522664431,0.8865902470253122,-334.054300000000012,-302.77989999999999782,-329.14347771443232205,-10231.314715552694906,-10174.417828265302887,-10222.380555278785323
0.03202959,0.09626392,0.07123530080000001,0.2613226502018911,0.04867734979810887,0.31,2e-09,0.7400000000000001,0.005006105522664431,0.8865902470253122,-687.03480000000001837,-632.217899999999986,-678.42724704468400887,-21082.698895363799238,-20990.403947731792869,-21068.206400362243585
0.03203998,0.02433077,0.018004769800000004,0.2613226502018911,0.04867734979810887,0.31,2e-09,0.7400000000000001,0.005006105522664431,0.8865902470253122,-174.890199999999993,-155.11719999999999686,-171.78537020142576353,-5326.7748937372462024,-5273.534356270194621,-5318.4148670736230997
0.03208996,0.09949656,0.07362745440000001,0.2613226502018911,0.04867734979810887,0.31,2e-09,0.7400000000000001,0.005006105522664431,0.8865902470253122,-706.45439999999996417,-649.54280000000005657,-697.51792948138688644,-21636.305293789468124,-21536.384518636947178,-21620.615363066248392
0.0321522,0.2683527,0.19858099800000004,0.2613226502018911,0.04867734979810887,0.31,2e-09,0.7400000000000001,0.005006105522664431,0.8865902470253122,-1296.4490000000000691,-1162.5,-1275.4158311996552584,-39506.263026211083343,-39231.616643369248777,-39463.137032506638207
0.03217858,0.1740908,0.128827192,0.2613226502018911,0.04867734979810887,0.31,2e-09,0.7400000000000001,0.005006105522664431,0.8865902470253122,-1010.28499999999996817,-901.0680999999999585,-993.1353572736609294,-30738.511405890163587,-30511.301004133241804,-30702.833985876965016
0.032184,0.06167821,0.045641875400000004,0.2613226502018911,0.04867734979810887,0.31,2e-09,0.7400000000000001,0.005006105522664431,0.8865902470253122,-475.05919999999997572,-430.59370000000001255,-468.07706226629733237,-14478.1559144855928025,-14382.75178177849557,-14463.175203711500217
0.03238017,0.287577,0.21280698000000006,0.2613226502018911,0.04867734979810887,0.31,2e-09,0.7400000000000001,0.005006105522664431,0.8865902470253122,-1357.9600000000000364,-1223.7229999999999563,-1336.8816083714555134,-41116.91427442242275,-40849.766999149069306,-41074.965818402764853
0.03238885,0.05941847,0.04396966780000001,0.2613226502018911,0.04867734979810887,0.31,2e-09,0.7400000000000001,0.005006105522664431,0.8865902470253122,-464.75349999999997408,-425.35359999999997171,-458.5667815667402465,-14091.9889858018996165,-14013.543036181923526,-14079.671111834491967
0.03239354,0.1028333,0.076096642,0.2613226502018911,0.04867734979810887,0.31,2e-09,0.7400000000000001,0.005006105522664431,0.8865902470253122,-728.802599999999984,-666.865099999999984,-719.07694402219226504,-22099.476719327631145,-21983.811808500639017,-22081.314586025397148
0.03246876,0.05054082,0.0374002068,0.2613226502018911,0.04867734979810887,0.31,2e-09,0.7400000000000001,0.005006105522664431,0.8865902470253122,-400.6313000000000102,-371.55810000000002447,-396.06611830274067643,-12135.566650965276494,-12090.600947858418294,-12128.5059694844676415
0.03261479,0.05275947,0.03904200780000001,0.2613226502018911,0.04867734979810887,0.31,2e-09,0.7400000000000001,0.005006105522664431,0.8865902470253122,-420.7033999999999878,-390.70539999999999736,-415.99300277663326142,-12690.191340424908049,-12642.656535835243631,-12682.727249100404151
0.03263312,0.2121836,0.15701586400000003,0.2613226502018911,0.04867734979810887,0.31,2e-09,0.7400000000000001,0.005006105522664431,0.8865902470253122,-1153.3900000000001,-1031.0399999999999636,-1134.1781492006496137,-34617.403101210686145,-34364.98475428167876,-34577.767436149639252
0.03281786,0.08150918,0.06031679320000001,0.2613226502018911,0.04867734979810887,0.31,2e-09,0.7400000000000001,0.005006105522664431,0.8865902470253122,-596.49729999999999563,-527.1698999999999842,-585.6112545148598656,-17772.569403979639901,-17627.61872829596905,-17749.808711257941468
0.03297756,0.2193347,0.162307678,0.2613226502018911,0.04867734979810887,0.31,2e-09,0.7400000000000001,0.005006105522664431,0.8865902470253122,-1187.9610000000000127,-1064.7670000000000528,-1168.6166211902313989,-35296.17601295343775,-35050.231201826245524,-35257.55684649450268
0.03311892,0.09313103,0.06891696220000001,0.2613226502018911,0.04867734979810887,0.31,2e-09,0.7400000000000001,0.005006105522664431,0.8865902470253122,-689.10760000000004766,-633.55600000000004,-680.38468172566251724,-20451.30108763487442,-20361.672822724030993,-20437.227325044994359
0.03320916,0.08428702,0.06237239480000001,0.2613226502018911,0.04867734979810887,0.31,2e-09,0.7400000000000001,0.005006105522664431,0.8865902470253122,-624.0606999999999971,-557.92809999999997217,-613.67631386045673025,-18402.815970961546554,-18274.392667263564363,-18382.650467489493167
0.03325748,0.3087166,0.22845028400000003,0.2613226502018911,0.04867734979810887,0.31,2e-09,0.7400000000000001,0.005006105522664431,0.8865902470253122,-1440.8579999999999472,-1297.3330000000000837,-1418.3211721620205026,-42477.424584233318456,-42198.21680744157493,-42433.582343532529194
0.03328504,0.2052801,0.151907274,0.2613226502018911,0.04867734979810887,0.31,2e-09,0.7400000000000001,0.005006105522664431,0.8865902470253122,-1158.2899999999999636,-1041.7400000000000091,-1139.9888867130011931,-34113.560470063348475,-33882.712731876134058,-34077.311901992892672
0.0333657,0.03475589,0.025719358600000002,0.2613226502018911,0.04867734979810887,0.31,2e-09,0.7400000000000001,0.005006105522664431,0.8865902470253122,-268.2973999999999819,-234.99139999999999873,-263.06756834717475613,-7845.8509175588478683,-7773.383400416539189,-7834.4717992332452923
0.03368905,0.07880898,0.05831864520000001,0.2613226502018911,0.04867734979810887,0.31,2e-09,0.7400000000000001,0.005006105522664431,0.8865902470253122,-592.927599999999984,-521.6209999999999809,-581.73077318995535734,-17201.75918088464823,-17052.437182097324694,-17178.312086795860523
0.03370728,0.1382826,0.10232912400000002,0.2613226502018911,0.04867734979810887,0.31,2e-09,0.7400000000000001,0.005006105522664431,0.8865902470253122,-926.6961000000000013,-846.6513999999999669,-914.12718431811390474,-27006.06970434644245,-26868.99696650275655,-26984.546034643855819
0.03381824,0.1338079,0.09901784600000002,0.2613226502018911,0.04867734979810887,0.31,2e-09,0.7400000000000001,0.005006105522664431,0.8865902470253122,-902.373299999999972,-817.72690000000000055,-889.08180831628817486,-26182.958650546155695,-26031.215798706616624,-26159.131425132105505
0.03406798,0.358875,0.2655675,0.2613226502018911,0.04867734979810887,0.31,2e-09,0.7400000000000001,0.005006105522664431,0.8865902470253122,-1588.4339999999999691,-1434.875,-1564.3215962656520333,-45738.4024645356767,-45452.261029042798327,-45693.47147502851294
0.03412003,0.04599228,0.034034287200000006,0.2613226502018911,0.04867734979810887,0.31,2e-09,0.7400000000000001,0.005006105522664431,0.8865902470253122,-378.6116999999999848,-348.5536999999999921,-373.89188135409170854,-10903.997817375404338,-10858.06541704715346,-10896.785341511387742
0.03413551,0.1476858,0.10928749200000001,0.2613226502018911,0.04867734979810887,0.31,2e-09,0.7400000000000001,0.005006105522664431,0.8865902470253122,-982.85410000000001673,-899.713100000000054,-969.79899180785616863,-28292.90309150797475,-28148.43873139083371,-28270.218761860287486
0.034143,0.2424195,0.17939043000000005,0.2613226502018911,0.04867734979810887,0.31,2e-09,0.7400000000000001,0.005006105522664431,0.8865902470253122,-1309.2940000000000964,-1187.8209999999999127,-1290.2198589934655502,-37638.806712040983257,-37417.34313682571519,-37604.031680046486144
0.03422838,0.3201442,0.23690670800000002,0.2613226502018911,0.04867734979810887,0.31,2e-09,0.7400000000000001,0.005006105522664431,0.8865902470253122,-1510.0009999999999764,-1364.94399999999996,-1487.2236118397925111,-43280.72266091316851,-43013.077790609022486,-43238.696070676189265
0.03447789,0.2344361,0.17348271400000004,0.2613226502018911,0.04867734979810887,0.31,2e-09,0.7400000000000001,0.005006105522664431,0.8865902470253122,-1297.7070000000001073,-1178.93100000000004,-1279.0563519367090066,-36951.49481889171875,-36740.515934452880174,-36918.36613193093217
0.03462898,0.198612,0.14697288000000003,0.2613226502018911,0.04867734979810887,0.31,2e-09,0.7400000000000001,0.005006105522664431,0.8865902470253122,-1187.8510000000001128,-1079.4880000000000564,-1170.8354398187984771,-33678.159294748787943,-33483.475647496030433,-33647.589346370419662
0.0353539,0.129478,0.09581372000000002,0.2613226502018911,0.04867734979810887,0.31,2e-09,0.7400000000000001,0.005006105522664431,0.8865902470253122,-913.8242999999999938,-823.1065999999999576,-899.5794702716776783,-25348.46306632827691,-25187.130991400172206,-25323.130105538177304
0.03001316,0.01236619,0.009274642500000003,0.2613226502018911,0.04867734979810887,0.31,2e-09,0.7500000000000001,0.0050730754790159465,0.899734711259162,-65.442760000000006926,-63.01478999999999786,-65.06151114519576595,-2131.2043305270367455,-2123.1805783665922718,-2129.944411202496667
0.03007094,0.01959891,0.014699182500000003,0.2613226502018911,0.04867734979810887,0.31,2e-09,0.7500000000000001,0.0050730754790159465,0.899734711259162,-125.75570000000000448,-114.905400000000000205,-124.051945649953481166,-4088.6287458962488017,-4054.9108222117774858,-4083.334232458651968
0.03010588,0.00780254,0.005851905000000001,0.2613226502018911,0.04867734979810887,0.31,2e-09,0.7500000000000001,0.0050730754790159465,0.899734711259162,-31.20116000000000156,-30.752700000000000813,-31.130741147450127215,-997.9038395400025365,-996.3534694306130177,-997.6603946750628893
0.03010779,0.3626098,0.27195735000000004,0.2613226502018911,0.04867734979810887,0.31,2e-09,0.7500000000000001,0.0050730754790159465,0.899734711259162,-1430.7809999999999491,-1276.4729999999999563,-1406.5509855075915766,-46521.392087688378524,-46173.29090912306856,-46466.731949513676227
0.03015148,0.08804545,0.0660340875,0.2613226502018911,0.04867734979810887,0.31,2e-09,0.7500000000000001,0.0050730754790159465,0.899734711259162,-594.2721000000000231,-531.88900000000001,-584.4764742574502634,-19297.296170992140105,-19165.444793538506929,-19276.592378664161515
0.03017261,0.2006587,0.15049402500000003,0.2613226502018911,0.04867734979810887,0.31,2e-09,0.7500000000000001,0.0050730754790159465,0.899734711259162,-1053.2490000000000236,-944.788599999999974,-1036.2181457095393853,-34196.172285161243053,-33955.725303020662977,-34158.416408201381273
0.03018314,0.01556811,0.0116760825,0.2613226502018911,0.04867734979810887,0.31,2e-09,0.7500000000000001,0.0050730754790159465,0.899734711259162,-92.53091999999999473,-87.20734000000000208,-91.69499172310251822,-3001.3423609899032272,-2984.3634660833704402,-2998.6762719365137855
0.03018518,0.06463477,0.048476077500000006,0.2613226502018911,0.04867734979810887,0.31,2e-09,0.7500000000000001,0.0050730754790159465,0.899734711259162,-462.2880999999999858,-412.22649999999998727,-454.42724188821608777,-14987.878879485646394,-14863.871087645913576,-14968.4067160628274
0.03021868,0.3234612,0.24259590000000003,0.2613226502018911,0.04867734979810887,0.31,2e-09,0.7500000000000001,0.0050730754790159465,0.899734711259162,-1358.2850000000000819,-1212.5570000000000164,-1335.4022489310361834,-44006.236619901275844,-43680.283388391057088,-43955.054234520473983
0.03022709,0.009822816,0.007367112000000001,0.2613226502018911,0.04867734979810887,0.31,2e-09,0.7500000000000001,0.0050730754790159465,0.899734711259162,-45.792259999999998854,-44.732860000000002287,-45.62590908265768519,-1473.3779307078875718,-1469.8292983344986169,-1472.8207112906477505
0.03028421,0.1492075,0.11190562500000001,0.2613226502018911,0.04867734979810887,0.31,2e-09,0.7500000000000001,0.0050730754790159465,0.899734711259162,-885.864400000000046,-802.5485999999999649,-872.7818440635184061,-28691.569061522568518,-28517.648364748398308,-28664.259388638671226
0.03030281,0.1146821,0.086011575,0.2613226502018911,0.04867734979810887,0.31,2e-09,0.7500000000000001,0.0050730754790159465,0.899734711259162,-726.4411000000000058,-639.8351000000000113,-712.84190465608060094,-23429.205779459029145,-23216.22748905721528,-23395.763138358084689
0.03030321,0.04147408,0.031105560000000008,0.2613226502018911,0.04867734979810887,0.31,2e-09,0.7500000000000001,0.0050730754790159465,0.899734711259162,-297.37749999999999773,-264.68299999999999272,-292.24368834524426575,-9593.559707178186727,-9523.139765316758712,-9582.5021067176985525
0.03033236,0.1351866,0.10138995,0.2613226502018911,0.04867734979810887,0.31,2e-09,0.7500000000000001,0.0050730754790159465,0.899734711259162,-821.72460000000000946,-736.6853999999999587,-808.37142940338276276,-26535.155435676519119,-26354.646408678556327,-26506.811238744594448
0.03035704,0.2290847,0.17181352500000002,0.2613226502018911,0.04867734979810887,0.31,2e-09,0.7500000000000001,0.0050730754790159465,0.899734711259162,-1137.4369999999998981,-1016.3120000000000118,-1118.4175032442065003,-36687.546939298161305,-36420.69723925715516,-36645.645209645204886
0.03037032,0.07438328,0.055787460000000004,0.2613226502018911,0.04867734979810887,0.31,2e-09,0.7500000000000001,0.0050730754790159465,0.899734711259162,-512.22460000000000946,-442.84600000000000364,-501.33051490095778036,-16442.703911425331171,-16263.890737375595563,-16414.626003613298963
0.03044087,0.411699,0.30877425000000003,0.2613226502018911,0.04867734979810887,0.31,2e-09,0.7500000000000001,0.0050730754790159465,0.899734711259162,-1535.1880000000001019,-1371.8930000000000291,-1509.5468134345735507,-49383.413060170605604,-49022.20616620376677,-49326.695013954114984
0.0304682,0.1308121,0.098109075,0.2613226502018911,0.04867734979810887,0.31,2e-09,0.7500000000000001,0.0050730754790159465,0.899734711259162,-800.2740000000000009,-709.4854000000000269,-786.0180372907077526,-25690.865789698404114,-25487.654998551734025,-25658.956877558412089
0.03059511,0.07186275,0.05389706250000001,0.2613226502018911,0.04867734979810887,0.31,2e-09,0.7500000000000001,0.0050730754790159465,0.899734711259162,-503.21019999999998618,-437.20330000000001291,-492.84555174068128736,-16045.230608218242196,-15876.162940183070532,-16018.682975906955107
0.0306228,0.4539742,0.34048065000000005,0.2613226502018911,0.04867734979810887,0.31,2e-09,0.7500000000000001,0.0050730754790159465,0.899734711259162,-1613.8979999999999109,-1443.5009999999999764,-1587.1416310530696592,-51614.303921763603284,-51241.37280592056777,-51555.744894742667384
0.0306379,0.5109729,0.38322967500000005,0.2613226502018911,0.04867734979810887,0.31,2e-09,0.7500000000000001,0.0050730754790159465,0.899734711259162,-1699.8689999999999145,-1520.5609999999999218,-1671.7133927819375003,-54337.919810583240178,-53946.041643398086308,-54276.38564728545316
0.03064727,1.237916,0.9284370000000002,0.2613226502018911,0.04867734979810887,0.31,2e-09,0.7500000000000001,0.0050730754790159465,0.899734711259162,-2367.125,-2117.7989999999999782,-2327.9749067233442474,-75646.34071874800429,-75102.320511297672056,-75560.91664798896818
0.03065305,0.9843779,0.7382834250000001,0.2613226502018911,0.04867734979810887,0.31,2e-09,0.7500000000000001,0.0050730754790159465,0.899734711259162,-2190.7139999999999418,-1959.9780000000000655,-2154.4829774741401707,-69995.63327839165868,-69492.30441166875244,-69916.598712878883816
0.03065841,0.7961314,0.5970985500000001,0.2613226502018911,0.04867734979810887,0.31,2e-09,0.7500000000000001,0.0050730754790159465,0.899734711259162,-2029.6150000000000091,-1815.8450000000000273,-1996.0480417214780573,-64837.007316019109567,-64370.76498950448149,-64763.79621660479461
0.03066436,0.6763925,0.5072943750000001,0.2613226502018911,0.04867734979810887,0.31,2e-09,0.7500000000000001,0.0050730754790159465,0.899734711259162,-1907.7019999999999982,-1706.7760000000000673,-1876.1518542402102412,-60930.643084325922246,-60492.460008362162625,-60861.837952505600697
0.03066573,0.6013356,0.45100170000000006,0.2613226502018911,0.04867734979810887,0.31,2e-09,0.7500000000000001,0.0050730754790159465,0.899734711259162,-1820.5789999999999509,-1628.8070000000000164,-1790.466249272635423,-58145.313943603578082,-57726.987055615492864,-58079.626704066315142
0.03067063,0.5497301,0.4122975750000001,0.2613226502018911,0.04867734979810887,0.31,2e-09,0.7500000000000001,0.0050730754790159465,0.899734711259162,-1754.9659999999998945,-1570.1089999999999236,-1725.9390682205514622,-56040.825804618099937,-55637.59946228379704,-55977.509708767713164
0.03071658,0.4799455,0.35995912500000005,0.2613226502018911,0.04867734979810887,0.31,2e-09,0.7500000000000001,0.0050730754790159465,0.899734711259162,-1658.8699999999998909,-1484.4210000000000491,-1631.4773709840956144,-52894.57323656094377,-52514.985475225279515,-52834.968958375080547
0.03072971,0.1073738,0.08053035000000001,0.2613226502018911,0.04867734979810887,0.31,2e-09,0.7500000000000001,0.0050730754790159465,0.899734711259162,-713.5162000000000262,-643.90269999999998163,-702.58523003170751053,-22764.046139740057697,-22611.802667166131869,-22740.14030500147419
0.0307445,0.0577797,0.043334775000000006,0.2613226502018911,0.04867734979810887,0.31,2e-09,0.7500000000000001,0.0050730754790159465,0.899734711259162,-431.77870000000001482,-396.4504999999999768,-426.23133500278208885,-13795.174665676424411,-13724.470943630733018,-13784.072504998854129
0.03078732,0.3775903,0.28319272500000003,0.2613226502018911,0.04867734979810887,0.31,2e-09,0.7500000000000001,0.0050730754790159465,0.899734711259162,-1491.6549999999999727,-1335.2059999999999036,-1467.0887977465665699,-47455.840729198644112,-47116.830846560718783,-47402.608140030308277
0.03080138,0.4315363,0.323652225,0.2613226502018911,0.04867734979810887,0.31,2e-09,0.7500000000000001,0.0050730754790159465,0.899734711259162,-1587.0160000000000764,-1420.6579999999999018,-1560.893849813826364,-50467.250948857908952,-50106.925714378034172,-50410.671344084155862
0.03093306,0.3486974,0.26152305000000003,0.2613226502018911,0.04867734979810887,0.31,2e-09,0.7500000000000001,0.0050730754790159465,0.899734711259162,-1443.0139999999998963,-1292.3320000000001073,-1419.3533534765203967,-45696.167882915564405,-45371.288268144679023,-45645.154080817243084
0.03093626,0.3938552,0.2953914000000001,0.2613226502018911,0.04867734979810887,0.31,2e-09,0.7500000000000001,0.0050730754790159465,0.899734711259162,-1528.8199999999999363,-1369.321999999999889,-1503.7750324577457377,-48409.08296491382498,-48065.80169617023057,-48355.179666856492986
0.03097598,0.2533039,0.18997792500000005,0.2613226502018911,0.04867734979810887,0.31,2e-09,0.7500000000000001,0.0050730754790159465,0.899734711259162,-1227.3260000000000218,-1098.8360000000000127,-1207.1500236272288475,-38810.552362469497893,-38531.71378200296749,-38766.768094345054124
0.03099671,0.300963,0.22572225,0.2613226502018911,0.04867734979810887,0.31,2e-09,0.7500000000000001,0.0050730754790159465,0.899734711259162,-1344.2449999999998909,-1204.0319999999999254,-1322.2282346863150906,-42482.0809743336431,-42179.913855852013512,-42434.63357264390652
0.03099995,0.1817701,0.136327575,0.2613226502018911,0.04867734979810887,0.31,2e-09,0.7500000000000001,0.0050730754790159465,0.899734711259162,-1014.36099999999999,-909.130800000000022,-997.8373636944355667,-32054.258784710513282,-31832.509144501844276,-32019.438833729727776
0.03101066,0.03859858,0.028948935000000005,0.2613226502018911,0.04867734979810887,0.31,2e-09,0.7500000000000001,0.0050730754790159465,0.899734711259162,-279.85329999999999018,-246.22599999999999909,-274.57301662946468923,-8809.328804107277392,-8733.615062127939382,-8797.439951517431837
0.03104447,0.1541972,0.11564790000000003,0.2613226502018911,0.04867734979810887,0.31,2e-09,0.7500000000000001,0.0050730754790159465,0.899734711259162,-922.44039999999995416,-830.93479999999999563,-908.07185129133597457,-29127.35644660547041,-28931.903494192112703,-29096.665699077409954
0.0311189,0.1109687,0.08322652500000001,0.2613226502018911,0.04867734979810887,0.31,2e-09,0.7500000000000001,0.0050730754790159465,0.899734711259162,-734.0841000000000349,-655.72260000000005675,-721.7794866251467738,-23098.925636522992136,-22920.78034055068565,-23070.952601403856534
0.03128432,0.06699402,0.05024551500000001,0.2613226502018911,0.04867734979810887,0.31,2e-09,0.7500000000000001,0.0050730754790159465,0.899734711259162,-490.51830000000001064,-434.5495000000000232,-481.72987143425677914,-15334.9282649594752,-15199.649709805906241,-15313.686324477561357
0.03138296,0.09102222,0.068266665,0.2613226502018911,0.04867734979810887,0.31,2e-09,0.7500000000000001,0.0050730754790159465,0.899734711259162,-639.67600000000004457,-580.9329000000000178,-630.45194055830552315,-19998.790039199411694,-19890.092625525630865,-19981.721968142803235
0.03138769,0.126579,0.09493425000000001,0.2613226502018911,0.04867734979810887,0.31,2e-09,0.7500000000000001,0.0050730754790159465,0.899734711259162,-800.5122000000000071,-705.2581000000000131,-785.5550479180514003,-24929.943376515086129,-24715.92744616665368,-24896.33780134108747
0.03140665,0.05554193,0.041656447500000006,0.2613226502018911,0.04867734979810887,0.31,2e-09,0.7500000000000001,0.0050730754790159465,0.899734711259162,-425.49869999999998527,-393.25769999999999982,-420.43609859728758238,-13320.025085733495871,-13262.139409898301892,-13310.935662214365948
0.03143466,0.1701912,0.12764340000000002,0.2613226502018911,0.04867734979810887,0.31,2e-09,0.7500000000000001,0.0050730754790159465,0.899734711259162,-978.3789000000000442,-866.0285999999999831,-960.7372391837984651,-30443.913061182200181,-30193.078519386734115,-30404.526091077597812
0.03149406,0.03047186,0.022853895000000003,0.2613226502018911,0.04867734979810887,0.31,2e-09,0.7500000000000001,0.0050730754790159465,0.899734711259162,-218.775100000000009,-189.70330000000001291,-214.21013813593333452,-6765.4237938739524907,-6690.5832340881843265,-6753.6720515907964
0.03150898,0.2806174,0.21046305000000004,0.2613226502018911,0.04867734979810887,0.31,2e-09,0.7500000000000001,0.0050730754790159465,0.899734711259162,-1317.8599999999999,-1183.5270000000000437,-1296.7665340953890336,-40987.889574120410543,-40708.960352991831314,-40944.091073263021826
0.03152314,0.06940144,0.052051080000000007,0.2613226502018911,0.04867734979810887,0.31,2e-09,0.7500000000000001,0.0050730754790159465,0.899734711259162,-505.936300000000017,-444.45929999999998472,-496.2829534401988667,-15681.260604737986796,-15531.676225266577603,-15657.772310661008305
0.03152362,0.04880203,0.03660152250000001,0.2613226502018911,0.04867734979810887,0.31,2e-09,0.7500000000000001,0.0050730754790159465,0.899734711259162,-373.347500000000025,-343.98230000000000928,-368.73646737970506138,-11636.53693560317879,-11588.135367565362685,-11628.93674186719727
0.03152433,0.1646831,0.12351232500000002,0.2613226502018911,0.04867734979810887,0.31,2e-09,0.7500000000000001,0.0050730754790159465,0.899734711259162,-963.19669999999996435,-854.01480000000003656,-946.05255310347683917,-29893.392761404727935,-29648.306148979929276,-29854.908352489128447
0.03155583,0.1443793,0.108284475,0.2613226502018911,0.04867734979810887,0.31,2e-09,0.7500000000000001,0.0050730754790159465,0.899734711259162,-903.33619999999996253,-823.672800000000052,-890.82715745836549104,-28107.677333820160129,-27957.98871713450717,-28084.17267202918083
0.03156729,0.3356899,0.25176742500000004,0.2613226502018911,0.04867734979810887,0.31,2e-09,0.7500000000000001,0.0050730754790159465,0.899734711259162,-1445.6520000000000437,-1298.5139999999998963,-1422.5478455013092116,-44881.187455458384647,-44575.66514294152148,-44833.213208756737004
0.0316991,0.1185187,0.08888902500000001,0.2613226502018911,0.04867734979810887,0.31,2e-09,0.7500000000000001,0.0050730754790159465,0.899734711259162,-772.25869999999997617,-678.9519999999999982,-757.60733588900893665,-23809.437619473839732,-23593.430934121650353,-23775.51944856539194
0.0317093,0.0769681,0.05772607500000001,0.2613226502018911,0.04867734979810887,0.31,2e-09,0.7500000000000001,0.0050730754790159465,0.899734711259162,-548.78129999999998745,-477.37040000000001783,-537.56809561710394973,-16888.576500710671098,-16719.567714336484642,-16862.038114216185932
0.03172518,0.09725601,0.07294200750000002,0.2613226502018911,0.04867734979810887,0.31,2e-09,0.7500000000000001,0.0050730754790159465,0.899734711259162,-688.49720000000002074,-633.08299999999997,-679.7958567832827157,-21329.990180535627587,-21235.147125866085844,-21315.097572316044534
0.03184173,0.1005219,0.07539142500000001,0.2613226502018911,0.04867734979810887,0.31,2e-09,0.7500000000000001,0.0050730754790159465,0.899734711259162,-709.37409999999999854,-651.90859999999997854,-700.35065404895726715,-21895.772279731110757,-21793.662714101425081,-21879.738657008885639
0.0319039,0.2620293,0.19652197500000004,0.2613226502018911,0.04867734979810887,0.31,2e-09,0.7500000000000001,0.0050730754790159465,0.899734711259162,-1282.9600000000000364,-1148.6510000000000673,-1261.870302664405699,-39395.590321447372844,-39114.063769396656426,-39351.383978055018815
0.03198061,0.02465275,0.018489562500000004,0.2613226502018911,0.04867734979810887,0.31,2e-09,0.7500000000000001,0.0050730754790159465,0.899734711259162,-175.9550999999999874,-156.179300000000012,-172.84983053504049622,-5370.284110867106392,-5317.0718385165355357,-5361.928522496908954
0.03204962,0.04405868,0.033044010000000006,0.2613226502018911,0.04867734979810887,0.31,2e-09,0.7500000000000001,0.0050730754790159465,0.899734711259162,-337.2248000000000161,-305.76269999999999527,-332.28450436424810732,-10315.462763953179092,-10258.260309014438462,-10306.480622313294589
0.03228794,0.1224828,0.09186210000000002,0.2613226502018911,0.04867734979810887,0.31,2e-09,0.7500000000000001,0.0050730754790159465,0.899734711259162,-802.64440000000001874,-706.22270000000003165,-787.5039070353925581,-24299.168839367044711,-24084.521611034826492,-24265.464135442132829
0.03233188,0.1878554,0.14089155000000003,0.2613226502018911,0.04867734979810887,0.31,2e-09,0.7500000000000001,0.0050730754790159465,0.899734711259162,-1084.6829999999999927,-982.96479999999996835,-1068.7108309605353043,-32918.530155912747432,-32724.779943923520477,-32888.106779001594987
0.03233946,0.06231744,0.04673808000000001,0.2613226502018911,0.04867734979810887,0.31,2e-09,0.7500000000000001,0.0050730754790159465,0.899734711259162,-481.92369999999999663,-437.23390000000000555,-474.90634184836278564,-14620.82717493869859,-14525.928139102055866,-14605.925776348620275
0.03234762,0.103893,0.07791975000000001,0.2613226502018911,0.04867734979810887,0.31,2e-09,0.7500000000000001,0.0050730754790159465,0.899734711259162,-736.6023000000000138,-674.14009999999996126,-726.79425368206625535,-22371.12617280100676,-22254.43406092839723,-22352.80274458067288
0.03238379,0.1593538,0.11951535,0.2613226502018911,0.04867734979810887,0.31,2e-09,0.7500000000000001,0.0050730754790159465,0.899734711259162,-974.66240000000004784,-873.14990000000000236,-958.7225307374822023,-29489.184562355181697,-29276.009619264714274,-29455.711042119673948
0.03241588,0.2711232,0.20334240000000003,0.2613226502018911,0.04867734979810887,0.31,2e-09,0.7500000000000001,0.0050730754790159465,0.899734711259162,-1327.4849999999999,-1191.7699999999999818,-1306.1745273295148309,-40136.202867647960375,-39861.69137034669984,-40093.098054171394324
0.03242613,0.1758846,0.13191345000000002,0.2613226502018911,0.04867734979810887,0.31,2e-09,0.7500000000000001,0.0050730754790159465,0.899734711259162,-1032.4139999999999873,-921.880800000000022,-1015.05766696546982075,-31182.006549479803653,-30954.948485745109792,-31146.353050147881731
0.03249059,0.06003508,0.04502631000000001,0.2613226502018911,0.04867734979810887,0.31,2e-09,0.7500000000000001,0.0050730754790159465,0.899734711259162,-470.55450000000001864,-430.91059999999998809,-464.3294677817378897,-14226.346744762971866,-14147.956284577690894,-14214.037583952411296
0.03256755,0.05107011,0.03830258250000001,0.2613226502018911,0.04867734979810887,0.31,2e-09,0.7500000000000001,0.0050730754790159465,0.899734711259162,-405.20549999999997226,-375.83780000000001564,-400.59407482043246773,-12238.85145609396568,-12193.426078884691378,-12231.718594880652745
0.03265756,0.05331026,0.039982695000000006,0.2613226502018911,0.04867734979810887,0.31,2e-09,0.7500000000000001,0.0050730754790159465,0.899734711259162,-424.86529999999999063,-394.57159999999998945,-420.10847086587426702,-12800.699897953561958,-12752.621501474655815,-12793.15044981441315
0.0327443,0.2905492,0.21791190000000005,0.2613226502018911,0.04867734979810887,0.31,2e-09,0.7500000000000001,0.0050730754790159465,0.899734711259162,-1395.0519999999999072,-1259.15300000000002,-1373.7126349670541003,-41786.716130502572923,-41521.401639343530405,-41745.055465042387368
0.0328172,0.09409093,0.07056819750000001,0.2613226502018911,0.04867734979810887,0.31,2e-09,0.7500000000000001,0.0050730754790159465,0.899734711259162,-690.7160000000000082,-634.5365000000000464,-681.8944865387649088,-20687.115524087828817,-20594.958096629052307,-20672.644623013940873
0.03282221,0.1,0.07500000000000001,0.2613226502018911,0.04867734979810887,0.31,2e-09,0.7500000000000001,0.0050730754790159465,0.899734711259162,-728.0182999999999538,-670.9736000000000331,-719.0609296257155165,-21811.511988284801191,-21715.705535462384432,-21796.468103713985329
0.03287835,0.08234988,0.06176241000000001,0.2613226502018911,0.04867734979810887,0.31,2e-09,0.7500000000000001,0.0050730754790159465,0.899734711259162,-604.211400000000026,-534.3854000000000042,-593.24706249353948806,-17973.490264913405554,-17828.060221187140996,-17950.654300043668627
0.03303291,0.2143706,0.16077795000000003,0.2613226502018911,0.04867734979810887,0.31,2e-09,0.7500000000000001,0.0050730754790159465,0.899734711259162,-1184.8440000000000509,-1061.0060000000000855,-1165.3984979216186275,-35145.588037461311615,-34895.19784303340566,-35106.270840428464
0.03317842,0.08515616,0.06386712,0.2613226502018911,0.04867734979810887,0.31,2e-09,0.7500000000000001,0.0050730754790159465,0.899734711259162,-630.44069999999999254,-563.7462000000000444,-619.9680822383548957,-18610.994213017802394,-18481.298684245004551,-18590.628940045786294
0.03325605,0.2215956,0.16619670000000003,0.2613226502018911,0.04867734979810887,0.31,2e-09,0.7500000000000001,0.0050730754790159465,0.899734711259162,-1215.8869999999999436,-1091.1220000000000709,-1196.2959369433513075,-35835.104876368575788,-35589.46892534501967,-35796.53420826868387
0.0332964,0.3119121,0.23393407500000005,0.2613226502018911,0.04867734979810887,0.31,2e-09,0.7500000000000001,0.0050730754790159465,0.899734711259162,-1465.9649999999999181,-1320.6110000000001037,-1443.1409757982116844,-43175.799386359081836,-42893.86160727785318,-43131.52847057314648
0.03344837,0.0351552,0.0263664,0.2613226502018911,0.04867734979810887,0.31,2e-09,0.7500000000000001,0.0050730754790159465,0.899734711259162,-271.14519999999998845,-237.8428000000000111,-265.91593363252724203,-7912.1211801733197717,-7840.1297271491393985,-7900.8168152012804057
0.03353521,0.1941486,0.14561145000000003,0.2613226502018911,0.04867734979810887,0.31,2e-09,0.7500000000000001,0.0050730754790159465,0.899734711259162,-1149.0289999999999964,-1046.1320000000000618,-1132.8717314123352935,-33647.019354176583875,-33460.799589055153774,-33617.778435963235097
0.0337703,0.2073957,0.15554677500000003,0.2613226502018911,0.04867734979810887,0.31,2e-09,0.7500000000000001,0.0050730754790159465,0.899734711259162,-1192.5519999999999072,-1074.6949999999999363,-1174.0456567253040703,-34633.702221243489475,-34405.86387348424614,-34597.926198819935962
0.03382388,0.07962206,0.059716545,0.2613226502018911,0.04867734979810887,0.31,2e-09,0.7500000000000001,0.0050730754790159465,0.899734711259162,-601.8407999999999447,-530.1063000000000329,-590.5767827448630669,-17395.941339600449282,-17246.904352103068959,-17372.538999041524221
0.03386631,0.04647866,0.034858995000000004,0.2613226502018911,0.04867734979810887,0.31,2e-09,0.7500000000000001,0.0050730754790159465,0.899734711259162,-378.905399999999986,-348.62290000000001555,-374.1503295314153661,-10994.283347656655678,-10947.286389542727193,-10986.903710980659525
0.03402618,0.1397074,0.10478055000000003,0.2613226502018911,0.04867734979810887,0.31,2e-09,0.7500000000000001,0.0050730754790159465,0.899734711259162,-947.7034999999999627,-866.68870000000003984,-934.9822556179875619,-27367.658079768254538,-27230.925159464564786,-27346.187769476189715
0.03455793,0.2449197,0.18368977500000003,0.2613226502018911,0.04867734979810887,0.31,2e-09,0.7500000000000001,0.0050730754790159465,0.899734711259162,-1345.5960000000000036,-1222.7229999999999563,-1326.3020258008289147,-38232.952869789682154,-38013.542652698612073,-38198.500263703805103
0.0347712,0.2368535,0.177640125,0.2613226502018911,0.04867734979810887,0.31,2e-09,0.7500000000000001,0.0050730754790159465,0.899734711259162,-1328.7100000000000364,-1208.5160000000000764,-1309.8366923173100531,-37527.03372446058347,-37316.672297224969952,-37494.00199292000616
0.03009379,0.01369852,0.008904038000000001,0.2713226502018911,0.04867734979810887,0.32,2e-09,0.65,0.004466710698267538,0.7857362986619192,-87.06265999999999394,-81.810919999999995866,-86.263782546785236605,-2827.875522414808529,-2810.396727550237756,-2825.2167055033332872
0.03010567,0.01724535,0.0112094775,0.2713226502018911,0.04867734979810887,0.32,2e-09,0.65,0.004466710698267538,0.7857362986619192,-117.76659999999999684,-107.05519999999999925,-116.137216985539168945,-3818.0420861426832744,-3783.5798530505203416,-3812.7998043456482264
0.03012962,0.08271632,0.053765608,0.2713226502018911,0.04867734979810887,0.32,2e-09,0.65,0.004466710698267538,0.7857362986619192,-556.4618000000000393,-503.6967000000000212,-548.43534615677435795,-18089.617936205802835,-17987.46871622965773,-18074.079332104603964
0.03019692,0.01088112,0.0070727279999999995,0.2713226502018911,0.04867734979810887,0.32,2e-09,0.65,0.004466710698267538,0.7857362986619192,-62.63475999999999999,-60.234679999999997335,-62.26966770717672972,-2024.7166619500148954,-2016.5388996648848661,-2023.4726875896426463
0.03020277,0.008643184,0.0056180696,0.2713226502018911,0.04867734979810887,0.32,2e-09,0.65,0.004466710698267538,0.7857362986619192,-43.86921000000000248,-42.82063999999999737,-43.70970497288186607,-1410.6898086067487839,-1407.0160266203613446,-1410.1309649478944266
0.03022725,0.2225579,0.144662635,0.2713226502018911,0.04867734979810887,0.32,2e-09,0.65,0.004466710698267538,0.7857362986619192,-1027.8759999999999764,-916.61360000000001946,-1010.95112886194647217,-33253.4186623741698,-33002.66961173494201,-33215.275539719455992
0.03026293,0.1269654,0.08252751000000001,0.2713226502018911,0.04867734979810887,0.32,2e-09,0.65,0.004466710698267538,0.7857362986619192,-751.16430000000002565,-678.3875000000000455,-740.093732028790555,-24309.643132066816179,-24161.335070786048163,-24287.082996514178376
0.03028054,0.04424738,0.028760797,0.2713226502018911,0.04867734979810887,0.32,2e-09,0.65,0.004466710698267538,0.7857362986619192,-333.27179999999998472,-306.43209999999999127,-329.1890329206989918,-10796.478051690510256,-10751.442789590209941,-10789.627435420179609
0.03030785,0.03479862,0.022619103,0.2713226502018911,0.04867734979810887,0.32,2e-09,0.65,0.004466710698267538,0.7857362986619192,-254.57329999999998904,-221.52420000000000755,-249.54597937121036466,-8179.8955893220399957,-8101.504618450523594,-8167.9710121028956564
0.03045206,0.1651911,0.10737421500000001,0.2713226502018911,0.04867734979810887,0.32,2e-09,0.65,0.004466710698267538,0.7857362986619192,-878.46069999999997435,-783.95699999999999363,-864.0851073058888687,-28212.71863448750446,-28006.542079013790499,-28181.355733515742031
0.03051187,0.1188814,0.07727291,0.2713226502018911,0.04867734979810887,0.32,2e-09,0.65,0.004466710698267538,0.7857362986619192,-714.846300000000042,-632.6772999999999456,-702.3470213888724629,-22889.029616623261973,-22704.671183930731786,-22860.985616884496267
0.03055087,0.1823546,0.11853049,0.2713226502018911,0.04867734979810887,0.32,2e-09,0.65,0.004466710698267538,0.7857362986619192,-933.8003999999999678,-833.6254999999999882,-918.5621229740918352,-29896.221244208438293,-29672.07994529908683,-29862.125605423396337
0.03055384,0.1150344,0.07477236,0.2713226502018911,0.04867734979810887,0.32,2e-09,0.65,0.004466710698267538,0.7857362986619192,-695.65790000000004056,-608.62400000000002365,-682.41858876689491353,-22213.168684254087566,-22007.012242126667843,-22181.808842858554272
0.03058995,0.05659623,0.0367875495,0.2713226502018911,0.04867734979810887,0.32,2e-09,0.65,0.004466710698267538,0.7857362986619192,-418.29059999999998354,-375.20490000000000919,-411.73654471813625833,-13379.515840192465475,-13276.22886060964629,-13363.804163833892744
0.03061699,0.2463415,0.160121975,0.2713226502018911,0.04867734979810887,0.32,2e-09,0.65,0.004466710698267538,0.7857362986619192,-1092.3830000000000382,-971.5462999999999738,-1074.0017177676588744,-34882.237059683844564,-34611.918662190939358,-34841.117112210013147
0.03076641,0.1113117,0.072352605,0.2713226502018911,0.04867734979810887,0.32,2e-09,0.65,0.004466710698267538,0.7857362986619192,-682.9539999999999509,-593.77760000000000673,-669.3887786983246997,-21641.725073741541564,-21424.407389276610047,-21608.667420791494806
0.03077862,0.1764394,0.11468561000000001,0.2713226502018911,0.04867734979810887,0.32,2e-09,0.65,0.004466710698267538,0.7857362986619192,-926.5381999999999607,-832.3590000000000373,-912.21196918091845873,-29468.156437236480997,-29267.810119400921394,-29437.680412880086806
0.03078763,0.05041497,0.032769730500000004,0.2713226502018911,0.04867734979810887,0.32,2e-09,0.65,0.004466710698267538,0.7857362986619192,-385.28129999999998745,-355.3842000000000212,-380.73345126672171546,-12285.590364804415003,-12230.322446445679816,-12277.183190446410663
0.0307954,0.2833214,0.18415891,0.2713226502018911,0.04867734979810887,0.32,2e-09,0.65,0.004466710698267538,0.7857362986619192,-1176.7059999999999036,-1047.3940000000000055,-1157.0354829465841249,-37362.672229966017767,-37075.517437209789932,-37318.991185299768404
0.03089846,0.04632602,0.030111913000000004,0.2713226502018911,0.04867734979810887,0.32,2e-09,0.65,0.004466710698267538,0.7857362986619192,-356.75069999999999482,-330.02460000000002083,-352.68521337987738207,-11337.537896246789387,-11294.529183475266109,-11330.995552009457242
0.03096309,0.1707209,0.11096858500000001,0.2713226502018911,0.04867734979810887,0.32,2e-09,0.65,0.004466710698267538,0.7857362986619192,-914.14469999999994343,-821.95289999999999964,-900.12078594650836294,-28904.58382516027632,-28713.072761254858051,-28875.45179063548494
0.03111384,0.0545154,0.03543501,0.2713226502018911,0.04867734979810887,0.32,2e-09,0.65,0.004466710698267538,0.7857362986619192,-414.3813000000000102,-376.56569999999999254,-408.6289150342956873,-13053.211847055175895,-12970.838075464578651,-13040.681419261722112
0.03116087,0.1312113,0.085287345,0.2713226502018911,0.04867734979810887,0.32,2e-09,0.65,0.004466710698267538,0.7857362986619192,-791.45489999999995234,-718.48500000000001364,-780.3549582905217221,-24896.962807775835245,-24754.283761175618565,-24875.258939462648414
0.03121175,0.1401337,0.09108690500000001,0.2713226502018911,0.04867734979810887,0.32,2e-09,0.65,0.004466710698267538,0.7857362986619192,-818.76700000000005275,-733.22260000000005675,-805.75426661853327914,-25671.083107788464986,-25483.979843454515503,-25642.621573268614156
0.03122951,0.04837564,0.031444166,0.2713226502018911,0.04867734979810887,0.32,2e-09,0.65,0.004466710698267538,0.7857362986619192,-376.24630000000001928,-348.52530000000001564,-372.02947245702068813,-11834.349771670780683,-11788.349216657708894,-11827.352318210534577
0.03123299,0.1042223,0.067744495,0.2713226502018911,0.04867734979810887,0.32,2e-09,0.65,0.004466710698267538,0.7857362986619192,-667.550899999999956,-585.22850000000005366,-655.0282866843128886,-20860.916819967471383,-20662.66170389459512,-20830.75890236014311
0.03123436,0.2301695,0.149610175,0.2713226502018911,0.04867734979810887,0.32,2e-09,0.65,0.004466710698267538,0.7857362986619192,-1077.0850000000000364,-960.34609999999997854,-1059.3270616551671992,-33728.604420830532035,-33473.679023719487304,-33689.82600605679181
0.03138179,0.14482,0.09413300000000001,0.2713226502018911,0.04867734979810887,0.32,2e-09,0.65,0.004466710698267538,0.7857362986619192,-833.7219000000000051,-739.5307999999999993,-819.39385899197293384,-25969.05784615754601,-25756.251561587439937,-25936.686452553625713
0.03144236,0.1598427,0.10389775500000001,0.2713226502018911,0.04867734979810887,0.32,2e-09,0.65,0.004466710698267538,0.7857362986619192,-883.8546999999999798,-784.75149999999996453,-868.77944646090008973,-27480.33427935002328,-27265.315235301997745,-27447.626288036331971
0.031486,0.2081779,0.13531563500000002,0.2713226502018911,0.04867734979810887,0.32,2e-09,0.65,0.004466710698267538,0.7857362986619192,-1030.8759999999999764,-921.88179999999999836,-1014.2961600019841626,-32036.630695866442693,-31806.775837654251518,-32001.66592919147297
0.0314989,0.3291745,0.21396342499999998,0.2713226502018911,0.04867734979810887,0.32,2e-09,0.65,0.004466710698267538,0.7857362986619192,-1290.5070000000000618,-1152.4519999999999982,-1269.506526480068942,-40082.64076550000027,-39787.95996955777082,-40037.81488992854429
0.03157107,0.2013756,0.13089414,0.2713226502018911,0.04867734979810887,0.32,2e-09,0.65,0.004466710698267538,0.7857362986619192,-1011.81799999999998363,-900.52300000000002456,-994.8881698569357468,-31341.73681977018714,-31102.015345886600699,-31305.271175900343223
0.0315716,0.1,0.065,0.2713226502018911,0.04867734979810887,0.32,2e-09,0.65,0.004466710698267538,0.7857362986619192,-662.6530999999999949,-590.1839999999999691,-651.629338342955748,-20526.59068529067008,-20362.404845427976397,-20501.615274169129407
0.03165978,0.08550617,0.055579010500000005,0.2713226502018911,0.04867734979810887,0.32,2e-09,0.65,0.004466710698267538,0.7857362986619192,-602.61419999999998254,-552.18200000000001637,-594.94261924847432965,-18678.71029486851694,-18592.738523115131102,-18665.632551098507975
0.03167992,0.107709,0.07001085,0.2713226502018911,0.04867734979810887,0.32,2e-09,0.65,0.004466710698267538,0.7857362986619192,-688.28949999999997544,-600.5964000000000169,-674.94991342631078624,-21195.34194338670568,-20987.509301913607487,-21163.727124047796678
0.03170585,0.1228569,0.079856985,0.2713226502018911,0.04867734979810887,0.32,2e-09,0.65,0.004466710698267538,0.7857362986619192,-764.5422999999999547,-687.75300000000004275,-752.8613636973376515,-23611.729401956079528,-23459.762689562601736,-23588.612724403436005
0.03171009,0.2734009,0.177710585,0.2713226502018911,0.04867734979810887,0.32,2e-09,0.65,0.004466710698267538,0.7857362986619192,-1191.1880000000001019,-1064.6020000000000891,-1171.9321531201769631,-36756.604245186761545,-36488.489682867490046,-36715.819537886811304
0.03171374,0.0800098,0.05200637,0.2713226502018911,0.04867734979810887,0.32,2e-09,0.65,0.004466710698267538,0.7857362986619192,-565.9954000000000178,-509.154200000000003,-557.34890320204920044,-17472.77403985879937,-17362.878167056940583,-17456.057040353345656
0.03173974,0.03988256,0.025923664,0.2713226502018911,0.04867734979810887,0.32,2e-09,0.65,0.004466710698267538,0.7857362986619192,-310.78160000000002583,-281.10779999999999745,-306.26771892987773072,-9586.654102218450134,-9532.723551332606803,-9578.450363811340139
0.03175075,0.3733891,0.242702915,0.2713226502018911,0.04867734979810887,0.32,2e-09,0.65,0.004466710698267538,0.7857362986619192,-1375.9290000000000873,-1230.1720000000000255,-1353.7569235171158653,-42405.350561515500885,-42098.592979275235848,-42358.68760484696395
0.03177409,0.02698784,0.017542096,0.2713226502018911,0.04867734979810887,0.32,2e-09,0.65,0.004466710698267538,0.7857362986619192,-203.63859999999999673,-174.49410000000000309,-199.2052343087781594,-6228.523964592845914,-6151.849956285553162,-6216.860566084104903
0.03180499,0.0699351,0.045457815,0.2713226502018911,0.04867734979810887,0.32,2e-09,0.65,0.004466710698267538,0.7857362986619192,-499.79980000000000473,-431.36649999999997362,-489.389950993940829,-15308.400809637905695,-15144.062087690084809,-15283.402142595316036
0.03184048,1.089289,0.70803785,0.2713226502018911,0.04867734979810887,0.32,2e-09,0.65,0.004466710698267538,0.7857362986619192,-2054.1729999999997744,-1837.7049999999999272,-2021.2445982621964049,-63136.199257413834857,-62683.905817078710243,-63067.39786364325846
0.0318503,0.4112489,0.26731178499999997,0.2713226502018911,0.04867734979810887,0.32,2e-09,0.65,0.004466710698267538,0.7857362986619192,-1438.6089999999999236,-1286.803000000000111,-1415.5167694892131749,-44201.902405334585637,-43884.204212489974452,-44153.575198886697763
0.03185143,0.8669147,0.563494555,0.2713226502018911,0.04867734979810887,0.32,2e-09,0.65,0.004466710698267538,0.7857362986619192,-1906.7819999999999254,-1705.8720000000000709,-1876.2202301626934968,-58586.14817210999172,-58166.528404063959897,-58522.316990136932873
0.0318627,0.7056276,0.45865794000000004,0.2713226502018911,0.04867734979810887,0.32,2e-09,0.65,0.004466710698267538,0.7857362986619192,-1775.5480000000000018,-1588.48700000000008,-1747.0928945919247326,-54534.868749518092955,-54144.277152693204698,-54475.45323768419621
0.03186341,0.2937796,0.19095673999999999,0.2713226502018911,0.04867734979810887,0.32,2e-09,0.65,0.004466710698267538,0.7857362986619192,-1238.4020000000000437,-1107.6730000000000018,-1218.5159335570094754,-38034.290031640339294,-37760.901644637262507,-37992.70308743755595
0.0318712,0.6046709,0.39303608500000004,0.2713226502018911,0.04867734979810887,0.32,2e-09,0.65,0.004466710698267538,0.7857362986619192,-1678.2739999999998872,-1501.4710000000000036,-1651.3793078863902792,-51533.51347965754394,-51164.42520089179743,-51477.36898199546704
0.03187164,0.4618385,0.300195025,0.2713226502018911,0.04867734979810887,0.32,2e-09,0.65,0.004466710698267538,0.7857362986619192,-1510.5139999999998963,-1351.2940000000000964,-1486.2939761410782467,-46381.13958326687134,-46048.457932401368453,-46330.53314235877042
0.03187452,0.1546688,0.10053472,0.2713226502018911,0.04867734979810887,0.32,2e-09,0.65,0.004466710698267538,0.7857362986619192,-875.25869999999997617,-773.3161999999999807,-859.7515414631445765,-26830.70666223517037,-26605.92936067136543,-26796.514276813617471
0.03187786,0.5406106,0.3513968900000001,0.2713226502018911,0.04867734979810887,0.32,2e-09,0.65,0.004466710698267538,0.7857362986619192,-1608.4500000000000455,-1439.0090000000000146,-1582.6751911651831506,-49379.27396379354468,-49025.538480630348204,-49325.464883012486098
0.03188459,0.4958573,0.322307245,0.2713226502018911,0.04867734979810887,0.32,2e-09,0.65,0.004466710698267538,0.7857362986619192,-1555.0209999999999582,-1391.2139999999999418,-1530.1032167550661143,-47728.937963438896986,-47386.962789301200246,-47676.91782227085787
0.03190154,0.3166071,0.205794615,0.2713226502018911,0.04867734979810887,0.32,2e-09,0.65,0.004466710698267538,0.7857362986619192,-1284.1669999999999163,-1148.7950000000000728,-1263.5746556347824026,-39394.269502613853547,-39111.144434881098277,-39351.201446493098047
0.03192372,0.4343742,0.28234323,0.2713226502018911,0.04867734979810887,0.32,2e-09,0.65,0.004466710698267538,0.7857362986619192,-1475.3430000000000746,-1320.1099999999999,-1451.7294654962192908,-45228.943978770381364,-44905.45919281681563,-45179.736534769661375
0.03197768,0.05870789,0.0381601285,0.2713226502018911,0.04867734979810887,0.32,2e-09,0.65,0.004466710698267538,0.7857362986619192,-447.26729999999997744,-398.22649999999998727,-439.80737445006525377,-13677.501763039628713,-13562.611252784607132,-13660.024995676607432
0.03199777,0.3911844,0.25426986,0.2713226502018911,0.04867734979810887,0.32,2e-09,0.65,0.004466710698267538,0.7857362986619192,-1414.8309999999999036,-1266.3269999999999982,-1392.2410588924424246,-43275.559640374900482,-42967.20580921623332,-43228.6538675595948
0.03201447,0.3573436,0.23227334,0.2713226502018911,0.04867734979810887,0.32,2e-09,0.65,0.004466710698267538,0.7857362986619192,-1360.8910000000000764,-1218.0869999999999891,-1339.1681241857213536,-41604.244247881215415,-41307.742383645403606,-41559.14135737746983
0.03201943,0.06085686,0.039556959,0.2713226502018911,0.04867734979810887,0.32,2e-09,0.65,0.004466710698267538,0.7857362986619192,-457.84190000000000964,-402.9637000000000171,-449.4940083197168974,-13963.301837367067492,-13830.932792516579866,-13943.166292683852589
0.032095,0.3426905,0.222748825,0.2713226502018911,0.04867734979810887,0.32,2e-09,0.65,0.004466710698267538,0.7857362986619192,-1339.0809999999999036,-1198.9829999999999472,-1317.7697520249514582,-40837.1548545435071,-40547.702231841918547,-40793.124271527172823
0.03231063,0.06528944,0.042438136,0.2713226502018911,0.04867734979810887,0.32,2e-09,0.65,0.004466710698267538,0.7857362986619192,-482.69290000000000873,-418.10550000000000637,-472.86807668015507033,-14561.2162383310951554,-14404.814829947321414,-14537.4249693785495765
0.03249555,0.2152334,0.13990171,0.2713226502018911,0.04867734979810887,0.32,2e-09,0.65,0.004466710698267538,0.7857362986619192,-1084.8910000000000764,-976.261600000000044,-1068.3666521807540448,-32699.884410659269633,-32484.087474366231618,-32667.058088930218219
0.0325708,0.09441629,0.0613705885,0.2713226502018911,0.04867734979810887,0.32,2e-09,0.65,0.004466710698267538,0.7857362986619192,-665.23059999999998126,-606.67070000000001073,-656.3226601986178821,-20036.457185536146426,-19924.97737340227468,-20019.499242377805786
0.03257274,0.2549543,0.16572029500000002,0.2713226502018911,0.04867734979810887,0.32,2e-09,0.65,0.004466710698267538,0.7857362986619192,-1182.8510000000001128,-1061.8130000000001019,-1164.4390966723015026,-35557.938069854382775,-35315.044824934324424,-35520.989946583846177
0.03260747,0.09135212,0.059378877999999996,0.2713226502018911,0.04867734979810887,0.32,2e-09,0.65,0.004466710698267538,0.7857362986619192,-653.10580000000004475,-600.0702999999999747,-645.0382137961950093,-19667.162992935682269,-19574.951533281047887,-19653.136088320046838
0.03263771,0.07483047,0.0486398055,0.2713226502018911,0.04867734979810887,0.32,2e-09,0.65,0.004466710698267538,0.7857362986619192,-544.3671000000000504,-479.21309999999999718,-534.456087347668813,-16288.939911763500277,-16150.547012535338581,-16267.888038121924183
0.03267271,0.3048457,0.198149705,0.2713226502018911,0.04867734979810887,0.32,2e-09,0.65,0.004466710698267538,0.7857362986619192,-1292.2670000000000528,-1159.8050000000000637,-1272.1173152845090044,-38728.21639709293231,-38462.481974272581283,-38687.793748802228947
0.03271138,0.1496632,0.09728108,0.2713226502018911,0.04867734979810887,0.32,2e-09,0.65,0.004466710698267538,0.7857362986619192,-881.0358999999999696,-780.45669999999995525,-865.7361221849563435,-26329.930257876862015,-26113.579120666199742,-26297.019632923042082
0.0327713,0.02170092,0.014105597999999999,0.2713226502018911,0.04867734979810887,0.32,2e-09,0.65,0.004466710698267538,0.7857362986619192,-166.97769999999999868,-147.348700000000008,-163.99180094004037755,-4966.51912882580109,-4913.8172952730501493,-4958.5022988668970356
0.03279317,0.03152272,0.020489768,0.2713226502018911,0.04867734979810887,0.32,2e-09,0.65,0.004466710698267538,0.7857362986619192,-246.83590000000000941,-213.51619999999999777,-241.76741658728732887,-7327.7708629582384674,-7251.4082686302053844,-7316.154835721998097
0.03282314,0.07234939,0.0470271035,0.2713226502018911,0.04867734979810887,0.32,2e-09,0.65,0.004466710698267538,0.7857362986619192,-530.48689999999999145,-462.73149999999998272,-520.18017091715375955,-15767.1406461544520425,-15617.360128836719014,-15744.356525421897459
0.03293099,0.09758001,0.0634270065,0.2713226502018911,0.04867734979810887,0.32,2e-09,0.65,0.004466710698267538,0.7857362986619192,-683.3061999999999898,-617.0055999999999585,-673.22077031867343067,-20332.397905823541805,-20197.894840650962578,-20311.937740972531174
0.03299385,0.06758327,0.0439291255,0.2713226502018911,0.04867734979810887,0.32,2e-09,0.65,0.004466710698267538,0.7857362986619192,-504.57569999999998345,-437.02269999999998618,-494.29975934090106193,-14907.6906557959900965,-14750.9275358347967995,-14883.844364465383478
0.03299802,0.1884756,0.12250914,0.2713226502018911,0.04867734979810887,0.32,2e-09,0.65,0.004466710698267538,0.7857362986619192,-1020.47699999999997544,-912.81520000000000437,-1004.0998403172060307,-30270.307385910204175,-30050.645495024906268,-30236.893139972897188
0.03301779,0.2380894,0.15475811,0.2713226502018911,0.04867734979810887,0.32,2e-09,0.65,0.004466710698267538,0.7857362986619192,-1155.0599999999999454,-1034.1839999999999691,-1136.672739580636744,-34246.30323614032386,-34003.36733265445946,-34209.348623788755503
0.03309943,0.1948123,0.126627995,0.2713226502018911,0.04867734979810887,0.32,2e-09,0.65,0.004466710698267538,0.7857362986619192,-1039.4919999999999618,-927.69240000000002055,-1022.4854117609728519,-30731.503895256184478,-30503.749795438376168,-30696.858689053729904
0.03324268,0.1355991,0.088139415,0.2713226502018911,0.04867734979810887,0.32,2e-09,0.65,0.004466710698267538,0.7857362986619192,-858.78449999999998,-780.8955999999999449,-846.9362961540939523,-25339.032661261950125,-25194.210974320136302,-25317.00286153189154
0.03325084,0.04211312,0.027373527999999998,0.2713226502018911,0.04867734979810887,0.32,2e-09,0.65,0.004466710698267538,0.7857362986619192,-345.96350000000001046,-317.92360000000002174,-341.69816243561251667,-10211.710195483141433,-10168.398485839439672,-10205.12176035601442
0.03340025,0.08838342,0.05744922300000001,0.2713226502018911,0.04867734979810887,0.32,2e-09,0.65,0.004466710698267538,0.7857362986619192,-653.0465000000000373,-602.63409999999998945,-645.3779311594931869,-19211.724423391839082,-19132.349279723566724,-19199.650137036787783
0.03340491,0.06304895,0.0409818175,0.2713226502018911,0.04867734979810887,0.32,2e-09,0.65,0.004466710698267538,0.7857362986619192,-487.626199999999983,-427.20949999999999136,-478.43580987641433921,-14250.677572296717699,-14112.292423678709383,-14229.626877652521216
0.03341961,0.263961,0.17157465,0.2713226502018911,0.04867734979810887,0.32,2e-09,0.65,0.004466710698267538,0.7857362986619192,-1234.2680000000000291,-1111.1349999999999909,-1215.5374121478419056,-36181.80687895477604,-35943.834184568666387,-36145.607253682799637
0.03364007,0.1008473,0.06555074500000001,0.2713226502018911,0.04867734979810887,0.32,2e-09,0.65,0.004466710698267538,0.7857362986619192,-707.6023999999999887,-632.6145999999999958,-696.19550196502927975,-20589.002817256914568,-20433.137418298669218,-20565.293084299060865
0.03383657,0.05245793,0.0340976545,0.2713226502018911,0.04867734979810887,0.32,2e-09,0.65,0.004466710698267538,0.7857362986619192,-436.98399999999998045,-403.48869999999999436,-431.8888048915856075,-12689.388933426835138,-12630.646256242604068,-12680.453190160040322
0.03388784,0.07738255,0.050298657499999996,0.2713226502018911,0.04867734979810887,0.32,2e-09,0.65,0.004466710698267538,0.7857362986619192,-583.81159999999999854,-522.3549000000000433,-574.463008489570484,-16862.286878355589579,-16746.706063137509773,-16844.705104067084903
0.03428069,0.03748758,0.024366927,0.2713226502018911,0.04867734979810887,0.32,2e-09,0.65,0.004466710698267538,0.7857362986619192,-312.224899999999991,-280.46980000000002065,-307.39441840445647358,-8913.4227282000174455,-8856.952227421157659,-8904.832620950994169
0.03000385,0.01390522,0.0091774452,0.2713226502018911,0.04867734979810887,0.32,2e-09,0.66,0.004535757305706396,0.7993060780513473,-87.39721000000000117,-82.13047000000000253,-86.596050796013457784,-2847.6858450030381391,-2830.1535829882882354,-2845.0188948441500543
0.03001854,0.1968979,0.129952614,0.2713226502018911,0.04867734979810887,0.32,2e-09,0.66,0.004535757305706396,0.7993060780513473,-960.99919999999997344,-848.52340000000003783,-943.8897504361807478,-31272.768277222563484,-31005.91451261572729,-31232.175358332842734
0.03008099,0.01750556,0.0115536696,0.2713226502018911,0.04867734979810887,0.32,2e-09,0.66,0.004535757305706396,0.7993060780513473,-118.60989999999999611,-107.868600000000000705,-116.97596869566740452,-3849.436756190435517,-3814.9870854844043606,-3844.1963853423503679
0.03011101,0.01104531,0.0072899046,0.2713226502018911,0.04867734979810887,0.32,2e-09,0.66,0.004535757305706396,0.7993060780513473,-62.817329999999998336,-60.410319999999998686,-62.451183538320165667,-2036.6711502111088521,-2028.4725481908894835,-2035.4240057786284979
0.03012284,0.1201535,0.07930131,0.2713226502018911,0.04867734979810887,0.32,2e-09,0.66,0.004535757305706396,0.7993060780513473,-716.3926000000000158,-633.3088999999999942,-703.7541802268088986,-23234.187185068822146,-23044.085272310221626,-23205.26950599182237
0.03019364,0.008773602,0.00579057732,0.2713226502018911,0.04867734979810887,0.32,2e-09,0.66,0.004535757305706396,0.7993060780513473,-44.06302000000000163,-43.011319999999997776,-43.90303884755414998,-1417.5830262022795978,-1413.915993120504254,-1417.0252091646457302
0.03034473,0.00696912,0.0045996192,0.2713226502018911,0.04867734979810887,0.32,2e-09,0.66,0.004535757305706396,0.7993060780513473,-30.473299999999998278,-30.026730000000000587,-30.405369237189553644,-966.13110662215660795,-964.5413185241411611,-965.88927327418161894
0.03043588,0.03520986,0.023238507600000003,0.2713226502018911,0.04867734979810887,0.32,2e-09,0.66,0.004535757305706396,0.7993060780513473,-257.9648000000000252,-224.86379999999999768,-252.92958451353999294,-8257.587724477454685,-8179.773492018897741,-8245.750878812901647
0.03059578,0.04473512,0.029525179200000005,0.2713226502018911,0.04867734979810887,0.32,2e-09,0.66,0.004535757305706396,0.7993060780513473,-339.82159999999998945,-312.69009999999997262,-335.69444526235184867,-10899.27264001552976,-10854.198873100142009,-10892.416166519094986
0.03069118,0.1283241,0.084693906,0.2713226502018911,0.04867734979810887,0.32,2e-09,0.66,0.004535757305706396,0.7993060780513473,-773.1123999999999796,-699.3990000000000009,-761.89935951060022035,-24683.369272396164888,-24536.506600207059819,-24661.029004688556597
0.03076598,0.1162654,0.07673516400000001,0.2713226502018911,0.04867734979810887,0.32,2e-09,0.66,0.004535757305706396,0.7993060780513473,-710.7233999999999696,-622.7057999999999538,-697.3344515512810631,-22547.199564939175616,-22341.172597226650396,-22515.85941876671859
0.03082863,0.2489848,0.16432996800000002,0.2713226502018911,0.04867734979810887,0.32,2e-09,0.66,0.004535757305706396,0.7993060780513473,-1119.5499999999999545,-996.98279999999999745,-1100.9054797869537197,-35518.643261159530084,-35247.739708663641068,-35477.434301827051968
0.03084577,0.05720702,0.0377566332,0.2713226502018911,0.04867734979810887,0.32,2e-09,0.66,0.004535757305706396,0.7993060780513473,-426.37060000000002447,-383.08109999999999218,-419.7855433309836144,-13530.977981460997398,-13428.931442391487508,-13515.454996842332548
0.03098702,0.1843064,0.12164222400000001,0.2713226502018911,0.04867734979810887,0.32,2e-09,0.66,0.004535757305706396,0.7993060780513473,-962.9963000000000193,-861.67650000000003274,-947.58386454351739303,-30414.550099697120459,-30193.391387744111853,-30380.908162251380418
0.03099082,0.2249427,0.148462182,0.2713226502018911,0.04867734979810887,0.32,2e-09,0.66,0.004535757305706396,0.7993060780513473,-1072.0009999999999764,-959.25279999999997926,-1054.8501138421650012,-33853.139734691314516,-33609.321149657429487,-33816.05085171951214
0.03103591,0.05096287,0.033635494200000005,0.2713226502018911,0.04867734979810887,0.32,2e-09,0.66,0.004535757305706396,0.7993060780513473,-392.23689999999999145,-362.05689999999998463,-387.64601744716583198,-12411.5579020008663065,-12356.414574150181579,-12403.169679942053335
0.03106831,0.2863723,0.18900571800000002,0.2713226502018911,0.04867734979810887,0.32,2e-09,0.66,0.004535757305706396,0.7993060780513473,-1208.8859999999999673,-1077.6859999999999218,-1188.9282865827751721,-38064.211114927100425,-37777.248544109039358,-38020.559310431235645
0.03123658,0.04683359,0.030910169400000003,0.2713226502018911,0.04867734979810887,0.32,2e-09,0.66,0.004535757305706396,0.7993060780513473,-364.02359999999998763,-336.99040000000002237,-359.91139833574300155,-11447.594240322861879,-11404.563356149041283,-11441.048523444576858
0.0313387,0.1783277,0.11769628200000001,0.2713226502018911,0.04867734979810887,0.32,2e-09,0.66,0.004535757305706396,0.7993060780513473,-958.96479999999996835,-863.68280000000004293,-944.47081486417675933,-29973.309402168724773,-29776.80754228920705,-29943.418184139554796
0.0313679,0.05510483,0.0363691878,0.2713226502018911,0.04867734979810887,0.32,2e-09,0.66,0.004535757305706396,0.7993060780513473,-422.17009999999999081,-384.12639999999998963,-416.38301721089271723,-13196.168925712374403,-13114.603888940102479,-13183.761520005313287
0.03137349,0.1725479,0.113881614,0.2713226502018911,0.04867734979810887,0.32,2e-09,0.66,0.004535757305706396,0.7993060780513473,-941.39179999999998927,-848.04549999999994725,-927.1922671954398538,-29391.92828426532651,-29202.360573706842843,-29363.091866273818596
0.03142603,0.08642163,0.0570382758,0.2713226502018911,0.04867734979810887,0.32,2e-09,0.66,0.004535757305706396,0.7993060780513473,-606.01940000000001874,-554.96709999999995944,-598.2534916715687814,-18925.289095592463127,-18837.050440807441191,-18911.86652101531945
0.03151322,0.1615532,0.10662511200000001,0.2713226502018911,0.04867734979810887,0.32,2e-09,0.66,0.004535757305706396,0.7993060780513473,-900.17349999999999,-799.76149999999995543,-884.8991561002258095,-27932.89679690367484,-27715.965545496645063,-27899.897926882167667
0.03151801,0.2035318,0.134330988,0.2713226502018911,0.04867734979810887,0.32,2e-09,0.66,0.004535757305706396,0.7993060780513473,-1027.5239999999998872,-914.72709999999995034,-1010.3657057579926004,-31888.700551716461632,-31645.34421824259698,-31851.681984934919456
0.03158451,0.04890326,0.0322761516,0.2713226502018911,0.04867734979810887,0.32,2e-09,0.66,0.004535757305706396,0.7993060780513473,-384.16840000000001965,-356.14269999999999072,-379.9052224930098305,-11952.148884934202215,-11906.2777156307874975,-11945.171113203481582
0.03160372,0.1125029,0.074251914,0.2713226502018911,0.04867734979810887,0.32,2e-09,0.66,0.004535757305706396,0.7993060780513473,-711.4475999999999658,-621.25950000000000273,-697.72848221460355944,-21966.925895995609608,-21756.564634006212145,-21934.92643120239154
0.0316072,0.08086675,0.053372055,0.2713226502018911,0.04867734979810887,0.32,2e-09,0.66,0.004535757305706396,0.7993060780513473,-571.2785000000000082,-513.7980000000000018,-562.5347549841555974,-17697.887627470852749,-17586.021743838788097,-17680.870956383248995
0.03160916,0.1053376,0.069522816,0.2713226502018911,0.04867734979810887,0.32,2e-09,0.66,0.004535757305706396,0.7993060780513473,-685.31389999999998963,-602.3428000000000111,-672.6926085692690549,-21173.460831257409154,-20977.924029349538614,-21143.716414679678564
0.03163123,0.2326369,0.15354035400000002,0.2713226502018911,0.04867734979810887,0.32,2e-09,0.66,0.004535757305706396,0.7993060780513473,-1109.9760000000001128,-991.6875999999999749,-1091.9823568004417211,-34340.60865646191087,-34087.80764695865946,-34302.153396559086104
0.03168394,0.1326154,0.087526164,0.2713226502018911,0.04867734979810887,0.32,2e-09,0.66,0.004535757305706396,0.7993060780513473,-816.8970000000000482,-743.0788000000000011,-805.6680176785413323,-25287.13562404782715,-25146.777474362865178,-25265.784802956481144
0.03169435,0.1416333,0.093477978,0.2713226502018911,0.04867734979810887,0.32,2e-09,0.66,0.004535757305706396,0.7993060780513473,-844.4475999999999658,-758.0540999999999485,-831.3057043131782393,-26088.603633006190648,-25904.675589540656802,-26060.625102664147562
0.03174604,0.1463697,0.096604002,0.2713226502018911,0.04867734979810887,0.32,2e-09,0.66,0.004535757305706396,0.7993060780513473,-856.786899999999946,-761.61969999999996617,-842.3103778634167611,-26395.298648833795596,-26184.65161219559377,-26363.255712938880606
0.03175624,0.02737438,0.0180670908,0.2713226502018911,0.04867734979810887,0.32,2e-09,0.66,0.004535757305706396,0.7993060780513473,-205.58850000000001046,-176.4439999999999884,-201.15513430877817314,-6294.013963070259706,-6217.6221019743343277,-6282.393483869337615
0.0317872,0.3327455,0.21961203000000004,0.2713226502018911,0.04867734979810887,0.32,2e-09,0.66,0.004535757305706396,0.7993060780513473,-1326.8759999999999764,-1186.7580000000000382,-1305.5617096905891685,-40856.58775324038288,-40562.18128913363762,-40811.803608127418556
0.0318439,0.04033108,0.0266185128,0.2713226502018911,0.04867734979810887,0.32,2e-09,0.66,0.004535757305706396,0.7993060780513473,-314.62749999999999773,-284.75740000000001828,-310.08375841811096052,-9676.311800951210898,-9622.206455299352456,-9668.081473337950229
0.03198567,0.1241716,0.081953256,0.2713226502018911,0.04867734979810887,0.32,2e-09,0.66,0.004535757305706396,0.7993060780513473,-782.6756000000000313,-704.88170000000002346,-770.8418472423153389,-23969.713602514322702,-23817.884937787221133,-23946.617924319631129
0.03205392,0.3774861,0.249140826,0.2713226502018911,0.04867734979810887,0.32,2e-09,0.66,0.004535757305706396,0.7993060780513473,-1415.8460000000000036,-1267.8630000000000564,-1393.3353117025826577,-43242.24594971469196,-42935.882545202613983,-43195.64295406852034
0.03206632,0.2763417,0.18238552200000002,0.2713226502018911,0.04867734979810887,0.32,2e-09,0.66,0.004535757305706396,0.7993060780513473,-1226.5239999999998872,-1098.16599999999994,-1206.9986022956695706,-37444.77192861563526,-37178.068578172838897,-37404.201890234908205
0.03209301,0.07068529,0.046652291400000004,0.2713226502018911,0.04867734979810887,0.32,2e-09,0.66,0.004535757305706396,0.7993060780513473,-510.48219999999997754,-441.64400000000000546,-500.01075893477440104,-15503.488717452282799,-15340.901398592102851,-15478.7564680994892115
0.03213793,0.2969474,0.19598528399999998,0.2713226502018911,0.04867734979810887,0.32,2e-09,0.66,0.004535757305706396,0.7993060780513473,-1272.150000000000091,-1139.5239999999998872,-1251.9753681427375795,-38753.62973593413335,-38480.40000427929772,-38712.06692586223653
0.0321578,1.105707,0.72976662,0.2713226502018911,0.04867734979810887,0.32,2e-09,0.66,0.004535757305706396,0.7993060780513473,-2122.3209999999999127,-1901.7590000000000146,-2088.7698324182169927,-64616.58899154568644,-64163.551618845645862,-64547.674433225256507
0.03216238,0.4158249,0.274444434,0.2713226502018911,0.04867734979810887,0.32,2e-09,0.66,0.004535757305706396,0.7993060780513473,-1481.2029999999999745,-1327.0370000000000346,-1457.7517740344521826,-45089.47783734211407,-44772.218088305737183,-45041.21732552741014
0.03216847,0.8798604,0.5807078640000001,0.2713226502018911,0.04867734979810887,0.32,2e-09,0.66,0.004535757305706396,0.7993060780513473,-1969.2809999999999491,-1764.6489999999998872,-1938.1530517378541845,-59937.44523187334562,-59517.279224091311335,-59873.530957704337197
0.03217821,0.7155089,0.472235874,0.2713226502018911,0.04867734979810887,0.32,2e-09,0.66,0.004535757305706396,0.7993060780513473,-1832.4909999999999854,-1642.0879999999999654,-1803.5275205199707216,-55757.36259575670556,-55366.48728667218529,-55697.903926544975548
0.03218488,0.4671149,0.308295834,0.2713226502018911,0.04867734979810887,0.32,2e-09,0.66,0.004535757305706396,0.7993060780513473,-1555.9339999999999691,-1394.1720000000000255,-1531.327295443619505,-47332.261960280935455,-46999.965208821835404,-47281.714069007335638
0.03218653,0.6124465,0.40421469000000004,0.2713226502018911,0.04867734979810887,0.32,2e-09,0.66,0.004535757305706396,0.7993060780513473,-1730.8460000000000036,-1551.0139999999998963,-1703.4905463472075553,-52651.107575867201376,-52281.977506398478,-52594.956721140544687
0.03219327,0.5471651,0.361128966,0.2713226502018911,0.04867734979810887,0.32,2e-09,0.66,0.004535757305706396,0.7993060780513473,-1657.9829999999999472,-1485.7270000000000891,-1631.7799826036778086,-50424.14826892189012,-50070.60234136982035,-50370.36802271829947
0.0321996,0.5016548,0.33109216799999996,0.2713226502018911,0.04867734979810887,0.32,2e-09,0.66,0.004535757305706396,0.7993060780513473,-1602.30600000000004,-1435.8389999999999418,-1576.9835862848692614,-48721.289894101450045,-48379.6259945346319,-48669.317102999571944
0.0322196,0.2104074,0.138868884,0.2713226502018911,0.04867734979810887,0.32,2e-09,0.66,0.004535757305706396,0.7993060780513473,-1072.6890000000000782,-962.09180000000003474,-1055.8653169028393677,-32599.901621272867487,-32375.20571204605585,-32565.721616986498702
0.03223485,0.1,0.066,0.2713226502018911,0.04867734979810887,0.32,2e-09,0.66,0.004535757305706396,0.7993060780513473,-682.88179999999999836,-612.6246999999999616,-672.1945205234352443,-20743.143332865776756,-20592.302416655376874,-20720.19790773377099
0.03223543,0.3200335,0.21122211000000002,0.2713226502018911,0.04867734979810887,0.32,2e-09,0.66,0.004535757305706396,0.7993060780513473,-1321.9200000000000728,-1184.5779999999999745,-1301.027985700087811,-40151.17317847065715,-39869.04064663652389,-40108.256103653417085
0.03223969,0.4392606,0.289911996,0.2713226502018911,0.04867734979810887,0.32,2e-09,0.66,0.004535757305706396,0.7993060780513473,-1519.4780000000000655,-1361.80600000000004,-1495.4934528207268158,-46146.409784384602972,-45823.42902751602378,-46097.279011634134804
0.03230331,0.0593405,0.03916473,0.2713226502018911,0.04867734979810887,0.32,2e-09,0.66,0.004535757305706396,0.7993060780513473,-456.86649999999997362,-407.63069999999999027,-449.3769116900320455,-13837.2411090162277105,-13724.157021404831539,-13820.039128737289502
0.03231745,0.3955026,0.261031716,0.2713226502018911,0.04867734979810887,0.32,2e-09,0.66,0.004535757305706396,0.7993060780513473,-1456.75,-1305.9739999999999327,-1433.8144497088760545,-44137.121101898679626,-43829.38837494616746,-44090.309809416823555
0.03234272,0.3612462,0.238422492,0.2713226502018911,0.04867734979810887,0.32,2e-09,0.66,0.004535757305706396,0.7993060780513473,-1401.1590000000001055,-1256.2170000000000982,-1379.1108986423828355,-42420.109807505439676,-42124.42444726102258,-42375.13112090919458
0.03237274,0.0615118,0.040597788,0.2713226502018911,0.04867734979810887,0.32,2e-09,0.66,0.004535757305706396,0.7993060780513473,-468.18990000000002283,-413.11110000000002174,-459.81149370606226512,-14130.9638647951651365,-14000.87553814801322,-14111.17525547999503
0.0324081,0.3464192,0.228636672,0.2713226502018911,0.04867734979810887,0.32,2e-09,0.66,0.004535757305706396,0.7993060780513473,-1377.8369999999999891,-1235.6569999999999254,-1356.2090450178277479,-41631.837326745669998,-41342.996289129630895,-41587.89977604540036
0.03241091,0.1088617,0.071848722,0.2713226502018911,0.04867734979810887,0.32,2e-09,0.66,0.004535757305706396,0.7993060780513473,-714.18650000000002365,-625.6449999999999818,-700.7178576026585688,-21514.12927634157677,-21312.12507160349196,-21483.401059670562972
0.03241556,0.156324,0.10317384,0.2713226502018911,0.04867734979810887,0.32,2e-09,0.66,0.004535757305706396,0.7993060780513473,-904.162900000000036,-800.8523999999999887,-888.44764579275772576,-27270.50658322828167,-27048.864190411906748,-27236.791069836992392
0.03263502,0.09542682,0.0629817012,0.2713226502018911,0.04867734979810887,0.32,2e-09,0.66,0.004535757305706396,0.7993060780513473,-675.78779999999994743,-616.74059999999997217,-666.80573372187836867,-20320.311609766326,-20208.577263173276151,-20303.31494766140895
0.03263923,0.06599073,0.0435538818,0.2713226502018911,0.04867734979810887,0.32,2e-09,0.66,0.004535757305706396,0.7993060780513473,-493.41809999999998126,-428.56630000000001246,-483.5530570198843634,-14743.355243025984237,-14589.297869456555418,-14719.92054095655476
0.03267491,0.09232993,0.06093775380000001,0.2713226502018911,0.04867734979810887,0.32,2e-09,0.66,0.004535757305706396,0.7993060780513473,-663.314200000000028,-609.7414999999999736,-655.16489669522138684,-19938.588468788937462,-19845.86890517505526,-19924.484273066558671
0.03269112,0.02202745,0.014538117000000001,0.2713226502018911,0.04867734979810887,0.32,2e-09,0.66,0.004535757305706396,0.7993060780513473,-168.13079999999999359,-148.4655999999999949,-165.13939431484445208,-5014.27687822916414,-4961.5119079188070828,-5006.2504441139008122
0.03275442,0.07563244,0.0499174104,0.2713226502018911,0.04867734979810887,0.32,2e-09,0.66,0.004535757305706396,0.7993060780513473,-553.12369999999998527,-487.41890000000000782,-543.12890145932874475,-16497.471376309797051,-16358.822243724069267,-16476.380525290798687
0.03290924,0.03191985,0.021067101,0.2713226502018911,0.04867734979810887,0.32,2e-09,0.66,0.004535757305706396,0.7993060780513473,-250.03409999999999513,-216.72810000000001196,-244.96770058632554878,-7399.869235090322036,-7324.2338919048488606,-7388.3638349111361094
0.0330165,0.3081382,0.203371212,0.2713226502018911,0.04867734979810887,0.32,2e-09,0.66,0.004535757305706396,0.7993060780513473,-1330.1829999999999927,-1195.8330000000000837,-1309.7461189207001553,-39467.570730105137045,-39202.917309930671763,-39427.31252038920502
0.0330288,0.07312509,0.0482625594,0.2713226502018911,0.04867734979810887,0.32,2e-09,0.66,0.004535757305706396,0.7993060780513473,-540.4075000000000273,-472.17380000000002838,-530.02801349087746985,-15968.754215911611027,-15819.650811936173341,-15946.073095438481687
0.03316062,0.09862433,0.0650920578,0.2713226502018911,0.04867734979810887,0.32,2e-09,0.66,0.004535757305706396,0.7993060780513473,-697.7702000000000453,-630.97709999999995034,-687.6098528349997423,-20627.462255664591794,-20493.88456309862886,-20607.142855457535916
0.03329055,0.2576919,0.170076654,0.2713226502018911,0.04867734979810887,0.32,2e-09,0.66,0.004535757305706396,0.7993060780513473,-1230.3510000000001128,-1107.5419999999999163,-1211.6696979645125793,-36212.5043463196198,-35974.71093566129275,-36176.331993099927786
0.0333094,0.06830868,0.0450837288,0.2713226502018911,0.04867734979810887,0.32,2e-09,0.66,0.004535757305706396,0.7993060780513473,-515.56939999999997326,-447.68990000000002283,-505.24379323243516637,-15096.420315173056224,-14941.682039791019633,-15072.882036554530714
0.03333921,0.2406427,0.158824182,0.2713226502018911,0.04867734979810887,0.32,2e-09,0.66,0.004535757305706396,0.7993060780513473,-1186.95900000000006,-1064.3710000000000946,-1168.3113157592169955,-34867.919043283502106,-34625.54774771916709,-34831.05031723598222
0.03345695,0.1669589,0.110192874,0.2713226502018911,0.04867734979810887,0.32,2e-09,0.66,0.004535757305706396,0.7993060780513473,-979.0135999999999967,-882.71519999999998163,-964.36500343188049555,-28677.19977421486692,-28495.722297058004187,-28649.59401597723263
0.03347123,0.04258117,0.028103572200000003,0.2713226502018911,0.04867734979810887,0.32,2e-09,0.66,0.004535757305706396,0.7993060780513473,-351.42590000000001282,-323.13119999999997844,-347.1218030958357872,-10307.725587289998657,-10264.281744826641443,-10301.1170525519901275
0.03349042,0.08932956,0.058957509600000006,0.2713226502018911,0.04867734979810887,0.32,2e-09,0.66,0.004535757305706396,0.7993060780513473,-663.4640000000000555,-612.4514000000000351,-655.7041307052780894,-19470.38558389211903,-19390.33673850552077,-19458.208816242688044
0.03349478,0.1904932,0.125725512,0.2713226502018911,0.04867734979810887,0.32,2e-09,0.66,0.004535757305706396,0.7993060780513473,-1053.2799999999999727,-944.26969999999994343,-1036.6977109228223526,-30796.975327524567547,-30580.093866191720736,-30763.984031405740097
0.03351689,0.217539,0.14357574,0.2713226502018911,0.04867734979810887,0.32,2e-09,0.66,0.004535757305706396,0.7993060780513473,-1137.9880000000000564,-1027.8299999999999272,-1121.2311265654373074,-33282.89712647812121,-33074.801817121420754,-33251.24235096279881
0.03356001,0.1512648,0.099834768,0.2713226502018911,0.04867734979810887,0.32,2e-09,0.66,0.004535757305706396,0.7993060780513473,-917.9955999999999676,-816.1436999999999671,-902.5022232378061062,-26761.660728176102566,-26551.511887223547092,-26729.69357617386413
0.03369633,0.08360206,0.0551773596,0.2713226502018911,0.04867734979810887,0.32,2e-09,0.66,0.004535757305706396,0.7993060780513473,-628.9311000000000149,-575.16449999999997544,-620.752301263578147,-18322.015804371672857,-18234.305837995030743,-18308.673652140118065
0.03379754,0.06372677,0.042059668200000004,0.2713226502018911,0.04867734979810887,0.32,2e-09,0.66,0.004535757305706396,0.7993060780513473,-499.1313000000000102,-438.4888000000000261,-489.90656192146303738,-14425.796755740997469,-14289.915883730242058,-14405.127003435560255
0.03383845,0.1370502,0.090453132,0.2713226502018911,0.04867734979810887,0.32,2e-09,0.66,0.004535757305706396,0.7993060780513473,-887.6477999999999611,-808.95090000000004693,-875.6766858458537399,-25744.282594935662928,-25602.38178519077701,-25722.697109458826162
0.0338904,0.07821159,0.0516196494,0.2713226502018911,0.04867734979810887,0.32,2e-09,0.66,0.004535757305706396,0.7993060780513473,-591.21280000000001564,-529.1476999999999862,-581.7716606782668123,-17078.537496617951547,-16961.822025069675874,-17060.783122132306744
0.03398121,0.2667975,0.17608635000000003,0.2713226502018911,0.04867734979810887,0.32,2e-09,0.66,0.004535757305706396,0.7993060780513473,-1277.66599999999994,-1152.8330000000000837,-1258.6768137270394163,-36855.898215722590976,-36621.31960556795093,-36820.214887404930778
0.03399201,0.1019266,0.06727155600000001,0.2713226502018911,0.04867734979810887,0.32,2e-09,0.66,0.004535757305706396,0.7993060780513473,-725.225400000000036,-649.69050000000004275,-713.73527890854632005,-20893.649338515850104,-20739.696151120373543,-20870.230484905274352
0.03412334,0.05302642,0.0349974372,0.2713226502018911,0.04867734979810887,0.32,2e-09,0.66,0.004535757305706396,0.7993060780513473,-445.20100000000002183,-411.44720000000000937,-440.06648271995186406,-12823.767469243153755,-12765.4431135722661566,-12814.895359672087579
0.0344424,0.03791692,0.0250251672,0.2713226502018911,0.04867734979810887,0.32,2e-09,0.66,0.004535757305706396,0.7993060780513473,-316.53129999999998745,-284.646000000000015,-311.68101280775732675,-8996.986558730970501,-8940.731349980358573,-8988.4292009987239
0.03000113,0.03834846,0.025693468200000003,0.2713226502018911,0.04867734979810887,0.32,2e-09,0.67,0.004604691549251872,0.8128609242504963,-279.04279999999999973,-247.3148999999999944,-274.21645597918927706,-9082.12866008135461,-9012.651336325738157,-9071.5599976079520275
0.03004535,0.01776577,0.0119030659,0.2713226502018911,0.04867734979810887,0.32,2e-09,0.67,0.004604691549251872,0.8128609242504963,-119.396299999999996544,-108.62869999999999493,-117.75836802598087161,-3880.4075355312343163,-3845.9575948134688588,-3875.167123609850023
0.03005345,0.00890402,0.0059656934,0.2713226502018911,0.04867734979810887,0.32,2e-09,0.67,0.004604691549251872,0.8128609242504963,-44.065399999999996794,-43.011450000000003513,-43.905076584938377948,-1424.3286881771573462,-1420.6453155361812151,-1423.768385619402352
0.03012787,0.01411192,0.0094549864,0.2713226502018911,0.04867734979810887,0.32,2e-09,0.67,0.004604691549251872,0.8128609242504963,-88.33176000000000272,-83.0481500000000068,-87.5280345869787908,-2867.125646529340429,-2849.7304126664053001,-2864.4795406431967422
0.03013989,0.2696549,0.180668783,0.2713226502018911,0.04867734979810887,0.32,2e-09,0.67,0.004604691549251872,0.8128609242504963,-1156.6210000000000946,-1031.2080000000000837,-1137.5435860305306051,-37540.45037396486441,-37257.067925892763014,-37497.343165991580463
0.03019263,0.05359891,0.035911269700000005,0.2713226502018911,0.04867734979810887,0.32,2e-09,0.67,0.004604691549251872,0.8128609242504963,-398.81310000000001992,-365.06819999999999027,-393.67993655874312253,-12959.345708623795872,-12888.863811892964804,-12948.6242338062911585
0.03025134,0.0112095,0.007510365000000001,0.2713226502018911,0.04867734979810887,0.32,2e-09,0.67,0.004604691549251872,0.8128609242504963,-63.454239999999998645,-61.039409999999996614,-63.086903985584470433,-2048.3657790163110803,-2040.239507560525908,-2047.1296372719120882
0.03025362,0.1925257,0.128992219,0.2713226502018911,0.04867734979810887,0.32,2e-09,0.67,0.004604691549251872,0.8128609242504963,-969.532799999999952,-860.0499999999999545,-952.87863577351117783,-31330.982464980450459,-31075.870994044100371,-31292.175745267079037
0.0303802,0.007072714,0.0047387183800000005,0.2713226502018911,0.04867734979810887,0.32,2e-09,0.67,0.004604691549251872,0.8128609242504963,-30.620319999999999538,-30.17266000000000048,-30.552223429966804957,-969.8416724477775688,-968.26003232184177705,-969.601078542574669
0.03043768,0.198999,0.13332933000000002,0.2713226502018911,0.04867734979810887,0.32,2e-09,0.67,0.004604691549251872,0.8128609242504963,-990.55740000000002965,-876.53949999999997544,-973.21337124516935546,-31808.298682430911867,-31543.89492046785017,-31768.078449902750435
0.03047163,0.1385121,0.09280310700000001,0.2713226502018911,0.04867734979810887,0.32,2e-09,0.67,0.004604691549251872,0.8128609242504963,-813.3523999999999887,-734.4437000000000353,-801.34906752495612636,-26153.670514416706283,-25986.492440516398347,-26128.239934473520407
0.03055835,0.03562273,0.0238672291,0.2713226502018911,0.04867734979810887,0.32,2e-09,0.67,0.004604691549251872,0.8128609242504963,-261.309599999999989,-228.15559999999999263,-256.26632232747965645,-8334.580579504578054,-8257.2944527753115835,-8322.824067550385735
0.03056463,0.2198618,0.147307406,0.2713226502018911,0.04867734979810887,0.32,2e-09,0.67,0.004604691549251872,0.8128609242504963,-1057.7239999999999327,-946.90419999999994616,-1040.8664557213858188,-33873.393563650162832,-33632.354899543133797,-33836.727553126387647
0.03061508,0.16874,0.11305580000000001,0.2713226502018911,0.04867734979810887,0.32,2e-09,0.67,0.004604691549251872,0.8128609242504963,-911.9701999999999771,-815.0040000000000191,-897.22001988752060697,-29150.550225941427925,-28940.707865652559121,-29118.629694771920185
0.0306876,0.1528783,0.102428461,0.2713226502018911,0.04867734979810887,0.32,2e-09,0.67,0.004604691549251872,0.8128609242504963,-854.50090000000000146,-752.2142999999999802,-838.9413981004397556,-27199.910569876061345,-26957.34211740957835,-27163.011852967632876
0.03078002,0.07144102,0.0478654834,0.2713226502018911,0.04867734979810887,0.32,2e-09,0.67,0.004604691549251872,0.8128609242504963,-496.12180000000000746,-427.15449999999998454,-485.63072066646526537,-15699.885905348679444,-15526.149218527440098,-15673.457650732547336
0.03085418,0.04522601,0.0303014267,0.2713226502018911,0.04867734979810887,0.32,2e-09,0.67,0.004604691549251872,0.8128609242504963,-345.788599999999974,-318.36820000000000164,-341.6174987424872711,-11001.311567801933052,-10956.089327859259356,-10994.432509075857524
0.03099548,0.1175056,0.078728752,0.2713226502018911,0.04867734979810887,0.32,2e-09,0.67,0.004604691549251872,0.8128609242504963,-726.32169999999996435,-637.3229000000000042,-712.7834946274626873,-22880.959042193608184,-22675.25839867493778,-22849.668535386561416
0.03108965,0.05782221,0.0387408807,0.2713226502018911,0.04867734979810887,0.32,2e-09,0.67,0.004604691549251872,0.8128609242504963,-434.3365000000000009,-390.84010000000000673,-427.71997038200476027,-13681.4713730023904645,-13580.561539088517748,-13666.121300241469726
0.03111764,0.2516477,0.168603959,0.2713226502018911,0.04867734979810887,0.32,2e-09,0.67,0.004604691549251872,0.8128609242504963,-1149.8320000000001073,-1025.5050000000001091,-1130.9197847864079449,-36156.32729809374723,-35885.84436173528229,-36115.18232150768017
0.03120676,0.08734391,0.0585204197,0.2713226502018911,0.04867734979810887,0.32,2e-09,0.67,0.004604691549251872,0.8128609242504963,-609.5619000000000369,-557.88580000000001746,-601.7011012628061053,-19170.982630864833482,-19080.479889482830913,-19157.215650865022326
0.03124207,0.05151458,0.0345147686,0.2713226502018911,0.04867734979810887,0.32,2e-09,0.67,0.004604691549251872,0.8128609242504963,-398.70019999999999527,-368.23730000000000473,-394.06628362760994833,-12536.625880786968992,-12481.4825153238089115,-12528.23765300667219
0.03126492,0.1296929,0.08689424300000001,0.2713226502018911,0.04867734979810887,0.32,2e-09,0.67,0.004604691549251872,0.8128609242504963,-799.0125000000000455,-724.3325999999999567,-787.6524387025381202,-25056.384818028775044,-24911.90182607765746,-25034.406539469142444
0.03142234,0.2894455,0.19392848500000004,0.2713226502018911,0.04867734979810887,0.32,2e-09,0.67,0.004604691549251872,0.8128609242504963,-1244.6579999999999018,-1111.5380000000000109,-1224.4082224839864921,-38767.479226106763235,-38481.816457851367886,-38724.025143310929707
0.03145156,0.2273452,0.152321284,0.2713226502018911,0.04867734979810887,0.32,2e-09,0.67,0.004604691549251872,0.8128609242504963,-1106.6489999999998872,-992.4864000000000033,-1089.2829599560573115,-34454.61039434030681,-34213.922642457349866,-34417.997763432409556
0.03150188,0.08173008,0.0547591536,0.2713226502018911,0.04867734979810887,0.32,2e-09,0.67,0.004604691549251872,0.8128609242504963,-576.515700000000038,-518.39850000000001273,-567.6751022697292228,-17922.320903667590756,-17808.484537067175552,-17905.004489177732466
0.03150318,0.1862728,0.124802776,0.2713226502018911,0.04867734979810887,0.32,2e-09,0.67,0.004604691549251872,0.8128609242504963,-995.1354999999999791,-892.6508999999999787,-979.545878990252163,-30933.173645054415829,-30715.72587773602936,-30900.096204327619489
0.03157013,0.04734456,0.0317208552,0.2713226502018911,0.04867734979810887,0.32,2e-09,0.67,0.004604691549251872,0.8128609242504963,-371.29419999999998936,-343.9544999999999959,-367.13537456163948036,-11556.843245474010473,-11513.784932427448439,-11550.293356205622331
0.03157554,0.05569847,0.0373179749,0.2713226502018911,0.04867734979810887,0.32,2e-09,0.67,0.004604691549251872,0.8128609242504963,-429.38290000000000646,-391.11040000000002692,-423.56101290578709495,-13338.155698710505021,-13257.177329023617858,-13325.837534875101483
0.03168592,0.1632766,0.109395322,0.2713226502018911,0.04867734979810887,0.32,2e-09,0.67,0.004604691549251872,0.8128609242504963,-919.45659999999998035,-817.7134999999999536,-903.9797735367375253,-28385.509109308630286,-28167.732694680798886,-28352.381675831700704
0.03174098,0.02776031,0.0185994077,0.2713226502018911,0.04867734979810887,0.32,2e-09,0.67,0.004604691549251872,0.8128609242504963,-207.52799999999999159,-178.38640000000000896,-203.0950754472607116,-6358.724452195997401,-6282.6135582656752376,-6347.1467127982059537
0.0317984,0.04943448,0.0331211016,0.2713226502018911,0.04867734979810887,0.32,2e-09,0.67,0.004604691549251872,0.8128609242504963,-390.44479999999998654,-362.11939999999998463,-386.13603311258947315,-12069.123422570995899,-12023.074767156786038,-12062.118652235589252
0.0318024,0.205704,0.13782168,0.2713226502018911,0.04867734979810887,0.32,2e-09,0.67,0.004604691549251872,0.8128609242504963,-1054.1459999999999582,-939.76120000000003074,-1036.7461596212913264,-32435.818855346875353,-32192.70646672282237,-32398.837396655289922
0.03194252,0.0407822,0.027324074,0.2713226502018911,0.04867734979810887,0.32,2e-09,0.67,0.004604691549251872,0.8128609242504963,-318.41730000000001155,-288.35140000000001237,-313.84377396470324584,-9765.287544106507994,-9710.989027434174204,-9757.027831951576445
0.03195293,0.1743887,0.11684042900000001,0.2713226502018911,0.04867734979810887,0.32,2e-09,0.67,0.004604691549251872,0.8128609242504963,-974.09619999999995343,-879.5538999999999987,-959.7147356005693837,-29879.11407925572712,-29692.885946949714707,-29850.785666947889695
0.03197135,0.1064613,0.071329071,0.2713226502018911,0.04867734979810887,0.32,2e-09,0.67,0.004604691549251872,0.8128609242504963,-702.99689999999998236,-619.3826000000000249,-690.27776709617489814,-21485.507244305350468,-21292.493493577472691,-21456.146625992769259
0.0320799,0.1802302,0.12075423400000002,0.2713226502018911,0.04867734979810887,0.32,2e-09,0.67,0.004604691549251872,0.8128609242504963,-997.4897999999999456,-901.06320000000005166,-982.8217020686175829,-30478.495169759589771,-30287.273706884057901,-30449.407188393030083
0.03211562,0.2351225,0.15753207500000002,0.2713226502018911,0.04867734979810887,0.32,2e-09,0.67,0.004604691549251872,0.8128609242504963,-1146.4570000000001073,-1026.59699999999998,-1128.2242901662459644,-34953.77927705727052,-34704.067903911425674,-34915.794002497314068
0.0321548,0.3363419,0.22534907300000004,0.2713226502018911,0.04867734979810887,0.32,2e-09,0.67,0.004604691549251872,0.8128609242504963,-1367.0809999999999036,-1224.8689999999999145,-1345.448177282847837,-41633.010286007469404,-41339.951311559147143,-41588.43111659904389
0.03224542,0.147931,0.09911377,0.2713226502018911,0.04867734979810887,0.32,2e-09,0.67,0.004604691549251872,0.8128609242504963,-883.7939000000000078,-787.625,-869.1650025468769627,-26821.503425929284276,-26614.272695894465869,-26789.980167382964282
0.03225769,0.1431441,0.09590654700000001,0.2713226502018911,0.04867734979810887,0.32,2e-09,0.67,0.004604691549251872,0.8128609242504963,-872.66859999999996944,-785.40819999999996526,-859.394834330240883,-26505.851100943487836,-26325.639696588848892,-26478.43793354542504
0.03227031,0.1,0.067,0.2713226502018911,0.04867734979810887,0.32,2e-09,0.67,0.004604691549251872,0.8128609242504963,-689.947400000000016,-621.97929999999996653,-679.608315691209782,-20951.246089345029759,-20808.937118055724568,-20929.598515673595102
0.03234777,0.13403,0.08980010000000001,0.2713226502018911,0.04867734979810887,0.32,2e-09,0.67,0.004604691549251872,0.8128609242504963,-846.3423999999999978,-771.6453999999999951,-834.979737506658239,-25676.441237703260413,-25539.17847862495546,-25655.561277272296138
0.03241029,0.1137029,0.076180943,0.2713226502018911,0.04867734979810887,0.32,2e-09,0.67,0.004604691549251872,0.8128609242504963,-739.7942000000000462,-648.612700000000018,-725.9239694668241327,-22291.963428865838068,-22087.871505255054217,-22260.917635251549655
0.03243636,0.3816111,0.255679437,0.2713226502018911,0.04867734979810887,0.32,2e-09,0.67,0.004604691549251872,0.8128609242504963,-1459.8710000000000946,-1309.6279999999999291,-1437.0165279196335177,-44082.134885351704725,-43777.26230882670643,-44035.7586695662103
0.03244555,0.1254962,0.084082454,0.2713226502018911,0.04867734979810887,0.32,2e-09,0.67,0.004604691549251872,0.8128609242504963,-805.3813999999999851,-726.5520000000000209,-793.3901303807028853,-24327.145685101371782,-24176.706757823656517,-24304.261409206526878
0.03248874,0.3001383,0.20109266100000003,0.2713226502018911,0.04867734979810887,0.32,2e-09,0.67,0.004604691549251872,0.8128609242504963,-1309.3769999999999527,-1174.821999999999889,-1288.9089349934856727,-39474.905670883439598,-39202.77988389577513,-39433.510789251296956
0.03250697,0.279304,0.18713368,0.2713226502018911,0.04867734979810887,0.32,2e-09,0.67,0.004604691549251872,0.8128609242504963,-1265.6389999999998963,-1135.4829999999999472,-1245.8400964364914216,-38134.812021063167776,-37870.52289371984807,-38094.609226377142477
0.03255387,0.420431,0.28168877000000003,0.2713226502018911,0.04867734979810887,0.32,2e-09,0.67,0.004604691549251872,0.8128609242504963,-1528.1300000000001091,-1371.5670000000000073,-1504.314150261120858,-45980.634630699067202,-45664.960722524076118,-45932.615351791653666
0.03255454,1.122129,0.75182643,0.2713226502018911,0.04867734979810887,0.32,2e-09,0.67,0.004604691549251872,0.8128609242504963,-2196.987999999999829,-1972.2709999999999582,-2162.804787454432244,-66106.72299313195981,-65654.53656487479748,-66037.93787768748007
0.03256385,0.8928181,0.598188127,0.2713226502018911,0.04867734979810887,0.32,2e-09,0.67,0.004604691549251872,0.8128609242504963,-2037.7390000000000327,-1829.3299999999999272,-2006.0365068935184354,-61297.63179349928396,-60878.41175828928681,-61233.861417573367362
0.03257409,0.725422,0.48603274,0.2713226502018911,0.04867734979810887,0.32,2e-09,0.67,0.004604691549251872,0.8128609242504963,-1895.0,-1701.2070000000001073,-1865.5208448455471171,-56986.106375692754227,-56596.401998180394003,-56926.825824748928426
0.03257719,0.4724233,0.31652361100000004,0.2713226502018911,0.04867734979810887,0.32,2e-09,0.67,0.004604691549251872,0.8128609242504963,-1605.9179999999998927,-1441.5750000000000455,-1580.9186821941541439,-48287.690145501743245,-47956.902040768392908,-48237.37174461687391
0.03258189,0.6202568,0.4155720560000001,0.2713226502018911,0.04867734979810887,0.32,2e-09,0.67,0.004604691549251872,0.8128609242504963,-1788.6369999999999436,-1605.7290000000000418,-1760.813635322273285,-53774.78857058671565,-53406.986520843420294,-53718.83972986228764
0.03258834,0.5537535,0.37101484500000004,0.2713226502018911,0.04867734979810887,0.32,2e-09,0.67,0.004604691549251872,0.8128609242504963,-1712.4480000000000928,-1537.33400000000006,-1685.8102330232936765,-51474.01581638817879,-51121.90969118202338,-51420.45458819218038
0.03259371,0.5074852,0.340015084,0.2713226502018911,0.04867734979810887,0.32,2e-09,0.67,0.004604691549251872,0.8128609242504963,-1654.3160000000000309,-1485.1479999999999109,-1628.5827190292295654,-49718.450083667354193,-49378.323830686844303,-49666.711194317809714
0.03261388,0.02235393,0.014977133100000001,0.2713226502018911,0.04867734979810887,0.32,2e-09,0.67,0.004604691549251872,0.8128609242504963,-169.27479999999999905,-149.57810000000000628,-166.27860263822370257,-5061.54020693475195,-5008.7229901379450894,-5053.5058252554372302
0.03261705,0.05997769,0.0401850523,0.2713226502018911,0.04867734979810887,0.32,2e-09,0.67,0.004604691549251872,0.8128609242504963,-466.37409999999999854,-416.94110000000000582,-458.85451427321896745,-13996.028338914798951,-13884.6304915062573855,-13979.082863961479234
0.03263527,0.444178,0.29759926000000003,0.2713226502018911,0.04867734979810887,0.32,2e-09,0.67,0.004604691549251872,0.8128609242504963,-1568.071999999999889,-1407.9249999999999545,-1543.7109639433817847,-47067.67158797855518,-46746.28567048873083,-47018.783416960308386
0.03265152,0.3234845,0.21673461500000002,0.2713226502018911,0.04867734979810887,0.32,2e-09,0.67,0.004604691549251872,0.8128609242504963,-1363.6259999999999764,-1224.2840000000001055,-1342.4297522638496503,-40910.393549625565356,-40630.281964397647243,-40867.78389457355661
0.03268585,0.09644489,0.06461807630000001,0.2713226502018911,0.04867734979810887,0.32,2e-09,0.67,0.004604691549251872,0.8128609242504963,-686.077199999999948,-626.5366999999999962,-677.02009454483027184,-20603.22683915585003,-20491.139510654200421,-20586.17648260144415
0.0327148,0.0621715,0.041654905,0.2713226502018911,0.04867734979810887,0.32,2e-09,0.67,0.004604691549251872,0.8128609242504963,-478.46719999999999118,-423.1863999999999919,-470.05806612900215669,-14297.708942952334837,-14169.762355776654658,-14278.246128016631701
0.0327165,0.3998498,0.267899366,0.2713226502018911,0.04867734979810887,0.32,2e-09,0.67,0.004604691549251872,0.8128609242504963,-1502.9110000000000582,-1349.8269999999999982,-1479.62436432345703,-45002.011095613350335,-44695.997280848314404,-44955.461278412185493
0.03273073,0.09331503,0.06252107009999999,0.2713226502018911,0.04867734979810887,0.32,2e-09,0.67,0.004604691549251872,0.8128609242504963,-673.2947000000000344,-619.1776999999999589,-665.06259956554913515,-20209.023386235829093,-20115.719959642850881,-20194.83037519323625
0.0327516,0.3651759,0.24466785300000002,0.2713226502018911,0.04867734979810887,0.32,2e-09,0.67,0.004604691549251872,0.8128609242504963,-1445.5519999999999072,-1298.4410000000000309,-1423.1739574807822919,-43238.85486455665523,-42945.056715925165918,-43194.16325439736829
0.03279377,0.1100229,0.073715343,0.2713226502018911,0.04867734979810887,0.32,2e-09,0.67,0.004604691549251872,0.8128609242504963,-732.9397999999999911,-643.62810000000001764,-719.353997306363226,-21833.116968298676511,-21633.533797306667111,-21802.75703133557181
0.03279927,0.3501742,0.234616714,0.2713226502018911,0.04867734979810887,0.32,2e-09,0.67,0.004604691549251872,0.8128609242504963,-1420.5,-1276.2070000000001073,-1398.5506223924419373,-42429.214944660212495,-42141.994211510645982,-42385.523869357741205
0.03286429,0.07644035,0.051215034500000006,0.2713226502018911,0.04867734979810887,0.32,2e-09,0.67,0.004604691549251872,0.8128609242504963,-561.7961999999999989,-495.54599999999999227,-551.7184370012665795,-16705.407475797928782,-16566.473030748100427,-16684.273223983251228
0.03295832,0.06669717,0.044687103900000004,0.2713226502018911,0.04867734979810887,0.32,2e-09,0.67,0.004604691549251872,0.8128609242504963,-504.09730000000001837,-438.98320000000001073,-494.1923568047217259,-14924.737990235826146,-14772.887237689259564,-14901.638952114528365
0.03301313,0.2126535,0.142477845,0.2713226502018911,0.04867734979810887,0.32,2e-09,0.67,0.004604691549251872,0.8128609242504963,-1117.3460000000000036,-1005.12599999999997635,-1100.2754618926755938,-33163.885204233782133,-32944.663690524816047,-33130.537947027267364
0.03302172,0.03231754,0.0216527518,0.2713226502018911,0.04867734979810887,0.32,2e-09,0.67,0.004604691549251872,0.8128609242504963,-253.19730000000001269,-219.90340000000000487,-248.13274119861480926,-7471.1821248401038247,-7396.236939521538261,-7459.7817092106161
0.03309996,0.1579915,0.10585430500000001,0.2713226502018911,0.04867734979810887,0.32,2e-09,0.67,0.004604691549251872,0.8128609242504963,-937.52750000000003183,-832.82349999999996726,-921.60027114605873066,-27710.388957643157482,-27493.201440593147709,-27677.351105333076703
0.03318351,0.1214352,0.081361584,0.2713226502018911,0.04867734979810887,0.32,2e-09,0.67,0.004604691549251872,0.8128609242504963,-798.99480000000005475,-714.3786000000000058,-786.12326135629143664,-23574.23226348998287,-23407.987205572680978,-23548.943610876081948
0.03322608,0.07390653,0.049517375100000004,0.2713226502018911,0.04867734979810887,0.32,2e-09,0.67,0.004604691549251872,0.8128609242504963,-550.25660000000004857,-481.55009999999998627,-539.8051927065507698,-16169.769312903750688,-16021.287169914114202,-16147.1826966128755885
0.03337434,0.09967645,0.0667832215,0.2713226502018911,0.04867734979810887,0.32,2e-09,0.67,0.004604691549251872,0.8128609242504963,-712.01089999999999236,-644.7218000000000302,-701.77510294281262304,-20921.681665278334549,-20788.899346632755623,-20901.483254741724522
0.03343912,0.3114546,0.20867458200000003,0.2713226502018911,0.04867734979810887,0.32,2e-09,0.67,0.004604691549251872,0.8128609242504963,-1371.8589999999999236,-1235.5950000000000273,-1351.1309675222200894,-40209.151328030573495,-39946.473253695934545,-40169.193601440943894
0.03346991,0.0844944,0.056611248,0.2713226502018911,0.04867734979810887,0.32,2e-09,0.67,0.004604691549251872,0.8128609242504963,-632.65850000000000364,-578.2459999999999809,-624.38144907534501726,-18556.444676418352174,-18466.549073467740527,-18542.77005232416559
0.0335711,0.09028274,0.060489435800000005,0.2713226502018911,0.04867734979810887,0.32,2e-09,0.67,0.004604691549251872,0.8128609242504963,-673.71100000000001273,-622.0923000000000229,-665.8589327624260932,-19728.077861330617452,-19647.308723675192596,-19715.791525185166392
0.03361574,0.06903942,0.0462564114,0.2713226502018911,0.04867734979810887,0.32,2e-09,0.67,0.004604691549251872,0.8128609242504963,-526.51940000000001874,-458.31740000000002055,-516.1447355908418331,-15284.467160545533261,-15131.643364864721661,-15261.2201062960648414
0.03368697,0.04305212,0.0288449204,0.2713226502018911,0.04867734979810887,0.32,2e-09,0.67,0.004604691549251872,0.8128609242504963,-356.85919999999998709,-328.31049999999999045,-352.51646544943349681,-10403.012722742216283,-10359.433819854966714,-10396.383643055776702
0.03375715,0.243215,0.16295405,0.2713226502018911,0.04867734979810887,0.32,2e-09,0.67,0.004604691549251872,0.8128609242504963,-1222.7339999999999236,-1098.4069999999999254,-1203.8217847864077612,-35490.78923098049563,-35250.01077919077943,-35454.162803100443853
0.03388886,0.07904679,0.05296134930000001,0.2713226502018911,0.04867734979810887,0.32,2e-09,0.67,0.004604691549251872,0.8128609242504963,-598.5244999999999891,-535.85540000000003147,-588.99148218052289394,-17294.169956889945752,-17176.303972753947164,-17276.240570205300173
0.0339604,0.2604496,0.174501232,0.2713226502018911,0.04867734979810887,0.32,2e-09,0.67,0.004604691549251872,0.8128609242504963,-1277.0740000000000691,-1152.4980000000000473,-1258.1239077235961759,-36868.562808664042677,-36635.120069980264816,-36833.05226538673014
0.03417943,0.06440954,0.043154391800000004,0.2713226502018911,0.04867734979810887,0.32,2e-09,0.67,0.004604691549251872,0.8128609242504963,-510.5898000000000252,-449.7219000000000051,-501.3307748131990138,-14600.08089983640275,-14466.54973101665928,-14579.768576668935566
0.03433021,0.1030139,0.06901931300000001,0.2713226502018911,0.04867734979810887,0.32,2e-09,0.67,0.004604691549251872,0.8128609242504963,-742.7498000000000502,-666.66840000000001965,-731.1765471220942345,-21197.622188165794796,-21045.431685531304538,-21174.471468376137636
0.03001868,0.1149118,0.078140024,0.2713226502018911,0.04867734979810887,0.32,2e-09,0.68,0.004673423005123925,0.8264010162549795,-696.31910000000004857,-604.8392000000000053,-682.40347783813740534,-22621.985105164651031,-22391.33564552241296,-22586.899466327929986
0.0300684,0.01137368,0.007734102400000001,0.2713226502018911,0.04867734979810887,0.32,2e-09,0.68,0.004673423005123925,0.8264010162549795,-63.421590000000001908,-61.002450000000003172,-63.053598362529385213,-2059.8594984182850567,-2051.6776562986733552,-2058.6149034468812715
0.03009719,0.0387822,0.026371896000000002,0.2713226502018911,0.04867734979810887,0.32,2e-09,0.68,0.004673423005123925,0.8264010162549795,-282.379099999999994,-250.52340000000000941,-277.53331546261370022,-9164.376172658288851,-9094.9909139690480515,-9153.8215148206363665
0.03014042,0.01802598,0.0122576664,0.2713226502018911,0.04867734979810887,0.32,2e-09,0.68,0.004673423005123925,0.8264010162549795,-120.679400000000001114,-109.88460000000000605,-119.0373304512480388,-3910.9334891843350306,-3876.7141163437850082,-3905.7281504917368693
0.03017595,0.009034438,0.006143417840000001,0.2713226502018911,0.04867734979810887,0.32,2e-09,0.68,0.004673423005123925,0.8264010162549795,-44.437300000000000466,-43.3805499999999995,-44.276550658127646898,-1430.9055563507174611,-1427.254571684579787,-1430.350180545401372
0.03018567,0.01431862,0.009736661600000002,0.2713226502018911,0.04867734979810887,0.32,2e-09,0.68,0.004673423005123925,0.8264010162549795,-89.070289999999999964,-83.77285999999999433,-88.26446233393437524,-2886.2537573165850517,-2868.941581790456894,-2883.6202859920485935
0.03022534,0.06509722,0.0442661096,0.2713226502018911,0.04867734979810887,0.32,2e-09,0.68,0.004673423005123925,0.8264010162549795,-458.08699999999998909,-397.623299999999972,-448.88946039066274807,-14778.206454198616484,-14617.672712540548673,-14753.786588270211723
0.03022649,0.06740871,0.0458379228,0.2713226502018911,0.04867734979810887,0.32,2e-09,0.68,0.004673423005123925,0.8264010162549795,-468.7780999999999949,-403.89269999999999072,-458.90794589815556037,-15109.034144835539337,-14936.193337343909661,-15082.742168442859111
0.03023664,0.1596712,0.10857641600000002,0.2713226502018911,0.04867734979810887,0.32,2e-09,0.68,0.004673423005123925,0.8264010162549795,-871.629099999999994,-766.36019999999996344,-855.61594041199327876,-28156.91937774968028,-27905.410011996151297,-28118.660598455036961
0.03024566,0.245806,0.16714808,0.2713226502018911,0.04867734979810887,0.32,2e-09,0.68,0.004673423005123925,0.8264010162549795,-1117.1559999999999491,-992.116800000000012,-1098.1354472597633958,-36122.93833296640514,-35835.577836601987656,-36079.225997342378832
0.03031514,0.05417538,0.036839258400000005,0.2713226502018911,0.04867734979810887,0.32,2e-09,0.68,0.004673423005123925,0.8264010162549795,-404.41399999999998727,-370.41430000000002565,-399.24207721896635803,-13091.932189332259441,-13021.462386964562029,-13081.212554269583052
0.03038693,0.007176309,0.00487989012,0.2713226502018911,0.04867734979810887,0.32,2e-09,0.68,0.004673423005123925,0.8264010162549795,-30.73680999999999841,-30.288209999999999411,-30.66857044025177359,-973.45976810089428,-971.88354204438542183,-973.21999776616428335
0.03047604,0.2725329,0.18532237200000004,0.2713226502018911,0.04867734979810887,0.32,2e-09,0.68,0.004673423005123925,0.8264010162549795,-1190.0650000000000546,-1062.9890000000000327,-1170.7346159282983535,-38218.35325724845461,-37936.7236123920884,-38175.51267994785303
0.03067527,0.03603724,0.0245053232,0.2713226502018911,0.04867734979810887,0.32,2e-09,0.68,0.004673423005123925,0.8264010162549795,-264.60730000000000928,-231.39889999999999759,-259.55574717801397355,-8410.908792612008256,-8334.113141705065573,-8399.226890230223944
0.03069496,0.1945732,0.13230977600000002,0.2713226502018911,0.04867734979810887,0.32,2e-09,0.68,0.004673423005123925,0.8264010162549795,-999.7019999999999982,-888.87750000000005457,-982.843740772810861,-31859.230216865333205,-31607.228605472908384,-31820.896558779590123
0.03078283,0.2011156,0.136758608,0.2713226502018911,0.04867734979810887,0.32,2e-09,0.68,0.004673423005123925,0.8264010162549795,-1018.2000000000000455,-902.6607999999999947,-1000.6245560818947524,-32344.830308578748372,-32081.888078226584184,-32304.832399442660972
0.03092821,0.1399847,0.095189596,0.2713226502018911,0.04867734979810887,0.32,2e-09,0.68,0.004673423005123925,0.8264010162549795,-837.8587999999999738,-758.135599999999954,-825.73156845804805926,-26558.112538232722727,-26393.534363716655207,-26533.07744645130515
0.03099965,0.08827294,0.0600255992,0.2713226502018911,0.04867734979810887,0.32,2e-09,0.68,0.004673423005123925,0.8264010162549795,-613.2092000000000098,-560.9057000000000244,-605.25296323385816777,-19415.837684937640006,-19323.067523769546824,-19401.725792481371172
0.0310036,0.07220224,0.04909752320000001,0.2713226502018911,0.04867734979810887,0.32,2e-09,0.68,0.004673423005123925,0.8264010162549795,-505.65550000000001774,-436.29880000000002838,-495.1051864164296603,-15893.777041839255617,-15721.435634945339189,-15867.561032626525048
0.03101987,0.04572005,0.031089634,0.2713226502018911,0.04867734979810887,0.32,2e-09,0.68,0.004673423005123925,0.8264010162549795,-350.75779999999997472,-323.05340000000001055,-346.54349759454140667,-11102.667110502883588,-11057.0898907650753245,-11095.734053415373637
0.0312393,0.1187549,0.080753332,0.2713226502018911,0.04867734979810887,0.32,2e-09,0.68,0.004673423005123925,0.8264010162549795,-742.39990000000000236,-652.42259999999998854,-728.71284841878309635,-23214.466033477383462,-23009.256341373322357,-23183.250208588280657
0.03132178,0.05844174,0.0397403832,0.2713226502018911,0.04867734979810887,0.32,2e-09,0.68,0.004673423005123925,0.8264010162549795,-442.1856999999999971,-398.4796000000000049,-435.53727150621517694,-13831.029732554050497,-13731.158472516704933,-13815.8376442427506845
0.03134607,0.25433,0.17294440000000003,0.2713226502018911,0.04867734979810887,0.32,2e-09,0.68,0.004673423005123925,0.8264010162549795,-1178.2980000000000018,-1052.2190000000000509,-1159.1192762962632514,-36795.411698699179396,-36524.558767332913703,-36754.210439686808968
0.03137351,0.05207007,0.0354076476,0.2713226502018911,0.04867734979810887,0.32,2e-09,0.68,0.004673423005123925,0.8264010162549795,-404.24349999999998317,-373.49979999999999336,-399.56686925316211045,-12660.853567581336392,-12605.514181046579324,-12652.435521718944074
0.03139737,0.08259971,0.056167802800000007,0.2713226502018911,0.04867734979810887,0.32,2e-09,0.68,0.004673423005123925,0.8264010162549795,-581.7012999999999465,-522.9501000000000204,-572.7642602704415822,-18146.099238373248227,-18030.28235181033233,-18128.48155368652806
0.03143874,0.1545037,0.10506251600000001,0.2713226502018911,0.04867734979810887,0.32,2e-09,0.68,0.004673423005123925,0.8264010162549795,-888.64840000000003783,-785.1067000000000462,-872.89797640752863117,-27632.179731773605454,-27396.128839735596557,-27596.272444767699199
0.03171283,0.2925408,0.19892774400000002,0.2713226502018911,0.04867734979810887,0.32,2e-09,0.68,0.004673423005123925,0.8264010162549795,-1278.4849999999999,-1143.4580000000000837,-1257.9451359025333659,-39472.843768337435904,-39187.597425601357827,-39429.453030824945017
0.03172801,0.0281457,0.019139076,0.2713226502018911,0.04867734979810887,0.32,2e-09,0.68,0.004673423005123925,0.8264010162549795,-209.4567000000000121,-180.3206000000000131,-205.02461208921036473,-6422.675730384306007,-6346.8531286142015233,-6411.141845043786816
0.03174683,0.1310717,0.08912875600000002,0.2713226502018911,0.04867734979810887,0.32,2e-09,0.68,0.004673423005123925,0.8264010162549795,-822.9919999999999618,-747.3509000000000242,-811.48572411308202845,-25428.972493650453544,-25286.137634991206141,-25407.244923718204518
0.03175431,0.05629626,0.0382814568,0.2713226502018911,0.04867734979810887,0.32,2e-09,0.68,0.004673423005123925,0.8264010162549795,-436.23820000000000618,-397.73559999999997672,-430.38131084894786227,-13479.234080018668465,-13398.714081659039948,-13466.985642125246159
0.03180633,0.1650125,0.11220850000000002,0.2713226502018911,0.04867734979810887,0.32,2e-09,0.68,0.004673423005123925,0.8264010162549795,-937.3993000000000393,-834.3369999999999891,-921.721801162194879,-28838.49789353565211,-28619.360768254846334,-28805.163473219879961
0.03184211,0.2297653,0.15624040400000003,0.2713226502018911,0.04867734979810887,0.32,2e-09,0.68,0.004673423005123925,0.8264010162549795,-1139.43100000000004,-1023.86599999999998545,-1121.8516314705673267,-35057.37843174063164,-34818.935990472011326,-35021.107350114543806
0.03185485,0.0478589,0.032544052000000004,0.2713226502018911,0.04867734979810887,0.32,2e-09,0.68,0.004673423005123925,0.8264010162549795,-378.04469999999997754,-350.39960000000002083,-373.8394181159259233,-11665.321906658125954,-11622.144897590085748,-11658.753961740496379
0.03190394,0.2222016,0.15109708800000002,0.2713226502018911,0.04867734979810887,0.32,2e-09,0.68,0.004673423005123925,0.8264010162549795,-1121.9059999999999491,-1009.44700000000000273,-1104.799105997045217,-34457.24435616532719,-34228.90054553686059,-34422.509445089715882
0.03195007,0.1882536,0.128012448,0.2713226502018911,0.04867734979810887,0.32,2e-09,0.68,0.004673423005123925,0.8264010162549795,-1025.6520000000000437,-922.01559999999994943,-1009.8871709543226416,-31452.479822284749389,-31237.908003952885338,-31419.839861479260435
0.03200492,0.04996928,0.0339791104,0.2713226502018911,0.04867734979810887,0.32,2e-09,0.68,0.004673423005123925,0.8264010162549795,-396.65660000000002583,-368.0310999999999808,-392.3021828854819546,-12185.27133444856554,-12139.028687867024928,-12178.237054813440409
0.03200744,0.170534,0.11596312,0.2713226502018911,0.04867734979810887,0.32,2e-09,0.68,0.004673423005123925,0.8264010162549795,-967.6756000000000313,-869.19889999999998054,-952.69564758480180444,-29617.553936944466841,-29418.872714570941753,-29587.331201445114857
0.03201968,0.2078922,0.14136669600000001,0.2713226502018911,0.04867734979810887,0.32,2e-09,0.68,0.004673423005123925,0.8264010162549795,-1078.8940000000000055,-962.93439999999998236,-1061.2546062135975262,-32983.874319616297726,-32740.243141499766352,-32946.813944369721867
0.03203598,0.04123591,0.0280404188,0.2713226502018911,0.04867734979810887,0.32,2e-09,0.68,0.004673423005123925,0.8264010162549795,-322.15379999999998972,-291.893100000000004,-317.55064162801363636,-9853.60567771809292,-9799.109631309620454,-9845.315917987969442
0.03227513,0.1,0.068,0.2713226502018911,0.04867734979810887,0.32,2e-09,0.68,0.004673423005123925,0.8264010162549795,-696.02710000000001855,-630.25329999999996744,-686.0218054057785366,-21147.997762965409493,-21013.785859508021531,-21127.581888678956602
0.0323208,0.1075932,0.073163376,0.2713226502018911,0.04867734979810887,0.32,2e-09,0.68,0.004673423005123925,0.8264010162549795,-720.61389999999994416,-636.36180000000001655,-707.7977470533585347,-21797.081517079586774,-21606.423025078973296,-21768.079172994916007
0.03244834,0.1762429,0.11984517200000001,0.2713226502018911,0.04867734979810887,0.32,2e-09,0.68,0.004673423005123925,0.8264010162549795,-1004.8210000000000264,-909.0891000000000304,-990.2585775526949874,-30366.546391703901463,-30182.78590521290971,-30338.593349578921334
0.0324587,0.3399636,0.231175248,0.2713226502018911,0.04867734979810887,0.32,2e-09,0.68,0.004673423005123925,0.8264010162549795,-1405.2439999999999145,-1260.9449999999999363,-1383.2937096921332341,-42412.157951552137092,-42119.554715261765523,-42367.648107536617317
0.03253104,0.2376262,0.16158581600000002,0.2713226502018911,0.04867734979810887,0.32,2e-09,0.68,0.004673423005123925,0.8264010162549795,-1181.1269999999999527,-1059.7110000000000127,-1162.6575965528525103,-35568.47690931578836,-35320.98696770796232,-35530.829551630915375
0.03253946,0.02268035,0.015422638,0.2713226502018911,0.04867734979810887,0.32,2e-09,0.68,0.004673423005123925,0.8264010162549795,-170.40979999999998995,-150.68620000000001369,-167.40951069850629551,-5108.304768401126239,-5055.4500754588525524,-5100.2646859735550606
0.03265088,0.1495038,0.101662584,0.2713226502018911,0.04867734979810887,0.32,2e-09,0.68,0.004673423005123925,0.8264010162549795,-908.66849999999999454,-811.519800000000032,-893.8905585864638397,-27247.819310792547185,-27043.01548787133288,-27216.665225391527201
0.03269695,0.1227263,0.083453884,0.2713226502018911,0.04867734979810887,0.32,2e-09,0.68,0.004673423005123925,0.8264010162549795,-798.8464000000000169,-713.3242999999999938,-785.8370588213473411,-23918.801265759640955,-23746.931089205718308,-23892.65693855970676
0.03270603,0.1821466,0.12385968800000001,0.2713226502018911,0.04867734979810887,0.32,2e-09,0.68,0.004673423005123925,0.8264010162549795,-1033.20900000000006,-935.6535999999999831,-1018.3691927172048963,-30984.078750955293799,-30796.853999399885652,-30955.59873619802238
0.032723,0.09747041,0.0662798788,0.2713226502018911,0.04867734979810887,0.32,2e-09,0.68,0.004673423005123925,0.8264010162549795,-696.0824000000000069,-636.0425000000000182,-686.94932745580160827,-20885.225600823072455,-20772.69829618939184,-20868.108316543410183
0.0327435,0.1446659,0.098372812,0.2713226502018911,0.04867734979810887,0.32,2e-09,0.68,0.004673423005123925,0.8264010162549795,-899.2686999999999671,-811.15189999999995507,-885.8646615728436018,-26923.01932007954747,-26745.738373028991191,-26896.051924229170254
0.03275504,0.385764,0.26231952000000003,0.2713226502018911,0.04867734979810887,0.32,2e-09,0.68,0.004673423005123925,0.8264010162549795,-1501.7860000000000582,-1349.2919999999999163,-1478.5891131871474045,-44925.456908503481827,-44621.164882498756924,-44879.16900415782584
0.03276585,0.09430734,0.06412899120000001,0.2713226502018911,0.04867734979810887,0.32,2e-09,0.68,0.004673423005123925,0.8264010162549795,-682.85379999999997835,-628.1874000000000251,-674.5381266406144505,-20478.535469412530801,-20384.54059885762399,-20464.237278183689341
0.03277702,0.303352,0.20627936000000002,0.2713226502018911,0.04867734979810887,0.32,2e-09,0.68,0.004673423005123925,0.8264010162549795,-1344.6690000000000964,-1208.1929999999999836,-1323.9087187779789474,-40198.41902715715696,-39926.59319911352941,-40157.069774295152456
0.03278938,0.1268304,0.08624467200000001,0.2713226502018911,0.04867734979810887,0.32,2e-09,0.68,0.004673423005123925,0.8264010162549795,-825.53890000000001237,-745.6878000000000384,-813.3922127298006899,-24684.259189887445245,-24534.3691734685126,-24661.458412510979542
0.03288196,0.4250668,0.28904542400000005,0.2713226502018911,0.04867734979810887,0.32,2e-09,0.68,0.004673423005123925,0.8264010162549795,-1572.9120000000000346,-1413.9619999999999891,-1548.7330476549705054,-46875.783242170691665,-46560.776568292880256,-46827.86546075478691
0.03288259,0.2822876,0.19195556800000002,0.2713226502018911,0.04867734979810887,0.32,2e-09,0.68,0.004673423005123925,0.8264010162549795,-1302.9059999999999491,-1170.9659999999998945,-1282.835720211367061,-38826.98083500420762,-38564.26663897292019,-38787.017613700627408
0.03288828,1.138555,0.7742174000000001,0.2713226502018911,0.04867734979810887,0.32,2e-09,0.68,0.004673423005123925,0.8264010162549795,-2268.900000000000091,-2040.0319999999999254,-2234.0853509575199496,-67606.63529346883297,-67154.046198830707,-67537.78892573597841
0.03289703,0.905787,0.61593516,0.2713226502018911,0.04867734979810887,0.32,2e-09,0.68,0.004673423005123925,0.8264010162549795,-2103.6619999999998072,-1891.4790000000000418,-2071.385418399336686,-62666.487647306305007,-62247.07328047923511,-62602.687710292571865
0.03290608,0.4777633,0.324879044,0.2713226502018911,0.04867734979810887,0.32,2e-09,0.68,0.004673423005123925,0.8264010162549795,-1653.68100000000004,-1486.7660000000000764,-1628.2904379951519331,-49247.80033741218358,-48917.59342740167631,-49197.570345961139537
0.03290686,0.7353652,0.5000483360000001,0.2713226502018911,0.04867734979810887,0.32,2e-09,0.68,0.004673423005123925,0.8264010162549795,-1955.0809999999999036,-1757.900000000000091,-1925.086473404559456,-58223.055672709975624,-57833.39133625671093,-58163.781212680645694
0.03291209,0.1354549,0.092109332,0.2713226502018911,0.04867734979810887,0.32,2e-09,0.68,0.004673423005123925,0.8264010162549795,-873.6992000000000189,-798.1272999999999911,-862.20345058997588694,-26065.394434127229033,-25930.440642870784359,-26044.865706303568004
0.03291447,0.6281009,0.427108612,0.2713226502018911,0.04867734979810887,0.32,2e-09,0.68,0.004673423005123925,0.8264010162549795,-1844.071999999999889,-1658.0940000000000509,-1815.781636997647638,-54904.591226054188155,-54537.08523302019603,-54848.68742050475703
0.03291869,0.06061941,0.041221198800000004,0.2713226502018911,0.04867734979810887,0.32,2e-09,0.68,0.004673423005123925,0.8264010162549795,-475.78170000000000073,-426.148900000000026,-468.23172135293879137,-14153.9041969027712184,-14044.069988270604881,-14137.196577548436835
0.03292009,0.5603751,0.38105506800000005,0.2713226502018911,0.04867734979810887,0.32,2e-09,0.68,0.004673423005123925,0.8264010162549795,-1764.6059999999999945,-1586.6420000000000528,-1737.5347003766542002,-52529.62391430385469,-52177.973686676217767,-52476.132035751303192
0.0329245,0.513348,0.34907664000000005,0.2713226502018911,0.04867734979810887,0.32,2e-09,0.68,0.004673423005123925,0.8264010162549795,-1704.0679999999999836,-1532.2059999999999036,-1677.9249165906167036,-50720.69636709075712,-50381.129702345380792,-50669.042600467044394
0.03296759,0.07725416,0.05253282880000001,0.2713226502018911,0.04867734979810887,0.32,2e-09,0.68,0.004673423005123925,0.8264010162549795,-570.38610000000005584,-503.59629999999998518,-560.22625482016962906,-16912.797182749367494,-16773.553974611681042,-16891.615962907089852
0.03296818,0.449126,0.30540568,0.2713226502018911,0.04867734979810887,0.32,2e-09,0.68,0.004673423005123925,0.8264010162549795,-1614.5199999999999818,-1451.9069999999999254,-1589.7838441165001768,-47992.957047291078197,-47672.247529297877918,-47944.17176794439729
0.03300451,0.3269598,0.22233266400000004,0.2713226502018911,0.04867734979810887,0.32,2e-09,0.68,0.004673423005123925,0.8264010162549795,-1403.4200000000000728,-1262.0889999999999418,-1381.9211921115108908,-41672.210820743486693,-41393.28520343285345,-41629.78157123884739
0.0330456,0.06283593,0.0427284324,0.2713226502018911,0.04867734979810887,0.32,2e-09,0.68,0.004673423005123925,0.8264010162549795,-488.66849999999999454,-433.1845000000000141,-480.22845601188038245,-14463.586468109904672,-14337.645989753253161,-14444.428815863942873
0.03305254,0.4042258,0.274873544,0.2713226502018911,0.04867734979810887,0.32,2e-09,0.68,0.004673423005123925,0.8264010162549795,-1546.9919999999999618,-1391.6099999999999,-1523.3558001052194868,-45870.52563704024942,-45565.332519029339892,-45824.10066153589287
0.03309755,0.3691326,0.251010168,0.2713226502018911,0.04867734979810887,0.32,2e-09,0.68,0.004673423005123925,0.8264010162549795,-1487.9490000000000691,-1338.6790000000000873,-1465.2425374863632896,-44060.845550206882763,-43768.057798819711024,-44016.307638360391138
0.03312735,0.3539553,0.240689604,0.2713226502018911,0.04867734979810887,0.32,2e-09,0.68,0.004673423005123925,0.8264010162549795,-1461.1579999999999018,-1314.7599999999999909,-1438.8884167008011445,-43229.55269142711768,-42943.12054122329573,-43185.98157277431892
0.03313054,0.03271588,0.022246798400000004,0.2713226502018911,0.04867734979810887,0.32,2e-09,0.68,0.004673423005123925,0.8264010162549795,-256.3254000000000019,-223.04220000000000823,-251.26246884749869537,-7541.750931300995944,-7467.4688636601504186,-7530.451386956369788
0.03325133,0.08539326,0.0580674168,0.2713226502018911,0.04867734979810887,0.32,2e-09,0.68,0.004673423005123925,0.8264010162549795,-636.40449999999998454,-581.34600000000000364,-628.02918167543998607,-18790.138400795865891,-18698.043710449939681,-18776.129258744247636
0.03341541,0.07469366,0.0507916888,0.2713226502018911,0.04867734979810887,0.32,2e-09,0.68,0.004673423005123925,0.8264010162549795,-560.0366999999999962,-490.86320000000000618,-549.5142541991890539,-16370.219192862896307,-16222.309962325643937,-16347.719726134049779
0.03353389,0.09124291,0.0620451788,0.2713226502018911,0.04867734979810887,0.32,2e-09,0.68,0.004673423005123925,0.8264010162549795,-681.61630000000002383,-629.39580000000000837,-673.67268892146205417,-19984.954042903100344,-19903.021936943645414,-19972.490799835963116
0.0335729,0.1007363,0.068500684,0.2713226502018911,0.04867734979810887,0.32,2e-09,0.68,0.004673423005123925,0.8264010162549795,-726.0304999999999609,-658.2419999999999618,-715.71873585378398275,-21215.081706202043279,-21082.985010605461866,-21194.987590393513528
0.03369272,0.214916,0.14614288,0.2713226502018911,0.04867734979810887,0.32,2e-09,0.68,0.004673423005123925,0.8264010162549795,-1159.0850000000000364,-1045.2609999999999673,-1141.7704666768127026,-33728.822749580722302,-33513.68835160877643,-33696.0972110067014
0.03379908,0.3147945,0.21406026,0.2713226502018911,0.04867734979810887,0.32,2e-09,0.68,0.004673423005123925,0.8264010162549795,-1411.6769999999999072,-1273.5070000000000618,-1390.6590330574852032,-40953.112708924913022,-40691.642426972452085,-40913.338707748625893
0.03380856,0.1111927,0.075611036,0.2713226502018911,0.04867734979810887,0.32,2e-09,0.68,0.004673423005123925,0.8264010162549795,-765.9251000000000431,-675.72649999999998727,-752.20438498906344194,-22150.868664302772231,-21959.137504549045843,-22121.70314951986802
0.03388342,0.07988808,0.0543238944,0.2713226502018911,0.04867734979810887,0.32,2e-09,0.68,0.004673423005123925,0.8264010162549795,-605.7481999999999971,-542.4799000000000433,-596.1240338430259271,-17509.210278301528888,-17390.182693476028362,-17491.104192732229421
0.033898,0.04352595,0.029597646000000002,0.2713226502018911,0.04867734979810887,0.32,2e-09,0.68,0.004673423005123925,0.8264010162549795,-362.262299999999982,-333.46050000000002456,-357.88106470807753112,-10497.6199755701545655,-10453.9030765006864385,-10490.969904357363703
0.03391278,0.06977545,0.04744730600000001,0.2713226502018911,0.04867734979810887,0.32,2e-09,0.68,0.004673423005123925,0.8264010162549795,-537.419399999999996,-468.898399999999981,-526.9962103577618109,-15471.858276948833009,-15320.848231511437916,-15448.887124433880672
0.03425977,0.2632274,0.17899463200000001,0.2713226502018911,0.04867734979810887,0.32,2e-09,0.68,0.004673423005123925,0.8264010162549795,-1310.83400000000006,-1184.56899999999996,-1291.626982586692975,-37526.87473468915414,-37293.8815350834775,-37491.432573821068218
0.03465493,0.1041091,0.07079418800000001,0.2713226502018911,0.04867734979810887,0.32,2e-09,0.68,0.004673423005123925,0.8264010162549795,-760.16859999999996944,-683.5407999999999902,-748.5122305473139477,-21500.92053667889195,-21350.360149517386162,-21478.01778470514546
0.0300066,0.01828618,0.012617464200000001,0.2713226502018911,0.04867734979810887,0.32,2e-09,0.6900000000000001,0.004741708793922121,0.8399246256906232,-121.054100000000005366,-110.24309999999999832,-119.40956616041451355,-3941.1251392019898958,-3906.752046838060778,-3935.896417199984171
0.03002861,0.1510879,0.10425065100000001,0.2713226502018911,0.04867734979810887,0.32,2e-09,0.6900000000000001,0.004741708793922121,0.8399246256906232,-850.09609999999997854,-752.62750000000005457,-835.269496448337577,-27679.246588438207255,-27445.509420430382306,-27643.691257538404898
0.03004303,0.009164857,0.00632375133,0.2713226502018911,0.04867734979810887,0.32,2e-09,0.6900000000000001,0.004741708793922121,0.8399246256906232,-44.439329999999998222,-43.381090000000000373,-44.27835400421764689,-1437.3525561777291841,-1433.6878974394860506,-1436.7951003174412108
0.03006601,0.01153787,0.0079611303,0.2713226502018911,0.04867734979810887,0.32,2e-09,0.6900000000000001,0.004741708793922121,0.8399246256906232,-63.752070000000003347,-61.328069999999996753,-63.383339075279323538,-2071.1120502239500638,-2062.9499414989550132,-2069.8704570317727303
0.03008118,0.06350503,0.04381847070000001,0.2713226502018911,0.04867734979810887,0.32,2e-09,0.6900000000000001,0.004741708793922121,0.8399246256906232,-450.74380000000002156,-395.49500000000000455,-442.33953386398201246,-14631.946812995172877,-14487.162994934025846,-14609.922773754959053
0.03011698,0.1018037,0.070244553,0.2713226502018911,0.04867734979810887,0.32,2e-09,0.6900000000000001,0.004741708793922121,0.8399246256906232,-661.5358999999999696,-593.76559999999994943,-651.22690437805374586,-21511.733489604190254,-21355.664059758702933,-21487.992720137375727
0.03014164,0.01452532,0.0100224708,0.2713226502018911,0.04867734979810887,0.32,2e-09,0.6900000000000001,0.004741708793922121,0.8399246256906232,-89.50565000000000282,-84.197749999999999204,-88.69822967189567464,-2905.0796747301596952,-2887.765968087753663,-2902.4459704972400687
0.03014262,0.1052123,0.072596487,0.2713226502018911,0.04867734979810887,0.32,2e-09,0.6900000000000001,0.004741708793922121,0.8399246256906232,-672.28549999999995634,-595.91269999999997253,-660.66792031043428324,-21809.59601475935051,-21623.624732950640464,-21781.30667370620722
0.03018765,0.03921816,0.027060530400000005,0.2713226502018911,0.04867734979810887,0.32,2e-09,0.6900000000000001,0.004741708793922121,0.8399246256906232,-285.66199999999997772,-253.67850000000001387,-280.796774946038056,-9246.019711049824764,-9176.698392007823713,-9235.47477950146822
0.03019545,0.007279905,0.00502313445,0.2713226502018911,0.04867734979810887,0.32,2e-09,0.6900000000000001,0.004741708793922121,0.8399246256906232,-30.657050000000001688,-30.208020000000001204,-30.588745030062984398,-976.9965946021759464,-975.41129187570413706,-976.75544355419981457
0.03023222,0.2660249,0.183557181,0.2713226502018911,0.04867734979810887,0.32,2e-09,0.6900000000000001,0.004741708793922121,0.8399246256906232,-1179.7950000000000728,-1052.9400000000000546,-1160.4982337230028406,-38195.146771695028292,-37911.318703124154126,-38151.97177739394101
0.03042419,0.05475578,0.0377814882,0.2713226502018911,0.04867734979810887,0.32,2e-09,0.6900000000000001,0.004741708793922121,0.8399246256906232,-409.844600000000014,-375.58800000000002228,-404.63359843408153438,-13223.647629818075075,-13153.129843670212722,-13212.920695620237893
0.03048854,0.06812529,0.047006450100000007,0.2713226502018911,0.04867734979810887,0.32,2e-09,0.6900000000000001,0.004741708793922121,0.8399246256906232,-478.22100000000000364,-413.07569999999998345,-468.31131076311640982,-15288.930733026658345,-15118.274760462805716,-15262.971106552822675
0.03051549,0.06578976,0.0453949344,0.2713226502018911,0.04867734979810887,0.32,2e-09,0.6900000000000001,0.004741708793922121,0.8399246256906232,-467.63850000000002183,-406.949799999999982,-458.40673412908597584,-14950.8742897646134224,-14792.688759778769963,-14926.811626089236597
0.03054368,0.2484156,0.17140676400000002,0.2713226502018911,0.04867734979810887,0.32,2e-09,0.6900000000000001,0.004741708793922121,0.8399246256906232,-1147.2119999999999891,-1020.4539999999999509,-1127.9299890446602603,-36748.80448003890342,-36462.27142003965855,-36705.218011319193465
0.03068305,0.1161294,0.08012928600000001,0.2713226502018911,0.04867734979810887,0.32,2e-09,0.6900000000000001,0.004741708793922121,0.8399246256906232,-721.40210000000001855,-628.9615999999999758,-707.3403545187121608,-22946.673442813302245,-22721.859093410857895,-22912.475421796119917
0.03071731,0.08920864,0.06155396160000001,0.2713226502018911,0.04867734979810887,0.32,2e-09,0.6900000000000001,0.004741708793922121,0.8399246256906232,-615.2540000000000191,-562.3283000000000129,-607.2031162118444172,-19659.965096651121712,-19564.525725585313921,-19645.447172745240096
0.03077293,0.1613631,0.11134053900000002,0.2713226502018911,0.04867734979810887,0.32,2e-09,0.6900000000000001,0.004741708793922121,0.8399246256906232,-900.43209999999999127,-793.8029000000000224,-884.21201604033581134,-28597.761703667198162,-28350.171243508804764,-28560.09905543030618
0.0307868,0.03645343,0.025152866700000002,0.2713226502018911,0.04867734979810887,0.32,2e-09,0.6900000000000001,0.004741708793922121,0.8399246256906232,-267.8586999999999989,-234.59499999999999886,-262.7987351235020128,-8486.604312041663434,-8410.2589734829725785,-8474.9909096964238415
0.03081523,0.2754314,0.190047666,0.2713226502018911,0.04867734979810887,0.32,2e-09,0.6900000000000001,0.004741708793922121,0.8399246256906232,-1224.1359999999999673,-1095.3920000000000528,-1204.5518852424756915,-38897.91508009817335,-38618.03325743480673,-38855.34037577343406
0.03113392,0.2032473,0.140240637,0.2713226502018911,0.04867734979810887,0.32,2e-09,0.6900000000000001,0.004741708793922121,0.8399246256906232,-1046.4369999999998981,-929.3772000000000162,-1028.6302474003227871,-32882.232231763453456,-32620.805685266990622,-32842.464883481203287
0.03113983,0.1966354,0.135678426,0.2713226502018911,0.04867734979810887,0.32,2e-09,0.6900000000000001,0.004741708793922121,0.8399246256906232,-1030.4790000000000418,-918.31380000000001473,-1013.41679788882856883,-32388.291035256541363,-32139.356000028750714,-32350.423854672826565
0.03118182,0.0462172,0.031889868,0.2713226502018911,0.04867734979810887,0.32,2e-09,0.6900000000000001,0.004741708793922121,0.8399246256906232,-355.69819999999998572,-327.71030000000001792,-351.4407725049546798,-11203.321686860806949,-11157.397737739904187,-11196.335886437465888
0.03121914,0.07296888,0.05034852720000001,0.2713226502018911,0.04867734979810887,0.32,2e-09,0.6900000000000001,0.004741708793922121,0.8399246256906232,-515.1294000000000324,-445.387800000000027,-504.52053669162563665,-16087.0867847248646285,-15916.059258679482809,-16061.070638754814354
0.03129327,0.08347558,0.0575981502,0.2713226502018911,0.04867734979810887,0.32,2e-09,0.6900000000000001,0.004741708793922121,0.8399246256906232,-586.82939999999996417,-527.44700000000000273,-577.7963441979649133,-18369.25794088649127,-18251.445630327343679,-18351.336718850205216
0.03140153,0.1414679,0.09761285100000001,0.2713226502018911,0.04867734979810887,0.32,2e-09,0.6900000000000001,0.004741708793922121,0.8399246256906232,-863.17639999999994416,-782.6272999999999911,-850.9235352605535354,-26962.124324078613427,-26800.164619560200663,-26937.487545359730575
0.03149881,0.0526293,0.036314217,0.2713226502018911,0.04867734979810887,0.32,2e-09,0.6900000000000001,0.004741708793922121,0.8399246256906232,-409.71640000000002146,-378.6904999999999859,-404.99684191530889166,-12784.251273721447433,-12728.689996743145457,-12775.7994746130007115
0.0315423,0.05906557,0.0407552433,0.2713226502018911,0.04867734979810887,0.32,2e-09,0.6900000000000001,0.004741708793922121,0.8399246256906232,-449.91570000000001528,-405.997099999999989,-443.23494670361492354,-13979.699034195784407,-13880.768988306406754,-13964.650120291720668
0.03157813,0.2570313,0.17735159700000003,0.2713226502018911,0.04867734979810887,0.32,2e-09,0.6900000000000001,0.004741708793922121,0.8399246256906232,-1207.2380000000000564,-1079.3989999999998872,-1187.7915508723735911,-37435.856492359918775,-37164.6792453855669,-37394.60589952160808
0.03171717,0.0285306,0.019686114,0.2713226502018911,0.04867734979810887,0.32,2e-09,0.6900000000000001,0.004741708793922121,0.8399246256906232,-211.37420000000000186,-182.24629999999999086,-206.94335944629892765,-6485.8915658165860805,-6410.3598814558226877,-6474.40193387761974
0.03177193,0.1,0.069,0.2713226502018911,0.04867734979810887,0.32,2e-09,0.6900000000000001,0.004741708793922121,0.8399246256906232,-690.8690000000000282,-627.1893000000000029,-681.1822530251916987,-21332.05319701699409,-21202.57067038625246,-21312.356740012157388
0.03192123,0.05689818,0.0392597442,0.2713226502018911,0.04867734979810887,0.32,2e-09,0.6900000000000001,0.004741708793922121,0.8399246256906232,-442.95580000000001064,-404.22039999999998372,-437.06349807696977905,-13619.422474335973675,-13539.289466347776397,-13607.232904147796944
0.0319783,0.04169219,0.0287676111,0.2713226502018911,0.04867734979810887,0.32,2e-09,0.6900000000000001,0.004741708793922121,0.8399246256906232,-324.38519999999999754,-293.93819999999999482,-319.75370228342802648,-9941.35435497418257,-9886.259036060919243,-9932.97343587737123
0.03200764,0.2956579,0.204003951,0.2713226502018911,0.04867734979810887,0.32,2e-09,0.6900000000000001,0.004741708793922121,0.8399246256906232,-1312.9610000000000127,-1176.0180000000000291,-1292.1296802706174276,-40180.16966783243697,-39895.388402299598965,-40136.849676337777055
0.03203109,0.04837658,0.033379840200000004,0.2713226502018911,0.04867734979810887,0.32,2e-09,0.6900000000000001,0.004741708793922121,0.8399246256906232,-383.55759999999997945,-355.61230000000000473,-379.30665267714653055,-11773.107505504289293,-11729.598851913986437,-11766.4891119103504025
0.03211021,0.1240266,0.08557835400000001,0.2713226502018911,0.04867734979810887,0.32,2e-09,0.6900000000000001,0.004741708793922121,0.8399246256906232,-795.9253999999999678,-709.52139999999997144,-782.7819070876380465,-24263.271970089492243,-24084.725597489414213,-24236.112081857496378
0.03214145,0.1561407,0.10773708300000001,0.2713226502018911,0.04867734979810887,0.32,2e-09,0.6900000000000001,0.004741708793922121,0.8399246256906232,-922.0987999999999829,-817.3220999999999776,-906.1605122606514442,-28064.899072666146822,-27834.519539385932148,-28029.854494141753094
0.03220657,0.05050762,0.034850257800000006,0.2713226502018911,0.04867734979810887,0.32,2e-09,0.6900000000000001,0.004741708793922121,0.8399246256906232,-402.83269999999998845,-373.90620000000001255,-398.4324957533281122,-12300.631892005150803,-12254.189696271154389,-12293.567257607850479
0.03221261,0.166761,0.11506509000000001,0.2713226502018911,0.04867734979810887,0.32,2e-09,0.6900000000000001,0.004741708793922121,0.8399246256906232,-963.83619999999996253,-859.39239999999995234,-947.9485519161132743,-29291.307924256689148,-29073.747015010831092,-29258.213272751203476
0.03221908,0.1324605,0.09139774500000002,0.2713226502018911,0.04867734979810887,0.32,2e-09,0.6900000000000001,0.004741708793922121,0.8399246256906232,-847.06929999999999836,-770.46050000000002456,-835.4158207649581982,-25801.100894743543904,-25659.768762212013826,-25779.601914578073774
0.03223539,0.2322028,0.160219932,0.2713226502018911,0.04867734979810887,0.32,2e-09,0.6900000000000001,0.004741708793922121,0.8399246256906232,-1172.8209999999999127,-1055.849999999999909,-1155.0277553648918456,-35661.320698466945032,-35425.085083089230466,-35625.38531195284304
0.03224548,0.2100961,0.14496630900000002,0.2713226502018911,0.04867734979810887,0.32,2e-09,0.6900000000000001,0.004741708793922121,0.8399246256906232,-1104.19399999999996,-986.6550999999999476,-1086.3143682806719426,-33532.722390786584583,-33288.682642698768177,-33495.59986521684914
0.03239969,0.1902486,0.131271534,0.2713226502018911,0.04867734979810887,0.32,2e-09,0.6900000000000001,0.004741708793922121,0.8399246256906232,-1056.7380000000000564,-951.9459000000000515,-1040.7973696631925122,-31972.253890863783454,-31760.487789777664148,-31940.040726557686867
0.03246771,0.02300672,0.0158746368,0.2713226502018911,0.04867734979810887,0.32,2e-09,0.6900000000000001,0.004741708793922121,0.8399246256906232,-171.53559999999998809,-151.78940000000000055,-168.53187286067679906,-5154.5822438450850314,-5101.6999976126908223,-5146.537970101447172
0.03252605,0.1200132,0.082809108,0.2713226502018911,0.04867734979810887,0.32,2e-09,0.6900000000000001,0.004741708793922121,0.8399246256906232,-783.19889999999998054,-692.0363999999999578,-769.33155968446840234,-23546.368091547825316,-23351.706081842479762,-23516.756745488979504
0.03259205,0.2245581,0.154945089,0.2713226502018911,0.04867734979810887,0.32,2e-09,0.6900000000000001,0.004741708793922121,0.8399246256906232,-1164.8659999999999854,-1050.9149999999999636,-1147.5321478536113773,-35043.162402667439892,-34819.794861001682875,-35009.184465294914844
0.03264241,0.0953068,0.065761692,0.2713226502018911,0.04867734979810887,0.32,2e-09,0.6900000000000001,0.004741708793922121,0.8399246256906232,-689.11429999999995744,-633.90589999999997417,-680.71617937939390686,-20747.234924030733964,-20651.835061664864043,-20732.723010058623913
0.03265668,0.1087332,0.075025908,0.2713226502018911,0.04867734979810887,0.32,2e-09,0.6900000000000001,0.004741708793922121,0.8399246256906232,-738.1345999999999776,-653.2494000000000369,-725.2221419591173799,-22108.20041340701573,-21919.718998540356552,-22079.529239151055663
0.03274768,0.09850332,0.06796729080000001,0.2713226502018911,0.04867734979810887,0.32,2e-09,0.6900000000000001,0.004741708793922121,0.8399246256906232,-705.8183999999999969,-645.27329999999994925,-696.6084780898078179,-21166.352891009370069,-21053.290677323482669,-21149.154238120190712
0.0327661,0.3436101,0.237090969,0.2713226502018911,0.04867734979810887,0.32,2e-09,0.6900000000000001,0.004741708793922121,0.8399246256906232,-1444.1189999999999145,-1297.7239999999999327,-1421.8498730509556935,-43193.899248013767647,-42901.76279945877468,-43149.460410216612217
0.03293829,0.172341,0.11891529,0.2713226502018911,0.04867734979810887,0.32,2e-09,0.6900000000000001,0.004741708793922121,0.8399246256906232,-1010.80700000000001637,-910.9136999999999489,-995.6115590419142336,-30085.493104185818083,-29892.902935292495386,-30056.196919751764653
0.03295165,0.2401479,0.16570205100000002,0.2713226502018911,0.04867734979810887,0.32,2e-09,0.6900000000000001,0.004741708793922121,0.8399246256906232,-1216.5419999999999163,-1093.5679999999999836,-1197.8355987060228927,-36184.486715197454032,-35939.220579629523854,-36147.177635589105194
0.03298075,0.1781104,0.12289617600000001,0.2713226502018911,0.04867734979810887,0.32,2e-09,0.6900000000000001,0.004741708793922121,0.8399246256906232,-1037.1790000000000873,-940.24069999999994707,-1022.4330639439561992,-30854.069437515434402,-30672.969466561156878,-30826.521104282404849
0.03303973,0.08629858,0.05954602020000001,0.2713226502018911,0.04867734979810887,0.32,2e-09,0.6900000000000001,0.004741708793922121,0.8399246256906232,-640.1595999999999549,-584.4551999999999907,-631.686029487206838,-19023.125542745987332,-18928.81816778004577,-19008.77981437174094
0.03306412,0.07807378,0.053870908200000005,0.2713226502018911,0.04867734979810887,0.32,2e-09,0.6900000000000001,0.004741708793922121,0.8399246256906232,-578.885599999999954,-511.56159999999999854,-568.64449406935034403,-17119.63841290315031,-16980.058894886231428,-17098.406034705771162
0.03306773,0.3065882,0.211545858,0.2713226502018911,0.04867734979810887,0.32,2e-09,0.6900000000000001,0.004741708793922121,0.8399246256906232,-1380.5499999999999545,-1242.1420000000000528,-1359.4958292785727281,-40924.01095918630017,-40652.501186197681818,-40882.70978358200955
0.03307705,0.3899443,0.26906156700000006,0.2713226502018911,0.04867734979810887,0.32,2e-09,0.6900000000000001,0.004741708793922121,0.8399246256906232,-1544.5,-1389.7439999999999145,-1520.959025170762061,-45771.969796277204296,-45468.28770025045378,-45725.774672478088178
0.03315888,0.1281742,0.088440198,0.2713226502018911,0.04867734979810887,0.32,2e-09,0.6900000000000001,0.004741708793922121,0.8399246256906232,-846.57600000000002183,-765.6961000000000013,-834.27281505019971064,-25040.998761531136552,-24891.81351024774267,-25018.305190714130731
0.03320845,0.06126563,0.042273284700000004,0.2713226502018911,0.04867734979810887,0.32,2e-09,0.6900000000000001,0.004741708793922121,0.8399246256906232,-485.08730000000002747,-435.25249999999999773,-477.50659377587874133,-14310.907083824977235,-14202.5291509573962685,-14294.420988360629053
0.03321384,0.429732,0.29651508000000004,0.2713226502018911,0.04867734979810887,0.32,2e-09,0.6900000000000001,0.004741708793922121,0.8399246256906232,-1618.5899999999999181,-1457.2409999999999854,-1594.046119648202648,-47774.6113441444395,-47460.302481648570392,-47726.799711505824234
0.03322509,1.154984,0.7969389600000001,0.2713226502018911,0.04867734979810887,0.32,2e-09,0.6900000000000001,0.004741708793922121,0.8399246256906232,-2342.3769999999999527,-2109.33199999999988,-2306.9269594259362748,-69116.95544750490808,-68664.013753527688095,-69048.05544351779099
0.03322897,0.1461988,0.100877172,0.2713226502018911,0.04867734979810887,0.32,2e-09,0.6900000000000001,0.004741708793922121,0.8399246256906232,-926.2619999999999436,-837.28510000000005675,-912.72712598358941705,-27340.031126835110626,-27165.565945827082032,-27313.492056074112043
0.03323393,0.918766,0.63394854,0.2713226502018911,0.04867734979810887,0.32,2e-09,0.6900000000000001,0.004741708793922121,0.8399246256906232,-2171.01299999999992,-1955.0340000000001055,-2138.158983337356858,-64043.558234280571924,-63623.94809792126034,-63979.728517448085768
0.03323569,0.03311494,0.022849308600000003,0.2713226502018911,0.04867734979810887,0.32,2e-09,0.6900000000000001,0.004741708793922121,0.8399246256906232,-259.41849999999999454,-226.14480000000000359,-254.3570139563207988,-7611.6223301523532427,-7537.9606839149482767,-7600.417162275469309
0.03323859,0.4831345,0.33336280500000004,0.2713226502018911,0.04867734979810887,0.32,2e-09,0.6900000000000001,0.004741708793922121,0.8399246256906232,-1702.4059999999999491,-1532.9039999999999964,-1676.6219120453777123,-50212.19853283886914,-49882.60863569790672,-50162.062399360569543
0.03324267,0.745337,0.51428253,0.2713226502018911,0.04867734979810887,0.32,2e-09,0.6900000000000001,0.004741708793922121,0.8399246256906232,-2016.4049999999999727,-1815.8179999999999836,-1985.8923638626458796,-59467.17116126786277,-59077.568974801783042,-59407.906155290613242
0.03325066,0.6359777,0.43882461300000003,0.2713226502018911,0.04867734979810887,0.32,2e-09,0.6900000000000001,0.004741708793922121,0.8399246256906232,-1900.6849999999999454,-1711.6179999999999382,-1871.9247484553777667,-56040.990360448064166,-55673.792041254753713,-55985.13335723352793
0.03325534,0.5670293,0.391250217,0.2713226502018911,0.04867734979810887,0.32,2e-09,0.6900000000000001,0.004741708793922121,0.8399246256906232,-1817.8420000000000982,-1637.0099999999999909,-1790.3344296290886177,-53590.85026972436026,-53239.658052097598556,-53537.428062150007463
0.03325908,0.5192428,0.358277532,0.2713226502018911,0.04867734979810887,0.32,2e-09,0.6900000000000001,0.004741708793922121,0.8399246256906232,-1754.8399999999999181,-1580.2719999999999345,-1728.2852887513863607,-51727.737305570713943,-51388.685615669179242,-51676.16187523015833
0.03326354,0.2852924,0.19685175600000002,0.2713226502018911,0.04867734979810887,0.32,2e-09,0.6900000000000001,0.004741708793922121,0.8399246256906232,-1340.9770000000000891,-1207.2490000000000236,-1320.6347355193702242,-39521.276590033325192,-39260.168773527439043,-39481.557725911203306
0.03330521,0.4541043,0.31333196700000004,0.2713226502018911,0.04867734979810887,0.32,2e-09,0.6900000000000001,0.004741708793922121,0.8399246256906232,-1661.9210000000000491,-1496.8279999999999745,-1636.8075946555650262,-48922.115739940592903,-48602.15762334124156,-48873.444761307931913
0.03332969,0.09220998,0.06362488620000001,0.2713226502018911,0.04867734979810887,0.32,2e-09,0.6900000000000001,0.004741708793922121,0.8399246256906232,-686.0951999999999771,-633.28129999999998745,-678.06132286093009043,-20241.056295879123354,-20157.308418449068995,-20228.316843615022663
0.03336279,0.3304593,0.228016917,0.2713226502018911,0.04867734979810887,0.32,2e-09,0.6900000000000001,0.004741708793922121,0.8399246256906232,-1444.0619999999998981,-1300.7349999999999,-1422.2595671421449879,-42436.499654065271898,-42158.81750133409514,-42394.259556311561028
0.03336337,0.1840768,0.12701299200000002,0.2713226502018911,0.04867734979810887,0.32,2e-09,0.6900000000000001,0.004741708793922121,0.8399246256906232,-1070.5570000000000164,-971.8586999999999989,-1055.543338520066527,-31489.869734900195908,-31306.6999399891356,-31462.006546839777002
0.03339237,0.4086302,0.28195483800000004,0.2713226502018911,0.04867734979810887,0.32,2e-09,0.6900000000000001,0.004741708793922121,0.8399246256906232,-1591.9549999999999272,-1434.2650000000001,-1567.9677147198005969,-46742.612426636958844,-46438.26322600038111,-46696.31582507395069
0.03344805,0.3731159,0.257449971,0.2713226502018911,0.04867734979810887,0.32,2e-09,0.6900000000000001,0.004741708793922121,0.8399246256906232,-1531.2270000000000891,-1379.7889999999999873,-1508.1907484414812188,-44885.97510839212191,-44594.215245514897106,-44841.593555572362675
0.03345858,0.3577621,0.24685584900000004,0.2713226502018911,0.04867734979810887,0.32,2e-09,0.6900000000000001,0.004741708793922121,0.8399246256906232,-1502.5779999999999745,-1354.0650000000000546,-1479.9866898419793415,-44032.762451770591724,-43747.069760123187734,-43989.303817126579816
0.03349452,0.1368901,0.094454169,0.2713226502018911,0.04867734979810887,0.32,2e-09,0.6900000000000001,0.004741708793922121,0.8399246256906232,-901.9601999999999862,-825.50099999999997635,-890.3294774259887845,-26453.81437310090405,-26321.145828612076002,-26433.633269515627035
0.03359655,0.0754864,0.052085616,0.2713226502018911,0.04867734979810887,0.32,2e-09,0.6900000000000001,0.004741708793922121,0.8399246256906232,-569.7397999999999456,-500.1046000000000049,-559.14712191043349776,-16570.128021026470378,-16422.744645294013026,-16547.708545604735264
0.03387392,0.0807354,0.055707426000000004,0.2713226502018911,0.04867734979810887,0.32,2e-09,0.6900000000000001,0.004741708793922121,0.8399246256906232,-612.88009999999997035,-549.01700000000005275,-603.1654548190887226,-17723.699163922661683,-17603.498578306476702,-17705.414645322733122
0.03394436,0.2171948,0.149864412,0.2713226502018911,0.04867734979810887,0.32,2e-09,0.6900000000000001,0.004741708793922121,0.8399246256906232,-1186.946999999999889,-1071.6040000000000418,-1169.4014013819896718,-34295.27360539141955,-34080.056274565889908,-34262.53545134388696
0.03410432,0.04400265,0.0303618285,0.2713226502018911,0.04867734979810887,0.32,2e-09,0.6900000000000001,0.004741708793922121,0.8399246256906232,-367.6342999999999961,-338.58030000000002246,-363.2147008717679455,-10591.567621532078192,-10547.713980691902179,-10584.896749609897597
0.03416267,0.3181578,0.219528882,0.2713226502018911,0.04867734979810887,0.32,2e-09,0.6900000000000001,0.004741708793922121,0.8399246256906232,-1452.2650000000001,-1312.18100000000004,-1430.9558816590053993,-41699.43551485564967,-41439.193769035686273,-41659.848394563930924
0.03419998,0.07051672,0.04865653680000001,0.2713226502018911,0.04867734979810887,0.32,2e-09,0.6900000000000001,0.004741708793922121,0.8399246256906232,-548.25540000000000873,-479.418200000000013,-537.7841110514925731,-15658.597005629084379,-15509.291336364476592,-15635.885117223977431
0.03451602,0.1123708,0.07753585200000002,0.2713226502018911,0.04867734979810887,0.32,2e-09,0.6900000000000001,0.004741708793922121,0.8399246256906232,-792.64179999999998927,-701.6254000000000133,-778.7966839369855734,-22468.792015944156446,-22281.913472954758618,-22440.364665297729516
0.03000347,0.01854639,0.012982473000000001,0.2713226502018911,0.04867734979810887,0.32,2e-09,0.7000000000000001,0.004810682432526005,0.853427628780287,-121.92789999999999395,-111.09919999999999618,-120.28067369450378976,-3970.8826452205835267,-3936.5850273104178996,-3965.6654041447864074
0.03001912,0.01473202,0.010312414,0.2713226502018911,0.04867734979810887,0.32,2e-09,0.7000000000000001,0.004810682432526005,0.853427628780287,-89.70089000000000112,-84.385909999999995534,-88.89239268553139084,-2923.6191093308416384,-2906.2411236893990463,-2920.9756271875448874
0.03004602,0.1135573,0.07949011,0.2713226502018911,0.04867734979810887,0.32,2e-09,0.7000000000000001,0.004810682432526005,0.853427628780287,-701.80510000000003856,-611.0366000000000213,-687.997693671407319,-22794.254324453395384,-22563.405835787194519,-22759.13840997474108
0.03010105,0.01170206,0.008191442,0.2713226502018911,0.04867734979810887,0.32,2e-09,0.7000000000000001,0.004810682432526005,0.853427628780287,-64.153980000000004225,-61.72552999999999912,-63.784572155883694222,-2082.1429256279307083,-2074.0163140809577271,-2080.9067321499765058
0.03010911,0.009295276,0.006506693200000001,0.2713226502018911,0.04867734979810887,0.32,2e-09,0.7000000000000001,0.004810682432526005,0.853427628780287,-44.72272999999999854,-43.66261000000000081,-44.561468024787586728,-1443.6442721143041581,-1440.0037241884913328,-1443.0904839116740277
0.03020899,0.3215442,0.22508094000000003,0.2713226502018911,0.04867734979810887,0.32,2e-09,0.7000000000000001,0.004810682432526005,0.853427628780287,-1310.2010000000000218,-1169.4269999999999072,-1288.7869211235031344,-42457.432478408765746,-42141.348803338580183,-42409.350867106069927
0.03023084,0.007383501,0.0051684507000000005,0.2713226502018911,0.04867734979810887,0.32,2e-09,0.7000000000000001,0.004810682432526005,0.853427628780287,-30.795809999999999462,-30.346160000000001133,-30.727410717697747344,-980.4390518176664955,-978.8627978819095006,-980.1992772420368283
0.03025905,0.1028788,0.07201516000000001,0.2713226502018911,0.04867734979810887,0.32,2e-09,0.7000000000000001,0.004810682432526005,0.853427628780287,-673.4416999999999689,-605.1671000000000049,-663.0559919171063257,-21803.597163029800868,-21647.998876573194138,-21779.92806234906675
0.03027265,0.03965632,0.027759424000000005,0.2713226502018911,0.04867734979810887,0.32,2e-09,0.7000000000000001,0.004810682432526005,0.853427628780287,-288.89210000000002765,-256.78070000000002437,-284.00741921779064114,-9327.072608539769135,-9257.796995084781884,-9316.5346295753079175
0.03034511,0.06417875,0.04492512500000001,0.2713226502018911,0.04867734979810887,0.32,2e-09,0.7000000000000001,0.004810682432526005,0.853427628780287,-459.58190000000001874,-404.1268999999999778,-451.14626739670580946,-14796.180165507270431,-14653.344857622847485,-14774.452527240360723
0.03038131,0.1063233,0.07442631000000001,0.2713226502018911,0.04867734979810887,0.32,2e-09,0.7000000000000001,0.004810682432526005,0.853427628780287,-686.69429999999999836,-609.77769999999998163,-674.9939992391210808,-22111.651331674962421,-21927.229763270999683,-22083.597727938973549
0.03040168,0.09015095,0.063105665,0.2713226502018911,0.04867734979810887,0.32,2e-09,0.7000000000000001,0.004810682432526005,0.853427628780287,-616.4774999999999636,-562.931699999999978,-608.33228863493877725,-19903.377262584908749,-19805.023814004358428,-19888.416058771137614
0.03041123,0.1526832,0.10687824,0.2713226502018911,0.04867734979810887,0.32,2e-09,0.7000000000000001,0.004810682432526005,0.853427628780287,-873.7380000000000564,-775.2902000000000271,-858.7624437579554524,-28105.66335665063525,-27874.753979325774708,-28070.538179989052878
0.03048676,0.2688421,0.18818947,0.2713226502018911,0.04867734979810887,0.32,2e-09,0.7000000000000001,0.004810682432526005,0.853427628780287,-1209.8510000000001128,-1081.2989999999999782,-1190.2960916523547894,-38856.49899895933777,-38573.07583495212748,-38813.385597411630442
0.03052409,0.05534007,0.038738049000000004,0.2713226502018911,0.04867734979810887,0.32,2e-09,0.7000000000000001,0.004810682432526005,0.853427628780287,-415.1583999999999719,-380.64280000000002246,-409.90800020408869386,-13354.543481691081979,-13283.937755661121628,-13343.803170366987615
0.03074201,0.06884686,0.048192802,0.2713226502018911,0.04867734979810887,0.32,2e-09,0.7000000000000001,0.004810682432526005,0.853427628780287,-487.60610000000002628,-422.2026000000000181,-477.65713422649810127,-15468.1684788630882395,-15299.569277370239433,-15442.521721654495195
0.0307961,0.0664871,0.04654097,0.2713226502018911,0.04867734979810887,0.32,2e-09,0.7000000000000001,0.004810682432526005,0.853427628780287,-477.12439999999998008,-416.21059999999999945,-467.8583926558372923,-15122.80873689989312,-14966.826261764697847,-15099.081194698233958
0.03084958,0.2510435,0.17573045,0.2713226502018911,0.04867734979810887,0.32,2e-09,0.7000000000000001,0.004810682432526005,0.853427628780287,-1177.9880000000000564,-1049.5060000000000855,-1158.4437398226230016,-37376.271893519733567,-37090.66080458644865,-37332.82567201278289
0.03089301,0.0368713,0.025809910000000005,0.2713226502018911,0.04867734979810887,0.32,2e-09,0.7000000000000001,0.004810682432526005,0.853427628780287,-271.06400000000002137,-237.74399999999999977,-265.9954709522718872,-8561.697407924659274,-8485.776839671872949,-8550.148620244308404
0.03098844,0.1,0.07,0.2713226502018911,0.04867734979810887,0.32,2e-09,0.7000000000000001,0.004810682432526005,0.853427628780287,-679.07000000000005,-617.29309999999998126,-669.67270071642872153,-21501.6282555124817,-21374.834829415005515,-21482.340855655456835
0.03115866,0.2783502,0.19484514,0.2713226502018911,0.04867734979810887,0.32,2e-09,0.7000000000000001,0.004810682432526005,0.853427628780287,-1258.8930000000000291,-1128.4739999999999327,-1239.0540897396263063,-39579.190916846280743,-39301.073749457253143,-39536.88464609048242
0.03116527,0.08435762,0.059050334,0.2713226502018911,0.04867734979810887,0.32,2e-09,0.7000000000000001,0.004810682432526005,0.853427628780287,-591.45019999999999527,-531.4420999999999822,-582.3219647674377484,-18591.860139294065448,-18471.906097709215828,-18573.613124163057364
0.03116618,0.05319223,0.037234561000000006,0.2713226502018911,0.04867734979810887,0.32,2e-09,0.7000000000000001,0.004810682432526005,0.853427628780287,-409.28600000000000136,-378.00159999999999627,-404.52711974367508674,-12907.0497251539818535,-12850.0349069754465745,-12898.376818128504965
0.03132609,0.1173555,0.08214885000000001,0.2713226502018911,0.04867734979810887,0.32,2e-09,0.7000000000000001,0.004810682432526005,0.853427628780287,-746.4156000000000404,-653.0285000000000082,-732.2098608333407128,-23271.235097572607629,-23051.752845419836376,-23237.848177689738804
0.03132649,0.1630669,0.11414683,0.2713226502018911,0.04867734979810887,0.32,2e-09,0.7000000000000001,0.004810682432526005,0.853427628780287,-930.223700000000008,-822.2364000000000033,-913.79702632545831875,-29038.97827783125831,-28795.389880487011396,-29001.924410255360272
0.03134015,0.04671745,0.03270221500000001,0.2713226502018911,0.04867734979810887,0.32,2e-09,0.7000000000000001,0.004810682432526005,0.853427628780287,-360.61130000000002838,-332.34080000000000155,-356.3108843204142886,-11303.326233159134063,-11257.059119662975718,-11296.28823169725365
0.03142678,0.07374089,0.05161862300000001,0.2713226502018911,0.04867734979810887,0.32,2e-09,0.7000000000000001,0.004810682432526005,0.853427628780287,-524.54139999999995325,-454.41950000000002774,-513.87468670372493307,-16279.8516575699577515,-16110.056312317534321,-16254.022946898259761
0.03149244,0.2053941,0.14377587,0.2713226502018911,0.04867734979810887,0.32,2e-09,0.7000000000000001,0.004810682432526005,0.853427628780287,-1075.3299999999999272,-956.748299999999972,-1057.2917409670174038,-33420.482116176157433,-33160.653200105596625,-33380.95779419106111
0.03154282,0.1253362,0.08773534000000001,0.2713226502018911,0.04867734979810887,0.32,2e-09,0.7000000000000001,0.004810682432526005,0.853427628780287,-793.07169999999996435,-705.7898000000000138,-779.7946638208012473,-24607.547420887018234,-24422.178185281030892,-24579.349661126390856
0.03159093,0.1987121,0.13909847,0.2713226502018911,0.04867734979810887,0.32,2e-09,0.7000000000000001,0.004810682432526005,0.853427628780287,-1061.9600000000000364,-948.45410000000003947,-1044.6938550048462275,-32918.166788777416514,-32672.28747492124603,-32880.764434500240895
0.03170811,0.02891507,0.020240549000000004,0.2713226502018911,0.04867734979810887,0.32,2e-09,0.7000000000000001,0.004810682432526005,0.853427628780287,-213.27950000000001296,-184.16190000000000282,-208.8502262484955736,-6548.3827519901251435,-6473.144156527913765,-6536.9377037725234914
0.03175142,0.05969367,0.041785569,0.2713226502018911,0.04867734979810887,0.32,2e-09,0.7000000000000001,0.004810682432526005,0.853427628780287,-457.525100000000009,-413.391399999999976,-450.8116263975474567,-14127.519534535987987,-14029.451042906319344,-14112.601677438391562
0.0318168,0.2597517,0.18182619,0.2713226502018911,0.04867734979810887,0.32,2e-09,0.7000000000000001,0.004810682432526005,0.853427628780287,-1236.7709999999999582,-1107.1630000000000109,-1217.0554563980208513,-38077.592626222103718,-37806.176911480361014,-38036.30575844964187
0.03189962,0.1429616,0.10007312,0.2713226502018911,0.04867734979810887,0.32,2e-09,0.7000000000000001,0.004810682432526005,0.853427628780287,-889.54560000000003583,-808.15850000000000364,-877.1652614507697763,-27365.739321417189785,-27206.462308412694256,-27341.510624927133904
0.03205946,0.04215104,0.029505728000000002,0.2713226502018911,0.04867734979810887,0.32,2e-09,0.7000000000000001,0.004810682432526005,0.853427628780287,-327.98110000000002628,-297.34050000000002,-323.32015248680022523,-10028.452474935851569,-9973.127966393391034,-10020.036692264820886
0.03207686,0.05750417,0.040252919000000005,0.2713226502018911,0.04867734979810887,0.32,2e-09,0.7000000000000001,0.004810682432526005,0.853427628780287,-449.53960000000000719,-410.56900000000001683,-443.6115202248681726,-13758.767218498765942,-13678.966288649531634,-13746.628162947246892
0.03220351,0.04889757,0.034228299000000004,0.2713226502018911,0.04867734979810887,0.32,2e-09,0.7000000000000001,0.004810682432526005,0.853427628780287,-389.0421000000000049,-360.79680000000001883,-384.745517661710835,-11880.196750818327928,-11836.355595855278807,-11873.527778206796938
0.03230864,0.2987966,0.20915762000000004,0.2713226502018911,0.04867734979810887,0.32,2e-09,0.7000000000000001,0.004810682432526005,0.853427628780287,-1348.1749999999999545,-1209.3070000000000164,-1327.0508555882381643,-40889.440235357957135,-40605.199422518562642,-40846.202455753322283
0.0323723,0.1685218,0.11796526000000002,0.2713226502018911,0.04867734979810887,0.32,2e-09,0.7000000000000001,0.004810682432526005,0.853427628780287,-983.3184999999999718,-877.54729999999995016,-967.22893218448200514,-29744.825962406717736,-29526.35126173966637,-29711.592307949194947
0.0323985,0.02333303,0.016333121000000003,0.2713226502018911,0.04867734979810887,0.32,2e-09,0.7000000000000001,0.004810682432526005,0.853427628780287,-172.65229999999999677,-152.88779999999999859,-169.64578912473521655,-5200.3806904818484327,-5147.4803976581015377,-5192.3336715499608545
0.03240354,0.05104948,0.03573463600000001,0.2713226502018911,0.04867734979810887,0.32,2e-09,0.7000000000000001,0.004810682432526005,0.853427628780287,-408.97449999999997772,-379.74660000000000082,-404.52844777448700597,-12415.251164757837614,-12368.599962633965333,-12408.154736994441919
0.0324792,0.1860206,0.13021442000000003,0.2713226502018911,0.04867734979810887,0.32,2e-09,0.7000000000000001,0.004810682432526005,0.853427628780287,-1059.2539999999999054,-959.69640000000003965,-1044.1096246241866083,-31998.017316335306532,-31805.524315231294167,-31968.735912746466056
0.03248095,0.2123156,0.14862092000000002,0.2713226502018911,0.04867734979810887,0.32,2e-09,0.7000000000000001,0.004810682432526005,0.853427628780287,-1130.1030000000000655,-1010.9779999999999518,-1111.9820959540634249,-34082.399500417312083,-33838.0778806133967,-34045.23409744719538
0.03251797,0.09631332,0.067419324,0.2713226502018911,0.04867734979810887,0.32,2e-09,0.7000000000000001,0.004810682432526005,0.853427628780287,-695.26300000000003365,-639.50720000000001164,-686.78161068789563615,-21015.10759455976222,-20918.263684419973288,-21000.376016779475322
0.0326315,0.2346574,0.16426018,0.2713226502018911,0.04867734979810887,0.32,2e-09,0.7000000000000001,0.004810682432526005,0.853427628780287,-1206.8299999999999272,-1088.4480000000000928,-1188.8221186756256884,-36266.42432957139681,-36032.366908843352576,-36230.82028287882713
0.03264631,0.1338591,0.09370137000000002,0.2713226502018911,0.04867734979810887,0.32,2e-09,0.7000000000000001,0.004810682432526005,0.853427628780287,-870.30769999999995434,-792.7300000000000182,-858.50683487677258654,-26172.811559255154862,-26032.62820665455365,-26151.487327722621558
0.03275554,0.1212803,0.08489621,0.2713226502018911,0.04867734979810887,0.32,2e-09,0.7000000000000001,0.004810682432526005,0.853427628780287,-799.59810000000004493,-707.4718000000000302,-785.5841495915452697,-23879.5297104073652,-23685.16523839659203,-23849.963624806136067
0.03275984,0.09954353,0.06968047100000001,0.2713226502018911,0.04867734979810887,0.32,2e-09,0.7000000000000001,0.004810682432526005,0.853427628780287,-715.274599999999964,-654.21879999999998745,-705.98699208186440046,-21446.63661262136884,-21332.959917193096771,-21429.344486786194466
0.0328347,0.08721028,0.061047196000000005,0.2713226502018911,0.04867734979810887,0.32,2e-09,0.7000000000000001,0.004810682432526005,0.853427628780287,-643.92269999999996344,-587.5727000000000544,-635.35092293398918173,-19255.448453226494166,-19158.915136979503586,-19240.76412196984893
0.03285252,0.1922578,0.13458046,0.2713226502018911,0.04867734979810887,0.32,2e-09,0.7000000000000001,0.004810682432526005,0.853427628780287,-1088.41599999999994,-982.46450000000004366,-1072.2990055402051439,-32492.563706512548379,-32283.541432219990384,-32460.767924133375345
0.03285271,0.1577894,0.11045258000000001,0.2713226502018911,0.04867734979810887,0.32,2e-09,0.7000000000000001,0.004810682432526005,0.853427628780287,-956.4117999999999711,-850.40639999999996235,-940.2866064490984854,-28497.902763465390308,-28273.023275977826415,-28463.69483385647618
0.03297886,0.1098814,0.07691698000000001,0.2713226502018911,0.04867734979810887,0.32,2e-09,0.7000000000000001,0.004810682432526005,0.853427628780287,-755.54369999999994434,-670.029700000000048,-742.5355909667640617,-22418.874998292350938,-22232.414068845562724,-22390.51117364746824
0.03300559,0.09318387,0.06522870900000001,0.2713226502018911,0.04867734979810887,0.32,2e-09,0.7000000000000001,0.004810682432526005,0.853427628780287,-687.98710000000005493,-634.58569999999997435,-679.8638542890352028,-20496.417294325965486,-20410.342222953593591,-20483.323836956929881
0.03307861,0.3472813,0.24309691000000003,0.2713226502018911,0.04867734979810887,0.32,2e-09,0.7000000000000001,0.004810682432526005,0.853427628780287,-1483.7880000000000109,-1335.2860000000000582,-1461.1983631258788137,-43978.123022151768964,-43686.586964937218,-43933.775513914908515
0.03315409,0.07889917,0.05522941900000001,0.2713226502018911,0.04867734979810887,0.32,2e-09,0.7000000000000001,0.004810682432526005,0.853427628780287,-587.2960000000000491,-519.44299999999998363,-576.9744243254654066,-17325.989086870336905,-17186.042617712129868,-17304.700889269635809
0.0333338,0.2269313,0.15885191,0.2713226502018911,0.04867734979810887,0.32,2e-09,0.7000000000000001,0.004810682432526005,0.853427628780287,-1210.5740000000000691,-1095.1140000000000327,-1193.0106037259697587,-35629.833953730936628,-35411.71248540792294,-35596.65403181831789
0.03333707,0.03351478,0.023460346000000003,0.2713226502018911,0.04867734979810887,0.32,2e-09,0.7000000000000001,0.004810682432526005,0.853427628780287,-262.47550000000001091,-229.20990000000000464,-257.41524610173757992,-7680.8075701199104515,-7607.7419005056999595,-7669.693060251022871
0.03336255,0.3098468,0.21689276000000002,0.2713226502018911,0.04867734979810887,0.32,2e-09,0.7000000000000001,0.004810682432526005,0.853427628780287,-1417.0979999999999563,-1276.7470000000000709,-1395.748266495267444,-41651.67252703037957,-41380.525414441151952,-41610.426518135835067
0.03337925,0.2426873,0.16988111,0.2713226502018911,0.04867734979810887,0.32,2e-09,0.7000000000000001,0.004810682432526005,0.853427628780287,-1252.7789999999999964,-1128.2449999999998909,-1233.8352966257571097,-36801.81235387331253,-36558.79395392673905,-36764.84519243088289
0.0334038,0.394152,0.27590640000000005,0.2713226502018911,0.04867734979810887,0.32,2e-09,0.7000000000000001,0.004810682432526005,0.853427628780287,-1588.0930000000000746,-1431.0619999999998981,-1564.2059596370411327,-46621.71074346642854,-46318.67257356297341,-46575.613571595895337
0.03348635,0.06191628,0.043341396000000004,0.2713226502018911,0.04867734979810887,0.32,2e-09,0.7000000000000001,0.004810682432526005,0.853427628780287,-494.28579999999999472,-444.24680000000000746,-486.67403154203879012,-14467.074108472019361,-14360.046519432873538,-14450.793422879185528
0.03355086,0.4344262,0.30409834,0.2713226502018911,0.04867734979810887,0.32,2e-09,0.7000000000000001,0.004810682432526005,0.853427628780287,-1665.2429999999999382,-1501.4809999999999945,-1640.3320620073814098,-48677.15352948170039,-48363.577488756178354,-48629.453371285751928
0.03355179,0.1799912,0.12599384,0.2713226502018911,0.04867734979810887,0.32,2e-09,0.7000000000000001,0.004810682432526005,0.853427628780287,-1071.275000000000091,-973.11599999999998545,-1056.3433750661481554,-31341.714205584088631,-31163.463661743960984,-31314.59931785218214
0.03355813,0.1295276,0.09066932,0.2713226502018911,0.04867734979810887,0.32,2e-09,0.7000000000000001,0.004810682432526005,0.853427628780287,-868.62360000000001037,-786.70719999999994343,-856.1627460718692646,-25397.367802127275354,-25249.063951745993108,-25374.8083071228466
0.03356774,1.171418,0.8199926000000002,0.2713226502018911,0.04867734979810887,0.32,2e-09,0.7000000000000001,0.004810682432526005,0.853427628780287,-2417.5889999999999418,-2180.3389999999999418,-2381.4993086262456927,-70636.11529155859898,-70183.01073451724369,-70567.19051337665587
0.03357514,0.9317541,0.65222787,0.2713226502018911,0.04867734979810887,0.32,2e-09,0.7000000000000001,0.004810682432526005,0.853427628780287,-2239.8760000000002037,-2020.0779999999999745,-2206.4410495908600751,-65429.473821847153886,-65009.835162004361337,-65365.639766115971725
0.03357613,0.4885364,0.34197548,0.2713226502018911,0.04867734979810887,0.32,2e-09,0.7000000000000001,0.004810682432526005,0.853427628780287,-1752.1769999999999072,-1580.0740000000000691,-1725.9972564615500232,-51180.88393605084275,-50851.95165220382478,-51130.847836548615305
0.03358339,0.7553357,0.5287349900000001,0.2713226502018911,0.04867734979810887,0.32,2e-09,0.7000000000000001,0.004810682432526005,0.853427628780287,-2079.1260000000002037,-1875.1110000000001037,-2048.091907752933821,-60718.959394183730183,-60329.492363286219188,-60659.714947628010123
0.03359148,0.6438863,0.45072041000000007,0.2713226502018911,0.04867734979810887,0.32,2e-09,0.7000000000000001,0.004810682432526005,0.853427628780287,-1958.5440000000000964,-1766.3699999999998909,-1929.3111218121819093,-57183.713207965134643,-56816.92149129450263,-57127.918055791924417
0.03359536,0.5737156,0.40160092000000003,0.2713226502018911,0.04867734979810887,0.32,2e-09,0.7000000000000001,0.004810682432526005,0.853427628780287,-1872.23700000000008,-1688.5219999999999345,-1844.2908771307513689,-54657.439634409485734,-54306.79610434645292,-54604.100891386602598
0.03359888,0.5251691,0.3676183700000001,0.2713226502018911,0.04867734979810887,0.32,2e-09,0.7000000000000001,0.004810682432526005,0.853427628780287,-1806.7229999999999563,-1629.4320000000000164,-1779.7540749279482952,-52739.344840906407626,-52400.937733615784964,-52687.867462357178738
0.03364756,0.4591126,0.32137882,0.2713226502018911,0.04867734979810887,0.32,2e-09,0.7000000000000001,0.004810682432526005,0.853427628780287,-1710.34699999999998,-1542.7639999999998963,-1684.8548240274483305,-49855.193229850112402,-49535.980485082400264,-49806.63563473425893
0.03365131,0.2883181,0.20182267000000004,0.2713226502018911,0.04867734979810887,0.32,2e-09,0.7000000000000001,0.004810682432526005,0.853427628780287,-1379.9169999999999163,-1244.3949999999999818,-1359.3018381270644568,-40217.419060883534257,-39957.9687347468207,-40177.952328756691713
0.03371524,0.1477424,0.10341968000000001,0.2713226502018911,0.04867734979810887,0.32,2e-09,0.7000000000000001,0.004810682432526005,0.853427628780287,-953.67999999999995,-863.8392000000000053,-940.01371235080637234,-27756.895763273911143,-27585.148499983308284,-27730.770133236208494
0.03372753,0.3339826,0.23378782000000004,0.2713226502018911,0.04867734979810887,0.32,2e-09,0.7000000000000001,0.004810682432526005,0.853427628780287,-1485.6169999999999618,-1340.2860000000000582,-1463.5097252390344238,-43203.20875630842056,-42926.78758254443528,-43161.160474536816764
0.03373722,0.4130628,0.28914396000000003,0.2713226502018911,0.04867734979810887,0.32,2e-09,0.7000000000000001,0.004810682432526005,0.853427628780287,-1637.8720000000000709,-1477.8610000000001037,-1613.5316518170461677,-47618.133481237702654,-47314.696505385509226,-47571.975644315083628
0.03376936,0.07628471,0.05339929700000001,0.2713226502018911,0.04867734979810887,0.32,2e-09,0.7000000000000001,0.004810682432526005,0.853427628780287,-579.3587999999999738,-509.26679999999998927,-568.6966349935967173,-16769.52107028887258,-16622.605640080404555,-16747.17277720450511
0.03379417,0.3615944,0.25311608,0.2713226502018911,0.04867734979810887,0.32,2e-09,0.7000000000000001,0.004810682432526005,0.853427628780287,-1544.8230000000000928,-1394.1849999999999454,-1521.9084418159764027,-44838.696382752597856,-44553.849457206721127,-44795.366403272244497
0.03380426,0.3771255,0.26398785,0.2713226502018911,0.04867734979810887,0.32,2e-09,0.7000000000000001,0.004810682432526005,0.853427628780287,-1575.4519999999999982,-1421.8369999999999891,-1552.084590346135883,-45714.161280216067098,-45423.532439139249618,-45669.951774720706453
0.03386035,0.08158869,0.05711208300000001,0.2713226502018911,0.04867734979810887,0.32,2e-09,0.7000000000000001,0.004810682432526005,0.853427628780287,-619.91809999999998126,-555.46469999999999345,-610.1136603203830191,-17937.663127652092953,-17816.273968021869223,-17919.197807073909644
0.03397554,0.1741608,0.12191256000000002,0.2713226502018911,0.04867734979810887,0.32,2e-09,0.7000000000000001,0.004810682432526005,0.853427628780287,-1058.0699999999999363,-956.737700000000018,-1042.6556630845407199,-30553.463598057238414,-30367.441837288075476,-30525.166578310298064
0.0340963,0.1383355,0.09683485000000001,0.2713226502018911,0.04867734979810887,0.32,2e-09,0.7000000000000001,0.004810682432526005,0.853427628780287,-931.18020000000001346,-853.8221999999999525,-919.4127549197434064,-26841.742794772544585,-26711.357606236786523,-26821.909027801146294
0.03413091,0.2194897,0.15364279000000003,0.2713226502018911,0.04867734979810887,0.32,2e-09,0.7000000000000001,0.004810682432526005,0.853427628780287,-1212.8550000000000182,-1096.0,-1195.0794009041935624,-34862.6228887453035,-34646.701305107322696,-34829.777606071213086
0.03421816,0.04448221,0.031137547000000005,0.2713226502018911,0.04867734979810887,0.32,2e-09,0.7000000000000001,0.004810682432526005,0.853427628780287,-372.03710000000000946,-342.73579999999998336,-367.5798824073770561,-10684.939318057438868,-10640.76765699709722,-10678.220069943070484
0.03447768,0.07126316,0.04988421200000001,0.2713226502018911,0.04867734979810887,0.32,2e-09,0.7000000000000001,0.004810682432526005,0.853427628780287,-559.0279000000000451,-489.87749999999999773,-548.50896809537766785,-15844.727257493306752,-15697.030853482761813,-15822.260165237230467
0.03003028,0.2218004,0.15747828400000002,0.2713226502018911,0.04867734979810887,0.32,2e-09,0.7100000000000001,0.00487750206659719,0.8669154640152471,-1087.0920000000000982,-969.7382000000000062,-1069.2405250851959408,-35438.62279292432504,-35174.351395892037544,-35398.422695315020974
0.03005183,0.01186625,0.008425037500000001,0.2713226502018911,0.04867734979810887,0.32,2e-09,0.7100000000000001,0.00487750206659719,0.8669154640152471,-64.3740099999999984,-61.942619999999998015,-64.00415493273241907,-2092.9709163160641765,-2084.8470970248054073,-2091.7351475868854322
0.03006568,0.01493872,0.010606491200000002,0.2713226502018911,0.04867734979810887,0.32,2e-09,0.7100000000000001,0.00487750206659719,0.8669154640152471,-90.38003999999999394,-85.05649999999999977,-89.570240566424288886,-2941.8275739785835867,-2924.534377030556243,-2939.1969896130622146
0.03009822,0.09109979,0.0646808509,0.2713226502018911,0.04867734979810887,0.32,2e-09,0.7100000000000001,0.00487750206659719,0.8669154640152471,-617.77300000000002456,-563.6049000000000433,-609.53312640125329835,-20146.072537851945526,-20044.774855018149537,-20130.663466786198114
0.03011039,0.0188066,0.013352686,0.2713226502018911,0.04867734979810887,0.32,2e-09,0.7100000000000001,0.00487750206659719,0.8669154640152471,-123.23040000000000305,-112.383300000000005525,-121.58037474689041346,-4000.2297433160724722,-3966.2003531751029186,-3995.053304168233808
0.03012097,0.009425696,0.006692244160000001,0.2713226502018911,0.04867734979810887,0.32,2e-09,0.7100000000000001,0.00487750206659719,0.8669154640152471,-44.924289999999999168,-43.86285000000000167,-44.7628272307196724,-1449.8032253750905056,-1446.176527975195313,-1449.2515440690071955
0.03016096,0.07201473,0.05113045830000001,0.2713226502018911,0.04867734979810887,0.32,2e-09,0.7100000000000001,0.00487750206659719,0.8669154640152471,-496.22280000000000655,-427.5051000000000272,-485.7696889993077889,-16035.754596258369929,-15855.223725863146683,-16008.292832734663534
0.0302249,0.1308904,0.092932184,0.2713226502018911,0.04867734979810887,0.32,2e-09,0.7100000000000001,0.00487750206659719,0.8669154640152471,-794.81569999999999254,-712.4615999999999758,-782.2882645843485534,-25758.132647729973542,-25582.476642534093116,-25731.412432701665239
0.03023157,0.139791,0.09925161,0.2713226502018911,0.04867734979810887,0.32,2e-09,0.7100000000000001,0.00487750206659719,0.8669154640152471,-839.224399999999946,-761.58950000000004366,-827.41483380049612606,-27234.166536510059814,-27076.769231116533774,-27210.223774972804677
0.0302903,0.007487097,0.005315838870000001,0.2713226502018911,0.04867734979810887,0.32,2e-09,0.7100000000000001,0.00487750206659719,0.8669154640152471,-30.955980000000000274,-30.50578000000000145,-30.887497053502784183,-983.79647445839646025,-982.2309334507715448,-983.55832949823559375
0.03034169,0.1759933,0.12495524300000001,0.2713226502018911,0.04867734979810887,0.32,2e-09,0.7100000000000001,0.00487750206659719,0.8669154640152471,-961.39390000000003056,-859.5542000000000371,-945.90237906176730576,-31028.809843221813935,-30806.118894269766315,-30994.934826912402059
0.03035228,0.04009668,0.028468642800000006,0.2713226502018911,0.04867734979810887,0.32,2e-09,0.7100000000000001,0.00487750206659719,0.8669154640152471,-292.0695999999999799,-259.83030000000002246,-287.16546348954318546,-9407.573691015048098,-9338.313433108070967,-9397.038047886157074
0.03038818,0.1039612,0.07381245200000001,0.2713226502018911,0.04867734979810887,0.32,2e-09,0.7100000000000001,0.00487750206659719,0.8669154640152471,-685.1248000000000502,-616.3425999999999476,-674.6618774709891113,-22094.746499133339967,-21939.500029211762012,-22071.130915629295487
0.03052027,0.3249534,0.23071691400000002,0.2713226502018911,0.04867734979810887,0.32,2e-09,0.7100000000000001,0.00487750206659719,0.8669154640152471,-1346.5419999999999163,-1203.849999999999909,-1324.8361612581506961,-43208.426051655987976,-42893.639466743930825,-43160.541749451251235
0.0305942,0.1147521,0.08147399100000001,0.2713226502018911,0.04867734979810887,0.32,2e-09,0.7100000000000001,0.00487750206659719,0.8669154640152471,-724.0800000000000409,-632.51520000000004984,-710.15146312876913726,-23111.61143145234746,-22885.767141900818388,-23077.256739319829649
0.03059917,0.06485705,0.0460485055,0.2713226502018911,0.04867734979810887,0.32,2e-09,0.7100000000000001,0.00487750206659719,0.8669154640152471,-468.33740000000000236,-412.67489999999997963,-459.8702031776961121,-14959.655953692898038,-14818.64425215049414,-14938.205716437878436
0.03060979,0.107442,0.07628382,0.2713226502018911,0.04867734979810887,0.32,2e-09,0.7100000000000001,0.00487750206659719,0.8669154640152471,-701.0018999999999778,-623.54110000000002856,-689.21881732112069585,-22413.10902002307921,-22230.114641326494166,-22385.27251570151202
0.03061514,0.05592823,0.0397090433,0.2713226502018911,0.04867734979810887,0.32,2e-09,0.7100000000000001,0.00487750206659719,0.8669154640152471,-420.35649999999998272,-385.57999999999998408,-415.06641295233140454,-13484.654169395449571,-13413.918064044471976,-13473.89402519693067
0.0307438,0.2716785,0.192891735,0.2713226502018911,0.04867734979810887,0.32,2e-09,0.7100000000000001,0.00487750206659719,0.8669154640152471,-1240.3940000000000055,-1110.1349999999999909,-1220.5794284145254096,-39519.402500232463353,-39236.397291478970146,-39476.35267666627624
0.03080598,0.1542896,0.10954561600000001,0.2713226502018911,0.04867734979810887,0.32,2e-09,0.7100000000000001,0.00487750206659719,0.8669154640152471,-898.05740000000002965,-798.6291999999999689,-882.93270852751140865,-28532.171188478274416,-28304.154967414855491,-28497.486109252189635
0.03090725,0.2536895,0.18011954500000002,0.2713226502018911,0.04867734979810887,0.32,2e-09,0.7100000000000001,0.00487750206659719,0.8669154640152471,-1199.7599999999999909,-1069.6230000000000473,-1179.9639866541358515,-38005.7189255122139,-37717.605433749733493,-37961.892046699467755
0.03098642,0.06957337,0.0493970927,0.2713226502018911,0.04867734979810887,0.32,2e-09,0.7100000000000001,0.00487750206659719,0.8669154640152471,-496.92079999999998563,-431.2599999999999909,-486.93269459492597662,-15646.741085943167491,-15480.07980122644949,-15621.389118274548309
0.03099396,0.03729089,0.026476531900000003,0.2713226502018911,0.04867734979810887,0.32,2e-09,0.7100000000000001,0.00487750206659719,0.8669154640152471,-274.22280000000000655,-240.84549999999998704,-269.14555466432369712,-8636.212762633778766,-8560.6797989642018365,-8624.722936090553048
0.03103407,0.08524577,0.060524496700000006,0.2713226502018911,0.04867734979810887,0.32,2e-09,0.7100000000000001,0.00487750206659719,0.8669154640152471,-595.9376999999999498,-535.30740000000002965,-586.71481774542405674,-18813.914272885547689,-18691.776164143262577,-18795.33502462639808
0.03106707,0.0671892,0.04770433200000001,0.2713226502018911,0.04867734979810887,0.32,2e-09,0.7100000000000001,0.00487750206659719,0.8669154640152471,-486.5384999999999991,-425.39949999999998909,-477.23823597091688953,-15294.031234343485266,-15140.12224337153566,-15270.619103747811096
0.03127413,0.05375885,0.038168783500000004,0.2713226502018911,0.04867734979810887,0.32,2e-09,0.7100000000000001,0.00487750206659719,0.8669154640152471,-414.49270000000001346,-382.92309999999997672,-409.69043605566753286,-13028.897777170739573,-12971.602926602696243,-13020.18227253720579
0.03149485,0.04722076,0.0335267396,0.2713226502018911,0.04867734979810887,0.32,2e-09,0.7100000000000001,0.00487750206659719,0.8669154640152471,-365.49619999999998754,-336.94420000000002346,-361.1529634642636779,-11402.714776577709927,-11356.103603496692813,-11395.624437900944031
0.03150552,0.2812889,0.19971511900000002,0.2713226502018911,0.04867734979810887,0.32,2e-09,0.7100000000000001,0.00487750206659719,0.8669154640152471,-1294.3119999999998981,-1162.2119999999999891,-1274.2173815364681104,-40262.135675992212782,-39985.782172949271626,-40220.097688068606658
0.03162619,0.07451821,0.05290792910000001,0.2713226502018911,0.04867734979810887,0.32,2e-09,0.7100000000000001,0.00487750206659719,0.8669154640152471,-533.88189999999997326,-463.38360000000000127,-523.15792997102482786,-16472.082472607555246,-16303.440304702520734,-16446.429179489350645
0.03170064,0.02929917,0.020802410700000003,0.2713226502018911,0.04867734979810887,0.32,2e-09,0.7100000000000001,0.00487750206659719,0.8669154640152471,-215.17210000000000036,-186.06700000000000728,-210.74472770747206596,-6610.173827676499968,-6535.226075188465984,-6598.7730215376186607
0.03186024,0.2075559,0.147364689,0.2713226502018911,0.04867734979810887,0.32,2e-09,0.7100000000000001,0.00487750206659719,0.8669154640152471,-1104.9539999999999509,-984.8506999999999607,-1086.684280168727355,-33959.623103439873375,-33701.484094058752817,-33920.35584451429895
0.03189569,0.1647825,0.116995575,0.2713226502018911,0.04867734979810887,0.32,2e-09,0.7100000000000001,0.00487750206659719,0.8669154640152471,-960.98040000000003147,-851.6375000000000455,-944.3475169023761282,-29480.630099580503156,-29241.081415518699941,-29444.190739931273129
0.03194806,0.1185903,0.084199113,0.2713226502018911,0.04867734979810887,0.32,2e-09,0.7100000000000001,0.00487750206659719,0.8669154640152471,-771.3451999999999771,-677.024599999999964,-756.9974598769764498,-23595.681029843883152,-23381.094455423877662,-23563.038824390692753
0.03194924,0.06032598,0.042831445800000006,0.2713226502018911,0.04867734979810887,0.32,2e-09,0.7100000000000001,0.00487750206659719,0.8669154640152471,-465.01069999999998572,-420.65929999999997335,-458.2641105880129544,-14274.532411723814221,-14177.245507985458971,-14259.733447211167004
0.03204692,0.2008033,0.14257034300000002,0.2713226502018911,0.04867734979810887,0.32,2e-09,0.7100000000000001,0.00487750206659719,0.8669154640152471,-1094.1110000000001037,-979.2645999999999731,-1076.6409425442077463,-33448.853705722183804,-33206.00449336199381,-33411.912280540142092
0.03206053,0.2624907,0.18636839700000005,0.2713226502018911,0.04867734979810887,0.32,2e-09,0.7100000000000001,0.00487750206659719,0.8669154640152471,-1266.8569999999999709,-1135.4710000000000036,-1246.8709928732050685,-38720.77051033781754,-38449.183790883493202,-38679.457629889693635
0.03213575,0.04261244,0.030254832400000004,0.2713226502018911,0.04867734979810887,0.32,2e-09,0.7100000000000001,0.00487750206659719,0.8669154640152471,-331.52490000000000236,-300.69170000000002574,-326.83465480689045535,-10114.987937205431081,-10059.426574653309217,-10106.536125079775957
0.03222086,0.05811421,0.0412610891,0.2713226502018911,0.04867734979810887,0.32,2e-09,0.7100000000000001,0.00487750206659719,0.8669154640152471,-455.9807999999999879,-416.77240000000000464,-450.01654686929941818,-13897.308212990799802,-13817.769711679404281,-13885.2090772071987885
0.03231685,0.100591,0.07141961000000001,0.2713226502018911,0.04867734979810887,0.32,2e-09,0.7100000000000001,0.00487750206659719,0.8669154640152471,-714.8250000000000455,-653.3038999999999987,-705.46661217292364654,-21726.52780067106869,-21609.862785061272007,-21708.781101377193409
0.0323317,0.0236593,0.016798103,0.2713226502018911,0.04867734979810887,0.32,2e-09,0.7100000000000001,0.00487750206659719,0.8669154640152471,-173.76009999999999422,-153.98109999999999786,-170.75138343232248417,-5245.7028836920053436,-5192.797798897033317,-5237.6551358211818297
0.03237198,0.04942184,0.035089506400000005,0.2713226502018911,0.04867734979810887,0.32,2e-09,0.7100000000000001,0.00487750206659719,0.8669154640152471,-394.49579999999997426,-365.95069999999998345,-390.15361306961870014,-11986.620891188502355,-11942.442099895342835,-11979.900558446517607
0.03237733,0.181885,0.12913835,0.2713226502018911,0.04867734979810887,0.32,2e-09,0.7100000000000001,0.00487750206659719,0.8669154640152471,-1050.3730000000000473,-951.30589999999995143,-1035.3032378744242124,-31831.859954049621592,-31641.694347814453067,-31802.932586129998526
0.03239045,0.09732683,0.06910204930000001,0.2713226502018911,0.04867734979810887,0.32,2e-09,0.7100000000000001,0.00487750206659719,0.8669154640152471,-701.2544000000000324,-644.94489999999996144,-692.68878366107310285,-21282.128559771848813,-21183.78710455885448,-21267.169180349792441
0.03242525,0.1444657,0.10257064700000001,0.2713226502018911,0.04867734979810887,0.32,2e-09,0.7100000000000001,0.00487750206659719,0.8669154640152471,-917.0747000000000071,-834.83770000000004075,-904.56507745204032744,-27769.020565072740283,-27612.502006382332183,-27745.211475600022823
0.03255164,0.1702949,0.12090937900000001,0.2713226502018911,0.04867734979810887,0.32,2e-09,0.7100000000000001,0.00487750206659719,0.8669154640152471,-1003.55100000000004457,-896.4494999999999436,-987.2590713143682706,-30198.632775905025483,-29979.465347605681018,-30165.29374599352741
0.03259566,0.05159482,0.036632322200000005,0.2713226502018911,0.04867734979810887,0.32,2e-09,0.7100000000000001,0.00487750206659719,0.8669154640152471,-415.07920000000001437,-385.54930000000001655,-410.5872085256150399,-12529.162377460124844,-12482.2929376179581595,-12522.032752091254224
0.03261499,0.3019567,0.21438925700000003,0.2713226502018911,0.04867734979810887,0.32,2e-09,0.7100000000000001,0.00487750206659719,0.8669154640152471,-1384.1099999999999,-1243.3099999999999454,-1362.6919660888318049,-41600.798658260362572,-41317.161807912962104,-41557.652751447873015
0.03263497,0.08812831,0.06257110010000001,0.2713226502018911,0.04867734979810887,0.32,2e-09,0.7100000000000001,0.00487750206659719,0.8669154640152471,-647.67480000000000473,-590.6798000000000002,-639.00490765080246547,-19487.143857331695472,-19388.37440057026106,-19472.119371718737966
0.03269067,0.09416454,0.06685682340000002,0.2713226502018911,0.04867734979810887,0.32,2e-09,0.7100000000000001,0.00487750206659719,0.8669154640152471,-689.8807000000000471,-635.8875000000000455,-681.6674316152523261,-20750.991638787079864,-20662.552611251252529,-20737.538584164682106
0.03272669,0.2145505,0.15233085500000001,0.2713226502018911,0.04867734979810887,0.32,2e-09,0.7100000000000001,0.00487750206659719,0.8669154640152471,-1156.6569999999999254,-1035.9429999999999836,-1138.2943824889719053,-34632.95122341512615,-34388.47122582996235,-34595.761728536708688
0.03272929,0.1266549,0.089924979,0.2713226502018911,0.04867734979810887,0.32,2e-09,0.7100000000000001,0.00487750206659719,0.8669154640152471,-833.5830999999999449,-745.10619999999994434,-820.1242843426489344,-24949.219027486786217,-24771.963725430716295,-24922.255532668808883
0.03298674,0.1225563,0.08701497300000001,0.2713226502018911,0.04867734979810887,0.32,2e-09,0.7100000000000001,0.00487750206659719,0.8669154640152471,-816.18849999999997635,-723.1032000000000153,-802.0286696588690347,-24212.558290523011237,-24018.527686851521139,-24183.042991877835448
0.03303062,0.237129,0.16836159000000003,0.2713226502018911,0.04867734979810887,0.32,2e-09,0.7100000000000001,0.00487750206659719,0.8669154640152471,-1241.4710000000000036,-1121.6720000000000255,-1223.2475692860509753,-36872.697766075187246,-36640.78693115389615,-36837.42025097070291
0.03310084,0.1352675,0.09603992500000003,0.2713226502018911,0.04867734979810887,0.32,2e-09,0.7100000000000001,0.00487750206659719,0.8669154640152471,-894.57749999999998636,-816.0199000000000069,-882.62757570468772883,-26544.076399276953452,-26405.158190851605468,-26522.944617324301362
0.03323731,0.07973026,0.0566084846,0.2713226502018911,0.04867734979810887,0.32,2e-09,0.7100000000000001,0.00487750206659719,0.8669154640152471,-595.60990000000003874,-527.23279999999999745,-585.20859995349917426,-17531.858592571999907,-17391.51494922798156,-17510.509978137630242
0.03328808,0.1110375,0.07883662500000001,0.2713226502018911,0.04867734979810887,0.32,2e-09,0.7100000000000001,0.00487750206659719,0.8669154640152471,-772.8449000000000524,-686.7060999999999922,-759.7417484412833346,-22729.123681929981103,-22544.524463052970532,-22701.043054587062215
0.03330945,0.1942809,0.13793943900000002,0.2713226502018911,0.04867734979810887,0.32,2e-09,0.7100000000000001,0.00487750206659719,0.8669154640152471,-1120.7200000000000273,-1013.6050000000000182,-1104.4260177386736359,-33013.380327706676326,-32807.044892896279634,-32981.993258531641914
0.0333955,0.350977,0.24919367,0.2713226502018911,0.04867734979810887,0.32,2e-09,0.7100000000000001,0.00487750206659719,0.8669154640152471,-1524.2319999999999709,-1373.61200000000008,-1501.320179916902589,-44764.929494734024047,-44473.941931240362464,-44720.665421561898256
0.03343471,0.03391545,0.024079969500000003,0.2713226502018911,0.04867734979810887,0.32,2e-09,0.7100000000000001,0.00487750206659719,0.8669154640152471,-265.49689999999998236,-232.23810000000000286,-260.43768049542075005,-7749.348427144780544,-7676.84719931964446,-7738.319778308416062
0.03356863,0.187978,0.13346438000000002,0.2713226502018911,0.04867734979810887,0.32,2e-09,0.7100000000000001,0.00487750206659719,0.8669154640152471,-1111.2210000000000036,-1010.42200000000002547,-1095.8877869303137231,-32503.709535335787223,-32318.972575908748695,-32475.60795535244688
0.03357247,0.1594495,0.11320914500000001,0.2713226502018911,0.04867734979810887,0.32,2e-09,0.7100000000000001,0.00487750206659719,0.8669154640152471,-991.60009999999999764,-884.37170000000003256,-975.2888677028388429,-28931.265309789170715,-28711.713419424653694,-28897.867796770078712
0.03366065,0.3131275,0.22232052500000002,0.2713226502018911,0.04867734979810887,0.32,2e-09,0.7100000000000001,0.00487750206659719,0.8669154640152471,-1454.2850000000000819,-1311.9819999999999709,-1432.6383346614991297,-42381.357582723285304,-42110.557436831681116,-42340.164353264081
0.03373459,0.3983865,0.282854415,0.2713226502018911,0.04867734979810887,0.32,2e-09,0.7100000000000001,0.00487750206659719,0.8669154640152471,-1632.5419999999999163,-1473.2260000000001128,-1608.3073729361387905,-47474.586770405810967,-47172.26197823468101,-47428.598115214699646
0.03375242,0.06257133,0.044425644300000004,0.2713226502018911,0.04867734979810887,0.32,2e-09,0.7100000000000001,0.00487750206659719,0.8669154640152471,-503.3731000000000222,-453.12759999999997262,-495.72991943974722062,-14622.455230771618517,-14516.677388005717148,-14606.364652480351651
0.03381265,0.2452443,0.174123453,0.2713226502018911,0.04867734979810887,0.32,2e-09,0.7100000000000001,0.00487750206659719,0.8669154640152471,-1289.8079999999999927,-1163.7100000000000364,-1270.626386078618907,-37420.428699539261288,-37179.671064439302427,-37383.805438225739636
0.03382076,0.2293209,0.16281783900000002,0.2713226502018911,0.04867734979810887,0.32,2e-09,0.7100000000000001,0.00487750206659719,0.8669154640152471,-1247.9600000000000364,-1131.0380000000000109,-1230.1742090840796209,-36217.81534062202263,-36002.26706407691381,-36185.026844197753235
0.03384271,0.08244787,0.05853798770000001,0.2713226502018911,0.04867734979810887,0.32,2e-09,0.7100000000000001,0.00487750206659719,0.8669154640152471,-626.8605999999999767,-561.82129999999995107,-616.9670351352369835,-18151.131824840264017,-18028.546693157673872,-18132.484576918512175
0.03389251,0.4391491,0.31179586100000006,0.2713226502018911,0.04867734979810887,0.32,2e-09,0.7100000000000001,0.00487750206659719,0.8669154640152471,-1712.8589999999999236,-1546.6739999999999782,-1687.5794831993787284,-49583.23760139508522,-49270.465409491414903,-49535.659722043783404
0.03391401,1.187854,0.8433763400000001,0.2713226502018911,0.04867734979810887,0.32,2e-09,0.7100000000000001,0.00487750206659719,0.8669154640152471,-2494.4510000000000218,-2252.9710000000000036,-2457.7178549086020212,-72165.41958953108406,-71712.15568574196368,-72096.47057204482553
0.0339182,0.4939686,0.350717706,0.2713226502018911,0.04867734979810887,0.32,2e-09,0.7100000000000001,0.00487750206659719,0.8669154640152471,-1802.9849999999999,-1628.2680000000000291,-1776.4076233603866513,-52153.76986169502925,-51825.530961380827648,-52103.83923742020852
0.03392154,0.9447505,0.6707728550000001,0.2713226502018911,0.04867734979810887,0.32,2e-09,0.7100000000000001,0.00487750206659719,0.8669154640152471,-2310.29300000000012,-2086.6529999999997926,-2276.273617159846708,-66822.89338212266739,-66403.26879963513056,-66759.061467792562325
0.03392924,0.76536,0.5434056,0.2713226502018911,0.04867734979810887,0.32,2e-09,0.7100000000000001,0.00487750206659719,0.8669154640152471,-2143.2480000000000473,-1935.7850000000000819,-2111.6894093088590125,-61977.311982102160982,-61588.09083303027728,-61918.104938282798685
0.03393416,0.07708853,0.05473285630000001,0.2713226502018911,0.04867734979810887,0.32,2e-09,0.7100000000000001,0.00487750206659719,0.8669154640152471,-588.894800000000032,-518.3509999999999991,-578.1639086603505575,-16968.428881900257693,-16821.934521560706344,-16946.1446405824463
0.03393652,0.6518258,0.46279631800000004,0.2713226502018911,0.04867734979810887,0.32,2e-09,0.7100000000000001,0.00487750206659719,0.8669154640152471,-2017.6349999999999909,-1822.3379999999999654,-1987.9270613014959963,-58332.436197882314445,-57966.101925854352885,-58276.710630686866352
0.03393975,0.5804332,0.41210757200000003,0.2713226502018911,0.04867734979810887,0.32,2e-09,0.7100000000000001,0.00487750206659719,0.8669154640152471,-1927.7860000000000582,-1741.1730000000000018,-1899.3990428816421172,-55729.42001571360015,-55379.368551897488942,-55676.171335865103174
0.03394343,0.5311265,0.377099815,0.2713226502018911,0.04867734979810887,0.32,2e-09,0.7100000000000001,0.00487750206659719,0.8669154640152471,-1859.7080000000000837,-1679.6800000000000637,-1832.3227314704563469,-53755.570908777677687,-53417.807412900190684,-53704.191434284359275
0.03399459,0.4641504,0.32954678400000004,0.2713226502018911,0.04867734979810887,0.32,2e-09,0.7100000000000001,0.00487750206659719,0.8669154640152471,-1759.7870000000000346,-1589.6990000000000691,-1733.9137716485602141,-50792.140438003822055,-50473.78544054255326,-50743.713320593204116
0.03404515,0.2913645,0.20686879500000005,0.2713226502018911,0.04867734979810887,0.32,2e-09,0.7100000000000001,0.00487750206659719,0.8669154640152471,-1419.7110000000000127,-1282.3910000000000764,-1398.8223322678863951,-40915.40098132519779,-40657.64865621354693,-40876.1925435416415
0.0340866,0.4175231,0.296441401,0.2713226502018911,0.04867734979810887,0.32,2e-09,0.7100000000000001,0.00487750206659719,0.8669154640152471,-1684.7339999999999236,-1522.3910000000000764,-1660.0389156303924665,-48497.128782681189477,-48194.625847617149702,-48451.113028977852082
0.03409815,0.3375296,0.23964601600000002,0.2713226502018911,0.04867734979810887,0.32,2e-09,0.7100000000000001,0.00487750206659719,0.8669154640152471,-1528.0760000000000218,-1380.7349999999999,-1505.6629706356150109,-43972.40899275494303,-43697.29880633638095,-43930.560134075814858
0.03413364,0.3654519,0.259470849,0.2713226502018911,0.04867734979810887,0.32,2e-09,0.7100000000000001,0.00487750206659719,0.8669154640152471,-1587.8840000000000146,-1435.1099999999999,-1564.6445205060740591,-45647.414232016504684,-45363.430703119294776,-45604.21558960078255
0.03416574,0.3811612,0.270624452,0.2713226502018911,0.04867734979810887,0.32,2e-09,0.7100000000000001,0.00487750206659719,0.8669154640152471,-1620.6189999999999145,-1464.8170000000000073,-1596.9189110836093732,-46545.383938310485973,-46255.900880118322675,-46501.34872554721369
0.03420283,0.1492968,0.10600072800000002,0.2713226502018911,0.04867734979810887,0.32,2e-09,0.7100000000000001,0.00487750206659719,0.8669154640152471,-981.537900000000036,-890.82910000000003947,-967.7395750394790639,-28173.611031812022702,-28004.481690965105372,-28147.883631544740638
0.03428118,0.04496459,0.031924858900000005,0.2713226502018911,0.04867734979810887,0.32,2e-09,0.7100000000000001,0.00487750206659719,0.8669154640152471,-375.89409999999998035,-346.3487999999999829,-371.39976592815600043,-10777.7337857035090565,-10733.159061435439071,-10770.953224936785773
0.03454328,0.1,0.07100000000000001,0.2713226502018911,0.04867734979810887,0.32,2e-09,0.7100000000000001,0.00487750206659719,0.8669154640152471,-760.50530000000003383,-699.87419999999997344,-751.2822960520495599,-21651.565729463563912,-21549.333508414474636,-21636.014499511551548
0.03000535,0.6597952,0.4750525440000001,0.2713226502018911,0.04867734979810887,0.32,2e-09,0.7200000000000001,0.00494812717325352,0.8803830866306848,-1823.321999999999889,-1626.6069999999999709,-1793.3983597952028504,-59500.263354093833186,-59054.01952439017623,-59432.382207238413685
0.03000769,0.5871816,0.422770752,0.2713226502018911,0.04867734979810887,0.32,2e-09,0.7200000000000001,0.00494812717325352,0.8803830866306848,-1741.2989999999999782,-1553.4169999999999163,-1712.7190067663489117,-56819.07527878091787,-56392.862504516124318,-56754.241190339322202
0.03001124,0.5371144,0.38672236800000004,0.2713226502018911,0.04867734979810887,0.32,2e-09,0.7200000000000001,0.00494812717325352,0.8803830866306848,-1679.2650000000001,-1498.0730000000000928,-1651.702667610565868,-54788.422760558161826,-54377.339609763577755,-54725.89014078523178
0.03003022,0.01514542,0.0109047024,0.2713226502018911,0.04867734979810887,0.32,2e-09,0.7200000000000001,0.00494812717325352,0.8803830866306848,-90.809420000000002915,-85.48029999999999973,-89.998771755137184414,-2959.7592647103538184,-2942.4827725706895762,-2957.1312214254576247
0.03005611,0.4692174,0.337836528,0.2713226502018911,0.04867734979810887,0.32,2e-09,0.7200000000000001,0.00494812717325352,0.8803830866306848,-1588.2899999999999636,-1417.1839999999999691,-1562.2619168295148029,-51744.41254308551288,-51357.098496333666844,-51685.495601412192627
0.0300698,0.03431702,0.0247082544,0.2713226502018911,0.04867734979810887,0.32,2e-09,0.7200000000000001,0.00494812717325352,0.8803830866306848,-241.44079999999999586,-208.45799999999999841,-236.42356470962164394,-7819.336071194163196,-7734.6416061193413043,-7806.452627124128412
0.03009178,0.1122015,0.08078508000000001,0.2713226502018911,0.04867734979810887,0.32,2e-09,0.7200000000000001,0.00494812717325352,0.8803830866306848,-709.55309999999997217,-623.48649999999997817,-696.46093126833147835,-23044.205001795406133,-22828.618051266035764,-23011.410622411574877
0.03010339,0.01906681,0.013728103200000001,0.2713226502018911,0.04867734979810887,0.32,2e-09,0.7200000000000001,0.00494812717325352,0.8803830866306848,-124.06870000000000687,-113.20999999999999375,-122.416910192960230574,-4029.2336814383806995,-3995.284666218979055,-4024.0694686598299086
0.03012572,0.161121,0.11600712,0.2713226502018911,0.04867734979810887,0.32,2e-09,0.7200000000000001,0.00494812717325352,0.8803830866306848,-905.06129999999996016,-797.5982999999999947,-888.7143811207681665,-29372.360563062520669,-29112.19777170459929,-29332.785453064450849
0.030135,0.4220111,0.303847992,0.2713226502018911,0.04867734979810887,0.32,2e-09,0.7200000000000001,0.00494812717325352,0.8803830866306848,-1519.9290000000000873,-1356.6730000000000018,-1495.0950330667496928,-49390.444770393623912,-49022.50784137453593,-49334.475412276420684
0.03014356,0.2944314,0.21199060800000002,0.2713226502018911,0.04867734979810887,0.32,2e-09,0.7200000000000001,0.00494812717325352,0.8803830866306848,-1281.3559999999999945,-1143.4429999999999836,-1260.3771270540419209,-41624.755860210039828,-41312.425036224667565,-41577.245120297950052
0.03016526,0.3693344,0.26592076800000003,0.2713226502018911,0.04867734979810887,0.32,2e-09,0.7200000000000001,0.00494812717325352,0.8803830866306848,-1431.4329999999999927,-1277.8559999999999945,-1408.0713707814243207,-46469.078130829089787,-46123.60728676040162,-46416.526239823528158
0.03016578,0.3410999,0.24559192800000004,0.2713226502018911,0.04867734979810887,0.32,2e-09,0.7200000000000001,0.00494812717325352,0.8803830866306848,-1378.6430000000000291,-1230.5809999999999036,-1356.1202944818512606,-44753.95844682429015,-44420.011790326410846,-44703.159577410988277
0.03018704,0.01203044,0.0086619168,0.2713226502018911,0.04867734979810887,0.32,2e-09,0.7200000000000001,0.00494812717325352,0.8803830866306848,-64.97487999999999886,-62.53983000000000203,-64.60446818554410697,-2103.5768455411343894,-2095.5325246092802445,-2102.3531698414835773
0.03019782,0.224127,0.16137144,0.2713226502018911,0.04867734979810887,0.32,2e-09,0.7200000000000001,0.00494812717325352,0.8803830866306848,-1110.3630000000000564,-991.48879999999996926,-1092.280246826967641,-36007.653173179125588,-35742.572495903092204,-35967.32997051510756
0.03021273,0.3852228,0.277360416,0.2713226502018911,0.04867734979810887,0.32,2e-09,0.7200000000000001,0.00494812717325352,0.8803830866306848,-1462.0550000000000637,-1305.4290000000000873,-1438.2295669078794162,-47390.06238634336478,-47038.240217590529937,-47336.544352671138768
0.03032336,0.009556117,0.0068804042400000005,0.2713226502018911,0.04867734979810887,0.32,2e-09,0.7200000000000001,0.00494812717325352,0.8803830866306848,-45.399399999999999977,-44.3362899999999982,-45.237683195800407532,-1455.8173840772835774,-1452.2394474245784295,-1455.2731200960361093
0.0303555,0.007590693,0.005465298960000001,0.2713226502018911,0.04867734979810887,0.32,2e-09,0.7200000000000001,0.00494812717325352,0.8803830866306848,-31.119820000000000704,-30.669209999999999638,-31.051274685648355245,-987.07384407861593445,-985.52015237516332036,-986.83750159571786753
0.03036881,0.07277138,0.052395393600000006,0.2713226502018911,0.04867734979810887,0.32,2e-09,0.7200000000000001,0.00494812717325352,0.8803830866306848,-505.18079999999997654,-436.1560000000000059,-494.68097395517338555,-16220.720883531685104,-16041.8012602943090315,-16193.504217637710099
0.03042677,0.04053924,0.0291882528,0.2713226502018911,0.04867734979810887,0.32,2e-09,0.7200000000000001,0.00494812717325352,0.8803830866306848,-295.19610000000000127,-262.82920000000001437,-290.27255339631119568,-9487.547459898358284,-9418.290411610832962,-9477.012305006244787
0.03047947,0.1322625,0.09522900000000001,0.2713226502018911,0.04867734979810887,0.32,2e-09,0.7200000000000001,0.00494812717325352,0.8803830866306848,-812.3121999999999616,-728.9376999999999498,-799.62954468517978057,-26114.110034353805531,-25938.577880459823064,-26087.408659179076494
0.03050576,0.1050511,0.07563679200000001,0.2713226502018911,0.04867734979810887,0.32,2e-09,0.7200000000000001,0.00494812717325352,0.8803830866306848,-696.60550000000000637,-627.3124000000000251,-686.0648610397020093,-22385.209413114600466,-22230.19930693137212,-22361.629784486714925
0.03067794,0.1412564,0.10170460800000002,0.2713226502018911,0.04867734979810887,0.32,2e-09,0.7200000000000001,0.00494812717325352,0.8803830866306848,-863.33190000000001874,-784.7924000000000433,-851.3847290172857356,-27621.264978888499172,-27465.808129469067353,-27597.61739314567967
0.03069747,0.05652021,0.040694551200000005,0.2713226502018911,0.04867734979810887,0.32,2e-09,0.7200000000000001,0.00494812717325352,0.8803830866306848,-425.43840000000000146,-390.3990999999999758,-420.10833667880973508,-13614.027737645626985,-13543.120449760004703,-13603.241553721738455
0.0308278,0.1085683,0.07816917600000002,0.2713226502018911,0.04867734979810887,0.32,2e-09,0.7200000000000001,0.00494812717325352,0.8803830866306848,-715.1932000000000471,-637.1878000000000384,-703.32727455643316716,-22714.000035741260945,-22532.298489734213945,-22686.360192885502329
0.03083612,0.3283852,0.23643734400000002,0.2713226502018911,0.04867734979810887,0.32,2e-09,0.7200000000000001,0.00494812717325352,0.8803830866306848,-1383.6269999999999527,-1239.0070000000000618,-1361.6278802256169911,-43961.70840220025275,-43648.28897448371572,-43914.03206746124488
0.03084343,0.06553989,0.04718872080000001,0.2713226502018911,0.04867734979810887,0.32,2e-09,0.7200000000000001,0.00494812717325352,0.8803830866306848,-477.00659999999999172,-421.13540000000000418,-468.50765641862466282,-15122.4106084166032815,-14983.0956232641365204,-15101.218470090398114
0.03086553,0.1778382,0.12804350400000003,0.2713226502018911,0.04867734979810887,0.32,2e-09,0.7200000000000001,0.00494812717325352,0.8803830866306848,-992.26279999999997017,-889.06179999999994834,-976.5642025733916398,-31497.80459773370967,-31278.239342378572474,-31464.405051676105359
0.03090346,0.08613998,0.06202078560000001,0.2713226502018911,0.04867734979810887,0.32,2e-09,0.7200000000000001,0.00494812717325352,0.8803830866306848,-600.36360000000001946,-539.11389999999994416,-591.0464966502211155,-19035.460198026954458,-18911.124545683647739,-19016.546666647293023
0.03100441,0.2745342,0.19766462400000004,0.2713226502018911,0.04867734979810887,0.32,2e-09,0.7200000000000001,0.00494812717325352,0.8803830866306848,-1271.4680000000000746,-1139.4939999999999145,-1251.3925482429510794,-40183.71907570469193,-39901.16981366672553,-40140.73860925649933
0.03107432,0.1665099,0.11988712800000001,0.2713226502018911,0.04867734979810887,0.32,2e-09,0.7200000000000001,0.00494812717325352,0.8803830866306848,-950.6488000000000511,-840.2908999999999651,-933.86151843348523016,-29925.467893701454159,-29673.986768800736172,-29887.213410312659107
0.03108984,0.03771219,0.027152776800000004,0.2713226502018911,0.04867734979810887,0.32,2e-09,0.7200000000000001,0.00494812717325352,0.8803830866306848,-277.3365000000000009,-243.901299999999992,-272.25044710634455214,-8710.18095573784376,-8635.008496945692968,-8698.745968013439779
0.03113363,0.115955,0.08348760000000001,0.2713226502018911,0.04867734979810887,0.32,2e-09,0.7200000000000001,0.00494812717325352,0.8803830866306848,-746.49059999999997217,-654.13769999999999527,-732.44217994321934384,-23428.714942403410532,-23207.596869475946733,-23395.079186832863343
0.03121057,0.155907,0.11225304000000001,0.2713226502018911,0.04867734979810887,0.32,2e-09,0.7200000000000001,0.00494812717325352,0.8803830866306848,-923.0037999999999556,-822.5942999999999756,-907.7298363920210704,-28958.774410824404185,-28733.677771059861698,-28924.533448723785114
0.03122229,0.07030478,0.0506194416,0.2713226502018911,0.04867734979810887,0.32,2e-09,0.7200000000000001,0.00494812717325352,0.8803830866306848,-506.16950000000002774,-440.25279999999997926,-496.14246792675936604,-15824.704578104354368,-15659.865245126024092,-15799.629759754749102
0.0312232,0.2563535,0.18457452000000002,0.2713226502018911,0.04867734979810887,0.32,2e-09,0.7200000000000001,0.00494812717325352,0.8803830866306848,-1231.6320000000000618,-1099.7639999999998963,-1211.5726726150717241,-38636.07064924160659,-38349.04975612952694,-38592.40997294978297
0.03132873,0.06789602,0.04888513440000001,0.2713226502018911,0.04867734979810887,0.32,2e-09,0.7200000000000001,0.00494812717325352,0.8803830866306848,-495.88150000000001683,-434.51720000000000255,-486.5469640743247055,-15464.579440384493864,-15312.617478943157039,-15441.463485531096012
0.03137704,0.05432911,0.0391169592,0.2713226502018911,0.04867734979810887,0.32,2e-09,0.7200000000000001,0.00494812717325352,0.8803830866306848,-419.6390999999999849,-387.78429999999997335,-414.79345236765993832,-13150.0562709759724385,-13092.475701146613574,-13141.29730366610238
0.03164553,0.04772712,0.034363526400000004,0.2713226502018911,0.04867734979810887,0.32,2e-09,0.7200000000000001,0.00494812717325352,0.8803830866306848,-370.3480000000000132,-341.51499999999998636,-365.96201866647226097,-11501.509608984424631,-11454.549011403771146,-11494.36611699954301
0.03165925,0.1,0.07200000000000001,0.2713226502018911,0.04867734979810887,0.32,2e-09,0.7200000000000001,0.00494812717325352,0.8803830866306848,-702.14170000000001437,-643.0701999999999998,-693.1559372856281698,-21790.547465596981056,-21679.749237950527458,-21773.693202833990654
0.03169455,0.02968297,0.021371738400000003,0.2713226502018911,0.04867734979810887,0.32,2e-09,0.7200000000000001,0.00494812717325352,0.8803830866306848,-217.05160000000000764,-187.96070000000000277,-212.62638776486934944,-6671.2741723750505116,-6596.619055203771495,-6659.917880960158982
0.03181743,0.07530081,0.0542165832,0.2713226502018911,0.04867734979810887,0.32,2e-09,0.7200000000000001,0.00494812717325352,0.8803830866306848,-543.1473999999999478,-472.2762000000000171,-532.36670564683822704,-16663.803483751955355,-16496.234882147466124,-16638.313498016072117
0.03185695,0.2842475,0.2046582,0.2713226502018911,0.04867734979810887,0.32,2e-09,0.7200000000000001,0.00494812717325352,0.8803830866306848,-1330.4490000000000691,-1196.6610000000000582,-1310.0976085162831168,-40946.76903832480457,-40672.198814238989144,-40905.002316943646292
0.03213602,0.06096249,0.04389299280000001,0.2713226502018911,0.04867734979810887,0.32,2e-09,0.7200000000000001,0.00494812717325352,0.8803830866306848,-472.3720000000000141,-427.80059999999997444,-465.5919449100267684,-14420.7746520339078415,-14324.189299866136935,-14406.082405243769244
0.03218728,0.1279826,0.09214747200000001,0.2713226502018911,0.04867734979810887,0.32,2e-09,0.7200000000000001,0.00494812717325352,0.8803830866306848,-831.18650000000002365,-741.8301000000000158,-817.593897689063283,-25293.08916539904385,-25109.421296959058964,-25265.150212028023816
0.0322071,0.04307638,0.031014993600000002,0.2713226502018911,0.04867734979810887,0.32,2e-09,0.7200000000000001,0.00494812717325352,0.8803830866306848,-335.015199999999993,-303.990099999999984,-330.29576360868338725,-10200.993205474682327,-10145.183301246685005,-10192.503586004977478
0.03221103,0.09834727,0.07081003440000001,0.2713226502018911,0.04867734979810887,0.32,2e-09,0.7200000000000001,0.00494812717325352,0.8803830866306848,-706.036899999999946,-649.1733000000000402,-697.3869957875632508,-21548.422286392404203,-21448.300618940469576,-21533.192106927002897
0.03223407,0.2097324,0.15100732800000002,0.2713226502018911,0.04867734979810887,0.32,2e-09,0.7200000000000001,0.00494812717325352,0.8803830866306848,-1135.2139999999999418,-1013.5890000000000555,-1116.7128041587654934,-34499.645865054822934,-34243.245772097085137,-34460.643124388661818
0.03226722,0.02398552,0.0172695744,0.2713226502018911,0.04867734979810887,0.32,2e-09,0.7200000000000001,0.00494812717325352,0.8803830866306848,-174.85890000000000555,-155.06919999999999504,-171.84855578343862703,-5290.5591928661888232,-5237.6580090293828107,-5282.5120383963185304
0.03230444,0.1016456,0.073184832,0.2713226502018911,0.04867734979810887,0.32,2e-09,0.7200000000000001,0.00494812717325352,0.8803830866306848,-723.5801999999999907,-661.5384999999999991,-714.142620209470806,-22005.250026547098969,-21887.776302070837119,-21987.380309114541888
0.03231019,0.2652484,0.190978848,0.2713226502018911,0.04867734979810887,0.32,2e-09,0.7200000000000001,0.00494812717325352,0.8803830866306848,-1297.54099999999994,-1164.3679999999999382,-1277.2831602979263153,-39365.411163601689623,-39093.725648374995217,-39324.083254664910783
0.03235414,0.05872825,0.042284340000000004,0.2713226502018911,0.04867734979810887,0.32,2e-09,0.7200000000000001,0.00494812717325352,0.8803830866306848,-462.28820000000001755,-422.8399000000000001,-456.287454068622651,-14035.08509822909582,-13955.7596970169761335,-14023.018378533228315
0.03238564,0.0951519,0.068509368,0.2713226502018911,0.04867734979810887,0.32,2e-09,0.7200000000000001,0.00494812717325352,0.8803830866306848,-691.8001000000000431,-637.21100000000001273,-683.4961852629251098,-21004.834743121751671,-20913.989256875327555,-20991.01562589801324
0.03239983,0.0890526,0.064117872,0.2713226502018911,0.04867734979810887,0.32,2e-09,0.7200000000000001,0.00494812717325352,0.8803830866306848,-650.6187999999999647,-592.9836999999999989,-641.85153773953436485,-19718.292581409234117,-19617.071864557699882,-19702.895218156114424
0.03251012,0.2029088,0.14609433600000002,0.2713226502018911,0.04867734979810887,0.32,2e-09,0.7200000000000001,0.00494812717325352,0.8803830866306848,-1127.0180000000000291,-1010.83199999999999363,-1109.3441669886153704,-33980.33073164898815,-33740.50637211522553,-33943.849437151693564
0.03253654,0.04994937,0.035963546400000004,0.2713226502018911,0.04867734979810887,0.32,2e-09,0.7200000000000001,0.00494812717325352,0.8803830866306848,-399.91910000000001446,-371.0747000000000071,-395.53138453588570655,-12092.422849413876975,-12047.909596654597408,-12085.651639491328751
0.03254981,0.1198334,0.08628004800000001,0.2713226502018911,0.04867734979810887,0.32,2e-09,0.7200000000000001,0.00494812717325352,0.8803830866306848,-796.1911000000000058,-700.9492000000000189,-781.7032147445734154,-23920.030557694088202,-23709.94499417602492,-23888.073031247517065
0.03272137,0.05214362,0.03754340640000001,0.2713226502018911,0.04867734979810887,0.32,2e-09,0.7200000000000001,0.00494812717325352,0.8803830866306848,-420.36739999999997508,-390.53820000000001755,-415.82987999188196682,-12642.4260121651514055,-12595.204427882697928,-12635.242819739720289
0.03274917,0.1720801,0.12389767200000003,0.2713226502018911,0.04867734979810887,0.32,2e-09,0.7200000000000001,0.00494812717325352,0.8803830866306848,-1024.5180000000000291,-916.08199999999999363,-1008.0230715540383244,-30652.768637868193764,-30433.108589699317235,-30619.354672238860076
0.03292819,0.305138,0.21969936000000004,0.2713226502018911,0.04867734979810887,0.32,2e-09,0.7200000000000001,0.00494812717325352,0.8803830866306848,-1420.8350000000000364,-1278.0940000000000509,-1399.1217075389629372,-42314.005626226600725,-42031.035423541841737,-42270.96112766869919
0.03297887,0.2168006,0.15609643200000003,0.2713226502018911,0.04867734979810887,0.32,2e-09,0.7200000000000001,0.00494812717325352,0.8803830866306848,-1183.7400000000000091,-1061.43100000000004,-1165.1347563235722191,-35184.361701984133106,-34939.80732084970805,-35147.160892124316888
0.03298026,0.1459801,0.10510567200000001,0.2713226502018911,0.04867734979810887,0.32,2e-09,0.7200000000000001,0.00494812717325352,0.8803830866306848,-945.84760000000005675,-862.7481000000000222,-933.2067767826627005,-28171.941066133284039,-28018.252405244365946,-28148.562451426743792
0.03322647,0.1238411,0.089165592,0.2713226502018911,0.04867734979810887,0.32,2e-09,0.7200000000000001,0.00494812717325352,0.8803830866306848,-833.1390999999999849,-739.0982999999999947,-818.83392213470619936,-24545.44855653358536,-24351.83820146056678,-24515.99718472600216
0.03331413,0.08056701,0.0580082472,0.2713226502018911,0.04867734979810887,0.32,2e-09,0.7200000000000001,0.00494812717325352,0.8803830866306848,-603.8302999999999656,-534.9339999999999691,-593.3500209534516898,-17737.278739173900249,-17596.513158161680622,-17715.865940966192284
0.03333446,0.1366854,0.09841348800000002,0.2713226502018911,0.04867734979810887,0.32,2e-09,0.7200000000000001,0.00494812717325352,0.8803830866306848,-913.22889999999995325,-833.71469999999999345,-901.133460852134931,-26915.189405365865241,-26776.137163328603492,-26894.03723466005249
0.03343312,0.2396174,0.17252452800000004,0.2713226502018911,0.04867734979810887,0.32,2e-09,0.7200000000000001,0.00494812717325352,0.8803830866306848,-1276.7619999999999436,-1155.54099999999994,-1258.3222593128855351,-37480.081213375662628,-37250.28739490549924,-37445.125731865926355
0.03346941,0.1837918,0.132330096,0.2713226502018911,0.04867734979810887,0.32,2e-09,0.7200000000000001,0.00494812717325352,0.8803830866306848,-1101.5909999999998945,-1001.1839999999999691,-1086.3174166838164183,-32319.087006022909918,-32136.280002495888766,-32291.279004597192397
0.03371855,0.3546968,0.255381696,0.2713226502018911,0.04867734979810887,0.32,2e-09,0.7200000000000001,0.00494812717325352,0.8803830866306848,-1565.5429999999998927,-1412.7960000000000491,-1542.307627657463172,-45554.22682810115657,-45263.906167544912023,-45510.06420201517176
0.03371953,0.09205512,0.06627968640000001,0.2713226502018911,0.04867734979810887,0.32,2e-09,0.7200000000000001,0.00494812717325352,0.8803830866306848,-698.91620000000000346,-643.75149999999996453,-690.5247268799757876,-20385.105027593697741,-20298.393443949637003,-20371.914746066853695
0.03377142,0.1963178,0.14134881600000002,0.2713226502018911,0.04867734979810887,0.32,2e-09,0.7200000000000001,0.00494812717325352,0.8803830866306848,-1153.6890000000000782,-1045.4059999999999491,-1137.2173454119106282,-33534.695911479662755,-33331.006965376604057,-33503.711417481325043
0.03382097,0.08331292,0.0599853024,0.2713226502018911,0.04867734979810887,0.32,2e-09,0.7200000000000001,0.00494812717325352,0.8803830866306848,-633.7051999999999907,-568.0843999999999596,-623.72317926365076346,-18364.132313988171518,-18240.327570872806973,-18345.299542777884199
0.03396378,0.3164301,0.227829672,0.2713226502018911,0.04867734979810887,0.32,2e-09,0.7200000000000001,0.00494812717325352,0.8803830866306848,-1492.1959999999999127,-1347.9300000000000637,-1470.2507295438310848,-43113.065978590238956,-42842.68841102474107,-43071.937030359149503
0.03400683,0.06323075,0.04552614000000001,0.2713226502018911,0.04867734979810887,0.32,2e-09,0.7200000000000001,0.00494812717325352,0.8803830866306848,-512.34619999999995343,-461.89210000000002765,-504.67128789234755004,-14777.073832855157889,-14672.4504131550420425,-14761.158861611978864
0.03407126,0.4026477,0.28990634400000004,0.2713226502018911,0.04867734979810887,0.32,2e-09,0.7200000000000001,0.00494812717325352,0.8803830866306848,-1677.9529999999999745,-1516.3389999999999418,-1653.3688087179011745,-48330.667216962268867,-48029.08970153399423,-48284.792235056804202
0.03409093,0.07789781,0.056086423200000006,0.2713226502018911,0.04867734979810887,0.32,2e-09,0.7200000000000001,0.00494812717325352,0.8803830866306848,-598.34349999999994907,-527.3526000000000522,-587.54459727567939353,-17166.86979678104035,-17020.751234184226632,-17144.642720582534821
0.03410684,0.2317268,0.16684329600000003,0.2713226502018911,0.04867734979810887,0.32,2e-09,0.7200000000000001,0.00494812717325352,0.8803830866306848,-1278.55600000000004,-1160.2080000000000837,-1260.5532906440419083,-36806.972286946453096,-36592.030401693344174,-36774.27603277542221
0.03424059,0.4439004,0.319608288,0.2713226502018911,0.04867734979810887,0.32,2e-09,0.7200000000000001,0.00494812717325352,0.8803830866306848,-1761.5440000000000964,-1592.9220000000000255,-1735.893774757322717,-50492.885967277921736,-50180.953182900993852,-50445.435775844751333
0.03425362,0.2478187,0.178429464,0.2713226502018911,0.04867734979810887,0.32,2e-09,0.7200000000000001,0.00494812717325352,0.8803830866306848,-1327.7119999999999891,-1200.0480000000000018,-1308.2921712980444227,-38040.45129078618629,-37801.975347571700695,-38004.17511295404256
0.03426655,0.499431,0.3595903200000001,0.2713226502018911,0.04867734979810887,0.32,2e-09,0.7200000000000001,0.00494812717325352,0.8803830866306848,-1854.9359999999999218,-1677.5920000000000982,-1827.9590127418878183,-53130.722243452364637,-52803.25857783923857,-53080.909545336042356
0.03426688,1.204293,0.8670909600000002,0.2713226502018911,0.04867734979810887,0.32,2e-09,0.7200000000000001,0.00494812717325352,0.8803830866306848,-2573.181999999999789,-2327.4459999999999127,-2535.8014461562870565,-73703.96268228156259,-73250.721269416826544,-73635.017086040912545
0.0342743,0.9577544,0.6895831680000001,0.2713226502018911,0.04867734979810887,0.32,2e-09,0.7200000000000001,0.00494812717325352,0.8803830866306848,-2382.393999999999778,-2154.8899999999998727,-2347.7868381610342112,-68224.503098412722466,-67805.01955104303488,-68160.69263788188982
0.03428166,0.7754085,0.55829412,0.2713226502018911,0.04867734979810887,0.32,2e-09,0.7200000000000001,0.00494812717325352,0.8803830866306848,-2208.9090000000001055,-1997.9780000000000655,-2176.8228685304220562,-63242.88893372227176,-62854.026824654225493,-63183.736505889966793
0.03433994,0.04544978,0.032723841600000005,0.2713226502018911,0.04867734979810887,0.32,2e-09,0.7200000000000001,0.00494812717325352,0.8803830866306848,-379.698599999999999,-349.910000000000025,-375.1672559306376229,-10869.9785891641367925,-10824.991234343158794,-10863.135260391911288
0.03469402,0.1508619,0.10862056800000001,0.2713226502018911,0.04867734979810887,0.32,2e-09,0.7200000000000001,0.00494812717325352,0.8803830866306848,-1009.90399999999999636,-918.32360000000005584,-995.9730901079664136,-28590.230633640338056,-28423.656870274731773,-28564.891979432417429
0.0347749,0.1899487,0.13676306400000002,0.2713226502018911,0.04867734979810887,0.32,2e-09,0.7200000000000001,0.00494812717325352,0.8803830866306848,-1168.1600000000000819,-1066.09699999999998,-1152.6345113986112665,-33009.58288291779172,-32832.88607512404269,-32982.70434441407997
0.03005061,0.01219463,0.0089020799,0.2713226502018911,0.04867734979810887,0.32,2e-09,0.7300000000000001,0.005012883496897391,0.8938329352305128,-64.998369999999994207,-62.562530000000002417,-64.627838013336784684,-2114.0078122351947059,-2105.9352420425611854,-2112.7798393507050605
0.03007521,0.07871249,0.05746011770000001,0.2713226502018911,0.04867734979810887,0.32,2e-09,0.7300000000000001,0.005012883496897391,0.8938329352305128,-535.3754000000000133,-464.60829999999998563,-524.6105409971944482,-17369.864294921968394,-17192.969369543076027,-17342.95561942140921
0.03008866,0.01932701,0.0141087173,0.2713226502018911,0.04867734979810887,0.32,2e-09,0.7300000000000001,0.005012883496897391,0.8938329352305128,-124.86409999999999343,-113.99689999999999657,-123.21101720085620457,-4057.8721374506790198,-4023.9952884349913802,-4052.7189023581963738
0.03011102,0.4069354,0.29706284200000005,0.2713226502018911,0.04867734979810887,0.32,2e-09,0.7300000000000001,0.005012883496897391,0.8938329352305128,-1512.66599999999994,-1350.1669999999999163,-1487.9471854223656919,-49200.731926517473767,-48833.77590333297121,-49144.91178057660727
0.03014103,0.03471951,0.025345242300000004,0.2713226502018911,0.04867734979810887,0.32,2e-09,0.7300000000000001,0.005012883496897391,0.8938329352305128,-244.00860000000000127,-211.03000000000000114,-238.99200359983774433,-7886.664464994831178,-7802.527417022588452,-7873.8658133850640297
0.03016024,0.009686537,0.007071172010000001,0.2713226502018911,0.04867734979810887,0.32,2e-09,0.7300000000000001,0.005012883496897391,0.8938329352305128,-45.338810000000002276,-44.275689999999997326,-45.177091674633231833,-1461.7242210997765142,-1458.1313228780450117,-1461.1776812137507022
0.03017089,0.06389449,0.046642977700000005,0.2713226502018911,0.04867734979810887,0.32,2e-09,0.7300000000000001,0.005012883496897391,0.8938329352305128,-460.29480000000000928,-410.09609999999997854,-452.65873850215518814,-14934.494662645251083,-14809.2272848595821415,-14915.4394002491098945
0.03018318,0.01535213,0.011207054900000001,0.2713226502018911,0.04867734979810887,0.32,2e-09,0.7300000000000001,0.005012883496897391,0.8938329352305128,-91.79014999999999702,-86.453909999999993374,-90.97841868410417021,-2977.3795260747301654,-2960.2849445614519936,-2974.7791544373108081
0.03021554,0.00769429,0.005616831700000001,0.2713226502018911,0.04867734979810887,0.32,2e-09,0.7300000000000001,0.005012883496897391,0.8938329352305128,-31.078589999999998383,-30.628070000000001016,-31.010058376152983328,-990.28171459237535146,-988.7239877040661895,-990.0447582903998409
0.03024579,0.1524374,0.11127930200000001,0.2713226502018911,0.04867734979810887,0.32,2e-09,0.7300000000000001,0.005012883496897391,0.8938329352305128,-895.38589999999999236,-803.8283999999999878,-881.45847358081130096,-29013.591143347061006,-28808.314370060918009,-28982.365114288695622
0.03026221,0.4486798,0.3275362540000001,0.2713226502018911,0.04867734979810887,0.32,2e-09,0.7300000000000001,0.005012883496897391,0.8938329352305128,-1588.5599999999999454,-1418.9729999999999563,-1562.7629821243376682,-51417.35046632844751,-51037.75549471839622,-51359.607725032619783
0.03028349,0.5049229,0.368593717,0.2713226502018911,0.04867734979810887,0.32,2e-09,0.7300000000000001,0.005012883496897391,0.8938329352305128,-1673.3099999999999454,-1494.8820000000000618,-1646.1681182194467965,-54123.588649918761803,-53724.88909924197651,-54062.93978275424888
0.03028608,1.220735,0.89113655,0.2713226502018911,0.04867734979810887,0.32,2e-09,0.7300000000000001,0.005012883496897391,0.8938329352305128,-2327.1720000000000255,-2079.318000000000211,-2289.4692629473111083,-75268.0635060571949,-74714.951487294078106,-75183.9259210107266
0.03029185,0.970765,0.70865845,0.2713226502018911,0.04867734979810887,0.32,2e-09,0.7300000000000001,0.005012883496897391,0.8938329352305128,-2153.8739999999997963,-1924.4860000000001037,-2118.9802502640977764,-69649.877201212439104,-69138.11108373416937,-69572.029018977089436
0.03029823,0.7854798,0.573400254,0.2713226502018911,0.04867734979810887,0.32,2e-09,0.7300000000000001,0.005012883496897391,0.8938329352305128,-1995.9629999999999654,-1783.3969999999999345,-1963.628157696297194,-64529.958531075084466,-64055.796686880741618,-64457.83058747893665
0.03030352,0.6677937,0.4874894010000001,0.2713226502018911,0.04867734979810887,0.32,2e-09,0.7300000000000001,0.005012883496897391,0.8938329352305128,-1876.6279999999999291,-1676.7739999999998872,-1846.2268654170270565,-60661.334459507845168,-60215.540474639819877,-60593.521741572483734
0.03030516,0.5939603,0.4335910190000001,0.2713226502018911,0.04867734979810887,0.32,2e-09,0.7300000000000001,0.005012883496897391,0.8938329352305128,-1791.3409999999998945,-1600.5480000000000018,-1762.318194999904108,-57901.201106222848466,-57475.562952653941466,-57836.454427195676544
0.03030891,0.5431326,0.39648679800000003,0.2713226502018911,0.04867734979810887,0.32,2e-09,0.7300000000000001,0.005012883496897391,0.8938329352305128,-1726.97199999999998,-1543.0319999999999254,-1698.9916508691744639,-55813.656150654729572,-55403.327581503202964,-55751.23831536489888
0.03033434,0.1133733,0.08276250900000001,0.2713226502018911,0.04867734979810887,0.32,2e-09,0.7300000000000001,0.005012883496897391,0.8938329352305128,-724.57169999999996435,-637.8894000000000233,-711.38587300498545574,-23353.657267026788759,-23139.814747277094284,-23321.128244728144637
0.03035551,0.4743134,0.34624878200000003,0.2713226502018911,0.04867734979810887,0.32,2e-09,0.7300000000000001,0.005012883496897391,0.8938329352305128,-1632.7539999999999054,-1459.1349999999999909,-1606.3436475168814468,-52689.244195983672398,-52302.84154836124071,-52630.46589335481258
0.03036172,0.2504103,0.182799519,0.2713226502018911,0.04867734979810887,0.32,2e-09,0.7300000000000001,0.005012883496897391,0.8938329352305128,-1198.6759999999999309,-1070.5709999999999127,-1179.1890878253539086,-38670.311707535453024,-38382.105550060645328,-38626.47073271866975
0.03037111,0.2264692,0.16532251600000003,0.2713226502018911,0.04867734979810887,0.32,2e-09,0.7300000000000001,0.005012883496897391,0.8938329352305128,-1134.0630000000001019,-1013.65999999999996817,-1115.7476907883071817,-36577.50012416172831,-36311.688330410142953,-36537.0657064588886
0.03043628,0.4265262,0.3113641260000001,0.2713226502018911,0.04867734979810887,0.32,2e-09,0.7300000000000001,0.005012883496897391,0.8938329352305128,-1562.0340000000001055,-1396.4400000000000546,-1536.844384179787312,-50276.251799820311135,-49909.33992614952149,-50220.438369758579938
0.03045707,0.3732416,0.272466368,0.2713226502018911,0.04867734979810887,0.32,2e-09,0.7300000000000001,0.005012883496897391,0.8938329352305128,-1470.0289999999999964,-1314.3079999999999927,-1446.3412325377771595,-47283.24178244835639,-46938.70257418759138,-47230.83160882437369
0.03048462,0.2975186,0.21718857800000005,0.2713226502018911,0.04867734979810887,0.32,2e-09,0.7300000000000001,0.005012883496897391,0.8938329352305128,-1317.150000000000091,-1177.4390000000000782,-1295.8976211948638593,-42326.852674484413,-42016.46746074927796,-42279.63789441833069
0.03048702,0.3446934,0.25162618200000003,0.2713226502018911,0.04867734979810887,0.32,2e-09,0.7300000000000001,0.005012883496897391,0.8938329352305128,-1416.8440000000000509,-1266.7690000000000055,-1394.0150835282775006,-45528.10783325574448,-45195.66285528501612,-45477.53739425165986
0.03049619,0.040984,0.029918320000000005,0.2713226502018911,0.04867734979810887,0.32,2e-09,0.7300000000000001,0.005012883496897391,0.8938329352305128,-298.27150000000000318,-265.77710000000001855,-293.32855851475102327,-9567.020307875160142,-9497.73814855636374,-9556.481333175379405
0.03052527,0.3893099,0.284196227,0.2713226502018911,0.04867734979810887,0.32,2e-09,0.7300000000000001,0.005012883496897391,0.8938329352305128,-1502.6710000000000491,-1343.8530000000000655,-1478.512127061762385,-48227.35396448119718,-47876.82356974598224,-48174.032431233084935
0.03056879,0.07353307,0.05367914110000001,0.2713226502018911,0.04867734979810887,0.32,2e-09,0.7300000000000001,0.005012883496897391,0.8938329352305128,-514.0709000000000515,-444.74169999999998026,-503.52476962617799927,-16405.153102295655117,-16227.749597133193674,-16378.16706330751731
0.03061162,0.1061483,0.077488259,0.2713226502018911,0.04867734979810887,0.32,2e-09,0.7300000000000001,0.005012883496897391,0.8938329352305128,-707.87009999999997945,-638.0625999999999749,-697.251212199901488,-22675.008071036209003,-22520.126964651364688,-22651.448065434291493
0.03068932,0.1,0.07300000000000001,0.2713226502018911,0.04867734979810887,0.32,2e-09,0.7300000000000001,0.005012883496897391,0.8938329352305128,-684.48450000000002547,-626.4492000000000189,-675.65636062894316183,-21911.169892110036017,-21799.640621336588083,-21894.204425465763052
0.0307138,0.07104104,0.05185995920000001,0.2713226502018911,0.04867734979810887,0.32,2e-09,0.7300000000000001,0.005012883496897391,0.8938329352305128,-503.5736999999999739,-437.52010000000001355,-493.52584314804880705,-16003.025918662769982,-15834.211805159360665,-15977.346469744446949
0.03074756,0.1628037,0.11884670100000001,0.2713226502018911,0.04867734979810887,0.32,2e-09,0.7300000000000001,0.005012883496897391,0.8938329352305128,-936.797800000000052,-828.1269999999999527,-920.2671545486239211,-29806.362142805646727,-29551.967604455428955,-29767.664480524388637
0.0307721,0.05711599,0.041694672700000004,0.2713226502018911,0.04867734979810887,0.32,2e-09,0.7300000000000001,0.005012883496897391,0.8938329352305128,-430.41579999999999018,-395.112700000000018,-425.04560828856989474,-13742.705849544314333,-13671.5973816571222414,-13731.8890627788368874
0.03077312,0.08704019,0.06353933870000002,0.2713226502018911,0.04867734979810887,0.32,2e-09,0.7300000000000001,0.005012883496897391,0.8938329352305128,-604.72270000000003165,-542.8567000000000462,-595.3118471168443193,-19256.5110144287828,-19129.959736601300392,-19237.26044937188999
0.03093585,0.1427316,0.104194068,0.2713226502018911,0.04867734979810887,0.32,2e-09,0.7300000000000001,0.005012883496897391,0.8938329352305128,-882.497600000000034,-803.07339999999999236,-870.41585135676575646,-28008.218485966881417,-27853.207519310224598,-27984.63872644660296
0.03093876,0.1919327,0.14011087100000003,0.2713226502018911,0.04867734979810887,0.32,2e-09,0.7300000000000001,0.005012883496897391,0.8938329352305128,-1057.3179999999999836,-954.935100000000034,-1041.7438492604849216,-33523.01902866360615,-33311.41150978286896,-33490.829987362143584
0.03103639,0.1097022,0.08008260600000001,0.2713226502018911,0.04867734979810887,0.32,2e-09,0.7300000000000001,0.005012883496897391,0.8938329352305128,-729.28350000000000364,-650.73270000000002256,-717.3346100983709448,-23014.339031579591392,-22833.825574896178296,-22986.87991697257894
0.03115536,0.3318394,0.24224276200000003,0.2713226502018911,0.04867734979810887,0.32,2e-09,0.7300000000000001,0.005012883496897391,0.8938329352305128,-1421.4130000000000109,-1274.8579999999999472,-1399.119534376056663,-44717.291102668277745,-44405.282372685665905,-44669.829358638809936
0.0311807,0.03813522,0.0278387106,0.2713226502018911,0.04867734979810887,0.32,2e-09,0.7300000000000001,0.005012883496897391,0.8938329352305128,-280.40480000000002292,-246.91100000000000136,-275.3098330666628044,-8783.627629616348713,-8708.781464816736843,-8772.242276663229859
0.03126747,0.2774089,0.20250849700000004,0.2713226502018911,0.04867734979810887,0.32,2e-09,0.7300000000000001,0.005012883496897391,0.8938329352305128,-1303.0429999999998927,-1169.3430000000000746,-1282.7049947874775171,-40849.653268383954128,-40567.57060584797,-40806.7437795206788
0.03127347,0.1796956,0.13117778800000002,0.2713226502018911,0.04867734979810887,0.32,2e-09,0.7300000000000001,0.005012883496897391,0.8938329352305128,-1019.9289999999999736,-915.3873999999999569,-1004.0264749010812011,-31967.250505910811626,-31749.487158412386634,-31934.125060162721638
0.03129315,0.06622722,0.04834587060000001,0.2713226502018911,0.04867734979810887,0.32,2e-09,0.7300000000000001,0.005012883496897391,0.8938329352305128,-488.87560000000001992,-432.76429999999999154,-480.34013319460427738,-15284.2597383922293375,-15147.923687453792809,-15263.520745762156366
0.03147377,0.05490298,0.0400791754,0.2713226502018911,0.04867734979810887,0.32,2e-09,0.7300000000000001,0.005012883496897391,0.8938329352305128,-424.70819999999997663,-392.56639999999998736,-419.818894869559756,-13270.52134717926856,-13212.632080331735779,-13261.715421892100494
0.03154594,0.2590354,0.18909584200000004,0.2713226502018911,0.04867734979810887,0.32,2e-09,0.7300000000000001,0.005012883496897391,0.8938329352305128,-1264.2180000000000746,-1130.6140000000000327,-1243.8945979924169478,-39267.884106495774176,-38982.036001857268275,-39224.40183093759697
0.03155523,0.1682489,0.12282169700000002,0.2713226502018911,0.04867734979810887,0.32,2e-09,0.7300000000000001,0.005012883496897391,0.8938329352305128,-979.1472999999999729,-867.46230000000002747,-962.15814433686932716,-30368.12644880138032,-30119.935304895825539,-30330.372426524241746
0.03158082,0.06860752,0.05008348960000001,0.2713226502018911,0.04867734979810887,0.32,2e-09,0.7300000000000001,0.005012883496897391,0.8938329352305128,-505.14449999999999363,-443.55470000000002528,-495.7756617543888069,-15634.473213482353458,-15484.337417487569837,-15611.635048923428258
0.03162406,0.1575352,0.115000696,0.2713226502018911,0.04867734979810887,0.32,2e-09,0.7300000000000001,0.005012883496897391,0.8938329352305128,-948.56140000000004875,-847.1698000000000093,-933.13804256315643215,-29385.453428693901515,-29163.291837226453936,-29351.658936507756152
0.03166413,0.1171661,0.085531253,0.2713226502018911,0.04867734979810887,0.32,2e-09,0.7300000000000001,0.005012883496897391,0.8938329352305128,-769.02490000000000236,-675.89179999999998927,-754.8577984797428826,-23745.61336730848052,-23528.943555555222702,-23712.65426662909158
0.03168964,0.03006652,0.021948559600000004,0.2713226502018911,0.04867734979810887,0.32,2e-09,0.7300000000000001,0.005012883496897391,0.8938329352305128,-218.91759999999999309,-189.84260000000000446,-214.49480642068743919,-6731.71504842477043,-6657.349995328308978,-6720.4028806049846025
0.03173407,0.0482365,0.03521264500000001,0.2713226502018911,0.04867734979810887,0.32,2e-09,0.7300000000000001,0.005012883496897391,0.8938329352305128,-374.49230000000000018,-345.38220000000001164,-370.06416712388147516,-11599.777492569499373,-11552.3380767236176325,-11592.5611643215361255
0.03198143,0.09937456,0.0725434288,0.2713226502018911,0.04867734979810887,0.32,2e-09,0.7300000000000001,0.005012883496897391,0.8938329352305128,-709.60760000000004766,-652.19010000000002947,-700.8734383373971468,-21814.018692912446568,-21711.833493559497583,-21798.474615746530617
0.03200094,0.07608862,0.0555446926,0.2713226502018911,0.04867734979810887,0.32,2e-09,0.7300000000000001,0.005012883496897391,0.8938329352305128,-552.34180000000003474,-481.101600000000019,-541.5049745778524084,-16855.059625308607792,-16688.497498109802109,-16829.72274115619075
0.03208979,0.09614589,0.0701864997,0.2713226502018911,0.04867734979810887,0.32,2e-09,0.7300000000000001,0.005012883496897391,0.8938329352305128,-693.73900000000003274,-638.550200000000018,-685.343860867069111,-21257.960606667347747,-21164.67101221219491,-21243.769699724169186
0.03211533,0.08998309,0.06568765570000001,0.2713226502018911,0.04867734979810887,0.32,2e-09,0.7300000000000001,0.005012883496897391,0.8938329352305128,-652.45280000000002474,-594.18439999999998236,-643.58920222194956295,-19948.925980831776542,-19844.958906765969004,-19933.110850732438848
0.03220492,0.0243117,0.017747541000000002,0.2713226502018911,0.04867734979810887,0.32,2e-09,0.7300000000000001,0.005012883496897391,0.8938329352305128,-175.94870000000000232,-156.1518000000000086,-172.93726054306816309,-5334.9557639644026494,-5282.06678854063739,-5326.910466598257699
0.03221189,0.2872257,0.20967476100000002,0.2713226502018911,0.04867734979810887,0.32,2e-09,0.7300000000000001,0.005012883496897391,0.8938329352305128,-1367.2719999999999345,-1231.7880000000000109,-1346.6626185623531455,-41633.099172090762295,-41360.30134262318461,-41591.60206156213826
0.03227366,0.04354285,0.03178628050000001,0.2713226502018911,0.04867734979810887,0.32,2e-09,0.7300000000000001,0.005012883496897391,0.8938329352305128,-338.45310000000000628,-307.23689999999999145,-333.70459410385086585,-10286.491701656494115,-10230.422021331498399,-10277.962565899468245
0.03228214,0.1027072,0.074976256,0.2713226502018911,0.04867734979810887,0.32,2e-09,0.7300000000000001,0.005012883496897391,0.8938329352305128,-732.086400000000026,-669.51940000000001874,-722.56891329744280483,-22283.237031224249222,-22164.881357127400406,-22265.23315450986047
0.03229054,0.2680244,0.19565781200000001,0.2713226502018911,0.04867734979810887,0.32,2e-09,0.7300000000000001,0.005012883496897391,0.8938329352305128,-1317.8179999999999836,-1182.9249999999999545,-1297.2985195427613689,-40011.966536098632787,-39736.798138949678105,-39970.1088225942367
0.032312,0.06160313,0.044970284900000004,0.2713226502018911,0.04867734979810887,0.32,2e-09,0.7300000000000001,0.005012883496897391,0.8938329352305128,-479.60849999999999227,-434.8147999999999911,-472.79462936358885372,-14566.285684754886461,-14470.329764734080527,-14551.689185117222223
0.03237051,0.1293192,0.094403016,0.2713226502018911,0.04867734979810887,0.32,2e-09,0.7300000000000001,0.005012883496897391,0.8938329352305128,-847.0076000000000249,-756.6430000000000291,-833.26163361385567896,-25635.856754854234168,-25451.826943764986936,-25607.862743955261976
0.03247654,0.05934627,0.04332277710000001,0.2713226502018911,0.04867734979810887,0.32,2e-09,0.7300000000000001,0.005012883496897391,0.8938329352305128,-468.45589999999998554,-428.76539999999999964,-462.4183113994942005,-14172.132509026747357,-14092.964525693923861,-14160.0897352220508765
0.03261713,0.2119235,0.154704155,0.2713226502018911,0.04867734979810887,0.32,2e-09,0.7300000000000001,0.005012883496897391,0.8938329352305128,-1166.2329999999999472,-1043.0850000000000364,-1147.5001303970700519,-35040.551634867741086,-34785.98027996068413,-35001.827075832145056
0.03269701,0.05048013,0.0368504949,0.2713226502018911,0.04867734979810887,0.32,2e-09,0.7300000000000001,0.005012883496897391,0.8938329352305128,-405.30869999999998754,-376.1652000000000271,-400.87548642549626265,-12197.616188385338319,-12152.76729096046256,-12190.793921297805355
0.03277754,0.05269585,0.038467970500000004,0.2713226502018911,0.04867734979810887,0.32,2e-09,0.7300000000000001,0.005012883496897391,0.8938329352305128,-424.777499999999975,-394.65179999999998017,-420.19487738495968188,-12755.080613972206265,-12707.3542308915893955,-12747.820633210287269
0.032964,0.1738773,0.12693042900000004,0.2713226502018911,0.04867734979810887,0.32,2e-09,0.7300000000000001,0.005012883496897391,0.8938329352305128,-1046.2149999999999181,-936.4419000000000324,-1029.5166762902410937,-31107.207690911956888,-30887.248695954935101,-31073.748250478318369
0.03297854,0.2050284,0.14967073200000003,0.2713226502018911,0.04867734979810887,0.32,2e-09,0.7300000000000001,0.005012883496897391,0.8938329352305128,-1160.6279999999999291,-1043.1020000000000891,-1142.7503305863356218,-34512.65258994555188,-34275.827084827535145,-34476.627471340099873
0.03313235,0.1210849,0.08839197700000001,0.2713226502018911,0.04867734979810887,0.32,2e-09,0.7300000000000001,0.005012883496897391,0.8938329352305128,-820.9580999999999449,-724.8062999999999647,-806.3318037427567333,-24244.281590901107847,-24038.344515933527873,-24212.955118917994696
0.03324089,0.2190659,0.15991810700000003,0.2713226502018911,0.04867734979810887,0.32,2e-09,0.7300000000000001,0.005012883496897391,0.8938329352305128,-1211.4860000000001037,-1087.5789999999999509,-1192.6376738080177802,-35736.70060902332625,-35492.192281910778547,-35699.506804750177253
0.03324705,0.3083402,0.22508834600000002,0.2713226502018911,0.04867734979810887,0.32,2e-09,0.7300000000000001,0.005012883496897391,0.8938329352305128,-1458.3160000000000309,-1313.6269999999999527,-1436.3063841720668279,-43029.09721291155438,-42746.863895431488345,-42986.16480691261677
0.03338444,0.08140935,0.05942882550000001,0.2713226502018911,0.04867734979810887,0.32,2e-09,0.7300000000000001,0.005012883496897391,0.8938329352305128,-611.9516999999999598,-542.54100000000005366,-601.39317211365118965,-17942.272017836945452,-17801.056033709086478,-17920.790705785457249
0.03341502,0.09301686,0.06790230780000002,0.2713226502018911,0.04867734979810887,0.32,2e-09,0.7300000000000001,0.005012883496897391,0.8938329352305128,-700.8080999999999676,-645.00940000000002783,-692.3201848806882026,-20626.41384607402506,-20537.254710474335297,-20612.851250976265874
0.03346511,0.1251344,0.09134811200000002,0.2713226502018911,0.04867734979810887,0.32,2e-09,0.7300000000000001,0.005012883496897391,0.8938329352305128,-850.220299999999952,-755.2294000000000551,-835.77059604082126043,-24878.255779967315902,-24685.072972946356458,-24848.869445366250147
0.03352751,0.1336438,0.09755997400000002,0.2713226502018911,0.04867734979810887,0.32,2e-09,0.7300000000000001,0.005012883496897391,0.8938329352305128,-903.9198000000000093,-819.0670999999999822,-891.0122857524562505,-26466.252246876527352,-26311.932633048250864,-26442.777653679560899
0.03354574,0.138113,0.10082249000000003,0.2713226502018911,0.04867734979810887,0.32,2e-09,0.7300000000000001,0.005012883496897391,0.8938329352305128,-931.43460000000004584,-850.9601000000000113,-919.1930831677252627,-27285.961200753092271,-27146.618966715141141,-27264.764917415854143
0.03356609,0.1475047,0.107678431,0.2713226502018911,0.04867734979810887,0.32,2e-09,0.7300000000000001,0.005012883496897391,0.8938329352305128,-975.94060000000001764,-891.9656999999999698,-963.16661380762116096,-28574.507416409844154,-28423.718521568207507,-28551.569904597727145
0.03379516,0.08418375,0.061454137500000006,0.2713226502018911,0.04867734979810887,0.32,2e-09,0.7300000000000001,0.005012883496897391,0.8938329352305128,-640.45079999999995835,-574.25270000000000437,-630.38096228228062046,-18576.694544795424008,-18451.658786727450206,-18557.674515630591486
0.0338385,0.2421226,0.176749498,0.2713226502018911,0.04867734979810887,0.32,2e-09,0.7300000000000001,0.005012883496897391,0.8938329352305128,-1312.69399999999996,-1190.0450000000000728,-1294.0370366394115536,-38088.61032303171669,-37860.902834093692945,-38053.972207123319095
0.03404629,0.3584405,0.26166156500000004,0.2713226502018911,0.04867734979810887,0.32,2e-09,0.7300000000000001,0.005012883496897391,0.8938329352305128,-1607.6690000000000964,-1452.7850000000000819,-1584.1085542308428558,-46345.976516145390633,-46056.389382266061148,-46301.925471730151912
0.03423761,0.1983685,0.14480900500000002,0.2713226502018911,0.04867734979810887,0.32,2e-09,0.7300000000000001,0.005012883496897391,0.8938329352305128,-1187.3040000000000873,-1077.8479999999999563,-1170.6539125015567606,-34056.54032520025794,-33855.44815167528577,-34025.950843724203878
0.03427059,0.3197543,0.233420639,0.2713226502018911,0.04867734979810887,0.32,2e-09,0.7300000000000001,0.005012883496897391,0.8938329352305128,-1530.7889999999999873,-1384.5499999999999545,-1508.5436032589823299,-43846.870906975644175,-43576.98233126168634,-43805.81634258019767
0.03439506,0.04593777,0.03353457210000001,0.2713226502018911,0.04867734979810887,0.32,2e-09,0.7300000000000001,0.005012883496897391,0.8938329352305128,-383.45690000000001874,-353.4264999999999759,-378.88877410819645775,-10961.696733293718353,-10916.299554097189684,-10954.79106338247766
0.03439555,0.2341489,0.17092869700000002,0.2713226502018911,0.04867734979810887,0.32,2e-09,0.7300000000000001,0.005012883496897391,0.8938329352305128,-1309.6210000000000946,-1189.8379999999999654,-1291.4000031535410926,-37396.98467615519621,-37182.64552446142625,-37364.38010783510981
0.03469431,0.1857114,0.13556932200000002,0.2713226502018911,0.04867734979810887,0.32,2e-09,0.7300000000000001,0.005012883496897391,0.8938329352305128,-1158.2429999999999382,-1056.4700000000000273,-1142.7616252468656057,-32806.452786120207747,-32631.438040062752407,-32779.830117327503103
0.0300228,0.1350342,0.099925308,0.2713226502018911,0.04867734979810887,0.32,2e-09,0.7400000000000001,0.005084852568330192,0.9072635944430242,-821.92259999999998854,-736.67619999999999436,-808.95519740053271107,-26826.710906955995597,-26642.670778491021338,-26798.715326611687487
0.03007042,0.01555883,0.011513534200000002,0.2713226502018911,0.04867734979810887,0.32,2e-09,0.7400000000000001,0.005084852568330192,0.9072635944430242,-91.97208999999999435,-86.63455000000000439,-91.16016093237061568,-2994.763384372490691,-2977.6264065604063944,-2992.15656354923658
0.03007085,0.01958722,0.014494542800000001,0.2713226502018911,0.04867734979810887,0.32,2e-09,0.7400000000000001,0.005084852568330192,0.9072635944430242,-125.635300000000000864,-114.762000000000000455,-123.98128928887568634,-4086.1487316660641227,-4052.343548305007971,-4081.0063981177659116
0.03008527,0.3622079,0.2680338460000001,0.2713226502018911,0.04867734979810887,0.32,2e-09,0.7400000000000001,0.005084852568330192,0.9072635944430242,-1448.2100000000000364,-1292.5429999999998927,-1424.5304468405554417,-47150.679594792418357,-46798.277292293038045,-47097.073313078595675
0.03008933,0.009816958,0.0072645489200000015,0.2713226502018911,0.04867734979810887,0.32,2e-09,0.7400000000000001,0.005084852568330192,0.9072635944430242,-45.407890000000001862,-44.34468999999999994,-45.246159505295779013,-1467.4999416265663967,-1463.908302625184433,-1466.9535932890075856
0.03019019,0.07953253,0.05885407220000001,0.2713226502018911,0.04867734979810887,0.32,2e-09,0.7400000000000001,0.005084852568330192,0.9072635944430242,-543.3612000000000535,-472.15850000000000364,-532.53007895478185674,-17567.445567447615758,-17390.809538485435041,-17540.57627442030207
0.03020913,0.03512298,0.025991005200000004,0.2713226502018911,0.04867734979810887,0.32,2e-09,0.7400000000000001,0.005084852568330192,0.9072635944430242,-246.5449999999999875,-213.56960000000000832,-241.5288903733357131,-7953.4382161598969105,-7869.828453153629198,-7940.7197734086676064
0.03021354,0.1223447,0.09053507800000002,0.2713226502018911,0.04867734979810887,0.32,2e-09,0.7400000000000001,0.005084852568330192,0.9072635944430242,-760.06790000000000873,-663.7807999999999993,-745.4210223507952833,-24574.199677271280962,-24336.20079046907631,-24537.996067694930389
0.03023755,0.01235882,0.009145526800000001,0.2713226502018911,0.04867734979810887,0.32,2e-09,0.7400000000000001,0.005084852568330192,0.9072635944430242,-65.700209999999998445,-63.261710000000000775,-65.329273382866588804,-2124.2156696477973128,-2116.2450253761003296,-2123.0032013998916227
0.03025231,0.3231,0.23909400000000003,0.2713226502018911,0.04867734979810887,0.32,2e-09,0.7400000000000001,0.005084852568330192,0.9072635944430242,-1377.0570000000000164,-1230.1179999999999382,-1354.705121556298991,-44592.36055352432595,-44263.52291521643201,-44542.33885119089973
0.03035979,0.0645625,0.047776250000000006,0.2713226502018911,0.04867734979810887,0.32,2e-09,0.7400000000000001,0.005084852568330192,0.9072635944430242,-467.76429999999999154,-417.35359999999997171,-460.0959897579139124,-15087.698509437874236,-14963.526491552918742,-15068.809869594988413
0.03040095,0.4112492,0.30432440800000005,0.2713226502018911,0.04867734979810887,0.32,2e-09,0.7400000000000001,0.005084852568330192,0.9072635944430242,-1553.4110000000000582,-1388.6069999999999709,-1528.341556387101491,-50063.126596743473783,-49696.956925381426117,-50007.426068061133265
0.03044645,0.007797887,0.0057704363800000005,0.2713226502018911,0.04867734979810887,0.32,2e-09,0.7400000000000001,0.005084852568330192,0.9072635944430242,-31.402629999999998489,-30.951689999999999259,-31.334034487131372515,-993.40045168875917625,-991.8669506001172067,-993.16718053592285287
0.03055031,0.2288268,0.16933183200000002,0.2713226502018911,0.04867734979810887,0.32,2e-09,0.7400000000000001,0.005084852568330192,0.9072635944430242,-1158.2080000000000837,-1036.2690000000000055,-1139.6590395092762265,-37148.18727044868865,-36881.716362520535768,-37107.652590460442298
0.0305607,0.04143095,0.030658903000000005,0.2713226502018911,0.04867734979810887,0.32,2e-09,0.7400000000000001,0.005084852568330192,0.9072635944430242,-301.29680000000001883,-268.675200000000018,-296.33450926820626137,-9646.011154187384818,-9576.693069717088292,-9635.466714671460068
0.03056243,0.4534871,0.33558045400000003,0.2713226502018911,0.04867734979810887,0.32,2e-09,0.7400000000000001,0.005084852568330192,0.9072635944430242,-1632.2960000000000491,-1460.2639999999998963,-1606.1270567485366882,-52334.032714606437366,-51955.35856303571927,-52276.430045432971383
0.03056526,0.1145529,0.08476914600000002,0.2713226502018911,0.04867734979810887,0.32,2e-09,0.7400000000000001,0.005084852568330192,0.9072635944430242,-739.45450000000005275,-652.1597000000000435,-726.1755015151376256,-23662.737827715231106,-23450.490109355949244,-23630.45140137015187
0.03058356,0.5104442,0.3777287080000001,0.2713226502018911,0.04867734979810887,0.32,2e-09,0.7400000000000001,0.005084852568330192,0.9072635944430242,-1719.9909999999999854,-1538.9259999999999309,-1692.4479864337668005,-55108.794249050151848,-54710.914783543208614,-55048.270130550256
0.03058941,1.23718,0.9155132000000001,0.2713226502018911,0.04867734979810887,0.32,2e-09,0.7400000000000001,0.005084852568330192,0.9072635944430242,-2398.1829999999999927,-2146.0520000000001346,-2359.8296597439157267,-76825.253469730130746,-76272.05202967583318,-76741.10228221031139
0.03059517,0.9837817,0.7279984580000001,0.2713226502018911,0.04867734979810887,0.32,2e-09,0.7400000000000001,0.005084852568330192,0.9072635944430242,-2218.8739999999997963,-1985.6040000000000418,-2183.3897331643593134,-71067.85348212131066,-70556.14001003369049,-70990.0133081300155
0.03060089,0.7955726,0.5887237240000001,0.2713226502018911,0.04867734979810887,0.32,2e-09,0.7400000000000001,0.005084852568330192,0.9072635944430242,-2055.1030000000000655,-1839.0519999999999072,-2022.2380309336524533,-65810.15207880646631,-65336.28906766822911,-65738.069592714091414
0.03060663,0.6758204,0.500107096,0.2713226502018911,0.04867734979810887,0.32,2e-09,0.7400000000000001,0.005084852568330192,0.9072635944430242,-1931.09699999999998,-1728.0869999999999891,-1900.2157850546434474,-61827.617306426960567,-61382.382487691706046,-61759.889647008603788
0.03060753,0.6007687,0.4445688380000001,0.2713226502018911,0.04867734979810887,0.32,2e-09,0.7400000000000001,0.005084852568330192,0.9072635944430242,-1842.4729999999999563,-1648.7529999999999291,-1813.0049493659696509,-58988.241869361547288,-58563.319812149216887,-58923.604120561991294
0.03061128,0.5491805,0.40639357000000004,0.2713226502018911,0.04867734979810887,0.32,2e-09,0.7400000000000001,0.005084852568330192,0.9072635944430242,-1775.7000000000000455,-1588.9970000000000709,-1747.2993523770114734,-56843.468405565508874,-56433.902780160125985,-56781.166626774444012
0.03064283,0.08794633,0.0650802842,0.2713226502018911,0.04867734979810887,0.32,2e-09,0.7400000000000001,0.005084852568330192,0.9072635944430242,-609.012299999999982,-546.53290000000004056,-599.5081387219501039,-19477.106353627179487,-19348.321117213923571,-19457.515966121802194
0.03064586,0.1540234,0.11397731600000002,0.2713226502018911,0.04867734979810887,0.32,2e-09,0.7400000000000001,0.005084852568330192,0.9072635944430242,-919.82910000000003947,-827.39469999999994343,-905.7682824306926932,-29429.968932011266588,-29227.444321783346822,-29399.161552965048031
0.03065952,0.4794381,0.35478419400000005,0.2713226502018911,0.04867734979810887,0.32,2e-09,0.7400000000000001,0.005084852568330192,0.9072635944430242,-1678.1539999999999964,-1502.0099999999999909,-1651.3595528036307769,-53637.948719747211726,-53252.536677618372778,-53579.321104774993728
0.03070645,0.1072528,0.07936707200000001,0.2713226502018911,0.04867734979810887,0.32,2e-09,0.7400000000000001,0.005084852568330192,0.9072635944430242,-718.9248999999999796,-648.59969999999998436,-708.227261374931345,-22964.16178710521126,-22809.30787519837395,-22940.605918238037702
0.03074144,0.253019,0.18723406,0.2713226502018911,0.04867734979810887,0.32,2e-09,0.7400000000000001,0.005084852568330192,0.9072635944430242,-1232.66599999999994,-1102.9990000000000236,-1212.941481511651773,-39292.940039587803767,-39007.298756617594336,-39249.489225063043705
0.03074227,0.4310684,0.31899061600000006,0.2713226502018911,0.04867734979810887,0.32,2e-09,0.7400000000000001,0.005084852568330192,0.9072635944430242,-1605.0199999999999818,-1437.0769999999999982,-1579.4730620089255808,-51165.327397135290084,-50799.47192355664447,-51109.674663188590785
0.03075302,0.3771734,0.279108316,0.2713226502018911,0.04867734979810887,0.32,2e-09,0.7400000000000001,0.005084852568330192,0.9072635944430242,-1509.3840000000000146,-1351.5099999999999909,-1485.3687252436666313,-48100.06231113805552,-47756.481429835672316,-48047.7979150658648
0.03076073,0.07429974,0.05498180760000001,0.2713226502018911,0.04867734979810887,0.32,2e-09,0.7400000000000001,0.005084852568330192,0.9072635944430242,-522.8867000000000189,-453.25499999999999545,-512.29455431894689355,-16589.076347018424713,-16413.097455825198267,-16562.307015631875402
0.03081384,0.3483098,0.25774925200000004,0.2713226502018911,0.04867734979810887,0.32,2e-09,0.7400000000000001,0.005084852568330192,0.9072635944430242,-1455.8800000000001091,-1303.7850000000000819,-1432.7438077576769047,-46304.76283688723197,-45973.873162281597615,-46254.428985526727047
0.03083147,0.3006259,0.22246316600000005,0.2713226502018911,0.04867734979810887,0.32,2e-09,0.7400000000000001,0.005084852568330192,0.9072635944430242,-1353.7329999999999472,-1212.2190000000000509,-1332.2063547520949669,-43030.876001617099973,-42722.425794038004824,-42983.955568337012664
0.0308377,0.05771552,0.0427094848,0.2713226502018911,0.04867734979810887,0.32,2e-09,0.7400000000000001,0.005084852568330192,0.9072635944430242,-435.266900000000021,-399.69760000000002265,-429.85621481820663803,-13870.681060122784402,-13799.328637317506946,-13859.827163735797512
0.03084305,0.3934223,0.291132502,0.2713226502018911,0.04867734979810887,0.32,2e-09,0.7400000000000001,0.005084852568330192,0.9072635944430242,-1544.1620000000000346,-1383.1440000000000055,-1519.6684702819002268,-49067.590890994193614,-48718.455547213285172,-49014.48156831885717
0.030913,0.1876437,0.13885633800000002,0.2713226502018911,0.04867734979810887,0.32,2e-09,0.7400000000000001,0.005084852568330192,0.9072635944430242,-1049.4079999999999018,-947.20050000000003365,-1033.8605305328428585,-33301.24099399807892,-33091.711160902952543,-33269.368003439602035
0.03094877,0.07178211,0.053118761400000006,0.2713226502018911,0.04867734979810887,0.32,2e-09,0.7400000000000001,0.005084852568330192,0.9072635944430242,-512.80939999999998236,-446.49750000000000227,-502.7222513997586475,-16179.802471714181593,-16012.830317532936533,-16154.403215602855198
0.03122479,0.1442166,0.10672028400000001,0.2713226502018911,0.04867734979810887,0.32,2e-09,0.7400000000000001,0.005084852568330192,0.9072635944430242,-902.735300000000052,-822.4133000000000493,-890.51698096723839626,-28394.757960194812767,-28240.39785496935292,-28371.277207579394599
0.03123448,0.1108436,0.08202426400000001,0.2713226502018911,0.04867734979810887,0.32,2e-09,0.7400000000000001,0.005084852568330192,0.9072635944430242,-743.239400000000046,-664.1426000000000158,-731.20745437027790103,-23314.165195743826189,-23134.712310788498144,-23286.867411827417527
0.03126668,0.03855999,0.028534392600000007,0.2713226502018911,0.04867734979810887,0.32,2e-09,0.7400000000000001,0.005084852568330192,0.9072635944430242,-283.42840000000001055,-249.87540000000001328,-278.3244277569501719,-8856.574866855335131,-8782.030353669480974,-8845.235400155717798
0.03134862,0.1815653,0.13435832200000003,0.2713226502018911,0.04867734979810887,0.32,2e-09,0.7400000000000001,0.005084852568330192,0.9072635944430242,-1037.19399999999996,-931.3808999999999969,-1021.09805849399276667,-32437.549800323897216,-32218.11108804804826,-32404.169503584216727
0.03137477,0.1644976,0.12172822400000001,0.2713226502018911,0.04867734979810887,0.32,2e-09,0.7400000000000001,0.005084852568330192,0.9072635944430242,-969.2495000000000118,-859.37649999999996453,-952.53597983010115513,-30240.742595288546,-29991.93159738543909,-30202.894282855588244
0.03147854,0.3353158,0.24813369200000004,0.2713226502018911,0.04867734979810887,0.32,2e-09,0.7400000000000001,0.005084852568330192,0.9072635944430242,-1459.9349999999999454,-1311.4359999999999218,-1437.3458194760330571,-45475.136923406040296,-45164.501768622911186,-45427.884123128009378
0.03152162,0.06691901,0.049520067400000006,0.2713226502018911,0.04867734979810887,0.32,2e-09,0.7400000000000001,0.005084852568330192,0.9072635944430242,-497.45289999999999964,-441.12990000000002055,-488.8852300853784527,-15445.653982929890844,-15310.799222820574869,-15425.140319399324653
0.03153372,0.2803025,0.20742385000000005,0.2713226502018911,0.04867734979810887,0.32,2e-09,0.7400000000000001,0.005084852568330192,0.9072635944430242,-1335.1520000000000437,-1199.7170000000000982,-1314.5500722815409063,-41517.142459156944824,-41235.543784251574834,-41474.306592903652927
0.03156522,0.05548043,0.0410555182,0.2713226502018911,0.04867734979810887,0.32,2e-09,0.7400000000000001,0.005084852568330192,0.9072635944430242,-429.71129999999999427,-397.28190000000000737,-424.77824610142874917,-13390.361606583741377,-13332.146257191117911,-13381.506078689977585
0.03168574,0.03044988,0.022532911200000002,0.2713226502018911,0.04867734979810887,0.32,2e-09,0.7400000000000001,0.005084852568330192,0.9072635944430242,-220.76970000000000027,-191.7120999999999924,-216.34955325158270512,-6791.5135299526518793,-6717.435951351579206,-6780.2450918096474197
0.03174637,0.04874889,0.036074178600000006,0.2713226502018911,0.04867734979810887,0.32,2e-09,0.7400000000000001,0.005084852568330192,0.9072635944430242,-377.74630000000001928,-348.36360000000001946,-373.2767001065221848,-11697.542551609267321,-11649.4670196284041594,-11690.229459462509112
0.03175151,0.1004087,0.07430243800000001,0.2713226502018911,0.04867734979810887,0.32,2e-09,0.7400000000000001,0.005084852568330192,0.9072635944430242,-713.02880000000004657,-655.0525000000000091,-704.20963551531212943,-22078.896823888149811,-21974.589395524963038,-22063.029920210097771
0.031801,0.09714646,0.07188838040000001,0.2713226502018911,0.04867734979810887,0.32,2e-09,0.7400000000000001,0.005084852568330192,0.9072635944430242,-695.66039999999998145,-639.86810000000002674,-687.1734584276841815,-21510.41177258254902,-21414.630792128878966,-21495.84188417770929
0.03182345,0.06932364,0.05129949360000001,0.2713226502018911,0.04867734979810887,0.32,2e-09,0.7400000000000001,0.005084852568330192,0.9072635944430242,-514.3251000000000204,-452.5092999999999961,-504.92188337609394466,-15803.748215897945556,-15655.323711097644264,-15781.170367339273071
0.03183754,0.09091973,0.06728060020000001,0.2713226502018911,0.04867734979810887,0.32,2e-09,0.7400000000000001,0.005084852568330192,0.9072635944430242,-654.275600000000054,-595.3750999999999749,-645.31584924442654483,-20179.036280083721067,-20072.293751356686698,-20162.798956930029817
0.03184736,0.1306647,0.09669187800000001,0.2713226502018911,0.04867734979810887,0.32,2e-09,0.7400000000000001,0.005084852568330192,0.9072635944430242,-844.601099999999974,-753.3632000000000062,-830.7222900839221893,-25979.526395348555525,-25789.00247750995186,-25950.544522243751999
0.03187566,0.2617348,0.19368375200000001,0.2713226502018911,0.04867734979810887,0.32,2e-09,0.7400000000000001,0.005084852568330192,0.9072635944430242,-1297.54099999999994,-1162.1980000000000928,-1276.9530670196079427,-39901.21248498492787,-39616.617519017316226,-39857.920832768715627
0.03195097,0.1699995,0.12579963000000002,0.2713226502018911,0.04867734979810887,0.32,2e-09,0.7400000000000001,0.005084852568330192,0.9072635944430242,-1005.46299999999996544,-892.4774999999999636,-988.2760165449553824,-30811.413086797670985,-30565.446175160690473,-30773.99740743356233
0.03204634,0.1591743,0.11778898200000001,0.2713226502018911,0.04867734979810887,0.32,2e-09,0.7400000000000001,0.005084852568330192,0.9072635944430242,-974.7400000000000091,-872.36569999999994707,-959.16715746426075384,-29812.267864468456537,-29593.04955021200658,-29778.921093952161755
0.03214471,0.02463783,0.0182319942,0.2713226502018911,0.04867734979810887,0.32,2e-09,0.7400000000000001,0.005084852568330192,0.9072635944430242,-177.02950000000001296,-157.2289000000000101,-174.01749771121114918,-5378.896296479353623,-5326.0315121405019454,-5370.8546789816537057
0.03217613,0.0768816,0.056892384000000004,0.2713226502018911,0.04867734979810887,0.32,2e-09,0.7400000000000001,0.005084852568330192,0.9072635944430242,-561.4498999999999569,-489.84379999999998745,-550.55741507069251384,-17045.841044566812343,-16880.207567807738087,-17020.645423671565368
0.03218391,0.1939299,0.143508126,0.2713226502018911,0.04867734979810887,0.32,2e-09,0.7400000000000001,0.005084852568330192,0.9072635944430242,-1115.4990000000000236,-1011.79899999999997817,-1099.7244963310502044,-34029.10150324292772,-33827.9637705289133,-33998.50509145255637
0.0321843,0.1183851,0.087604974,0.2713226502018911,0.04867734979810887,0.32,2e-09,0.7400000000000001,0.005084852568330192,0.9072635944430242,-791.6408999999999878,-697.73479999999995016,-777.3562122566368089,-24062.309276940810378,-23849.829906956412742,-24029.987612510773033
0.03225022,0.103776,0.07679424,0.2713226502018911,0.04867734979810887,0.32,2e-09,0.7400000000000001,0.005084852568330192,0.9072635944430242,-740.342899999999986,-677.2455999999999676,-730.74474580182425143,-22560.532109430663695,-22441.211534675720031,-22542.381455194856244
0.03232519,0.04401183,0.03256875420000001,0.2713226502018911,0.04867734979810887,0.32,2e-09,0.7400000000000001,0.005084852568330192,0.9072635944430242,-341.73169999999998936,-310.3258999999999901,-336.9543527740954687,-10371.514635414194345,-10315.149498203289113,-10362.940555725339436
0.03247717,0.06224789,0.046063438600000006,0.2713226502018911,0.04867734979810887,0.32,2e-09,0.7400000000000001,0.005084852568330192,0.9072635944430242,-486.7155999999999949,-441.69720000000000937,-479.867548737027505,-14711.091698135829574,-14615.696171423021951,-14696.5804436890339275
0.03253282,0.1,0.07400000000000001,0.2713226502018911,0.04867734979810887,0.32,2e-09,0.7400000000000001,0.005084852568330192,0.9072635944430242,-728.0747000000000071,-670.44860000000005584,-719.3088067899974476,-22012.582688408157992,-21913.48236501006977,-21997.507872448299167
0.03254979,0.2708187,0.20040583800000006,0.2713226502018911,0.04867734979810887,0.32,2e-09,0.7400000000000001,0.005084852568330192,0.9072635944430242,-1349.4559999999999036,-1212.7619999999999436,-1328.662557333428822,-40659.332691089104628,-40384.188997048899182,-40617.47873534054088
0.03257053,0.2902234,0.21476531600000004,0.2713226502018911,0.04867734979810887,0.32,2e-09,0.7400000000000001,0.005084852568330192,0.9072635944430242,-1404.7919999999999163,-1267.6069999999999709,-1383.9238680248324727,-42321.012714869735646,-42049.988763463159557,-42279.785440850100713
0.03258867,0.05996821,0.044376475400000004,0.2713226502018911,0.04867734979810887,0.32,2e-09,0.7400000000000001,0.005084852568330192,0.9072635944430242,-474.4889999999999759,-434.5543999999999869,-468.41427970860132746,-14308.4852068111522385,-14229.429745112947785,-14296.459549428231185
0.03276464,0.0510141,0.037750434000000006,0.2713226502018911,0.04867734979810887,0.32,2e-09,0.7400000000000001,0.005084852568330192,0.9072635944430242,-409.57290000000000418,-380.13529999999997244,-405.09494889869745293,-12302.296347973684533,-12256.927621893737523,-12295.395006257156638
0.03282966,0.05325148,0.039406095200000005,0.2713226502018911,0.04867734979810887,0.32,2e-09,0.7400000000000001,0.005084852568330192,0.9072635944430242,-429.12959999999998217,-398.7074000000000069,-424.50187477803734737,-12867.135873139337491,-12818.897552530004759,-12859.79801812066944
0.03300872,0.2141291,0.158455534,0.2713226502018911,0.04867734979810887,0.32,2e-09,0.7400000000000001,0.005084852568330192,0.9072635944430242,-1198.0009999999999764,-1073.3320000000001073,-1179.0367608688111432,-35582.388326328356925,-35329.711217477481114,-35543.951913786135265
0.03312033,0.09398496,0.06954887040000002,0.2713226502018911,0.04867734979810887,0.32,2e-09,0.7400000000000001,0.005084852568330192,0.9072635944430242,-702.7397999999999456,-646.30600000000004,-694.1552755530108243,-20867.12599271779618,-20775.493517479364527,-20853.187161311398086
0.03319679,0.1756864,0.13000793600000002,0.2713226502018911,0.04867734979810887,0.32,2e-09,0.7400000000000001,0.005084852568330192,0.9072635944430242,-1068.6890000000000782,-957.57590000000004693,-1051.7868398879618326,-31562.007435445757437,-31341.945570785490418,-31528.53234681046888
0.03344833,0.08225724,0.06087035760000001,0.2713226502018911,0.04867734979810887,0.32,2e-09,0.7400000000000001,0.005084852568330192,0.9072635944430242,-619.97260000000005675,-550.0520999999999958,-609.33652301075414925,-18146.861862480003765,-18005.163912819665711,-18125.307235413467424
0.03345325,0.2071621,0.15329995400000002,0.2713226502018911,0.04867734979810887,0.32,2e-09,0.7400000000000001,0.005084852568330192,0.9072635944430242,-1194.98700000000008,-1076.1199999999998909,-1176.905342067338097,-35045.804535736831895,-34811.95520875306829,-35010.232143581699347
0.03351246,0.2213461,0.16379611400000002,0.2713226502018911,0.04867734979810887,0.32,2e-09,0.7400000000000001,0.005084852568330192,0.9072635944430242,-1239.9010000000000673,-1114.3920000000000528,-1220.8089828255911016,-36289.958755519597617,-36045.610541166104667,-36252.789307073886448
0.03357255,0.3115632,0.23055676800000002,0.2713226502018911,0.04867734979810887,0.32,2e-09,0.7400000000000001,0.005084852568330192,0.9072635944430242,-1496.6169999999999618,-1349.97199999999998,-1474.3098438714259828,-43746.269625864297268,-43464.88264736905694,-43703.465962174152082
0.03370286,0.1264364,0.09356293600000001,0.2713226502018911,0.04867734979810887,0.32,2e-09,0.7400000000000001,0.005084852568330192,0.9072635944430242,-867.435799999999972,-771.4996999999999616,-852.8423153188550714,-25210.967161827051314,-25018.215346895885887,-25181.64638832822311
0.03376514,0.08506033,0.06294464420000001,0.2713226502018911,0.04867734979810887,0.32,2e-09,0.7400000000000001,0.005084852568330192,0.9072635944430242,-647.0928000000000111,-580.32150000000001455,-636.9357689794547923,-18788.82800081266032,-18662.541681127742777,-18769.617740318852157
0.0338211,0.1395499,0.10326692600000002,0.2713226502018911,0.04867734979810887,0.32,2e-09,0.7400000000000001,0.005084852568330192,0.9072635944430242,-951.56100000000003547,-870.11099999999999,-939.17109330920004595,-27656.342442859589937,-27517.098549287296919,-27635.16111875124625
0.03414264,0.04642853,0.034357112200000005,0.2713226502018911,0.04867734979810887,0.32,2e-09,0.7400000000000001,0.005084852568330192,0.9072635944430242,-383.8095000000000141,-353.5525000000000091,-379.20690445987065686,-11053.016655559196806,-11006.5737376522993145,-11045.951911307325645
0.03418631,0.1490394,0.11028915600000001,0.2713226502018911,0.04867734979810887,0.32,2e-09,0.7400000000000001,0.005084852568330192,0.9072635944430242,-1007.4959999999999809,-922.63369999999997617,-994.5870254319622745,-28976.788678346434608,-28828.983563356599916,-28954.3050493329647
0.03424641,0.2446442,0.18103670800000002,0.2713226502018911,0.04867734979810887,0.32,2e-09,0.7400000000000001,0.005084852568330192,0.9072635944430242,-1349.2580000000000382,-1225.1759999999999309,-1330.3830533823470432,-38698.274396864922892,-38472.61445063672727,-38663.947746433761495
0.03468688,0.2365869,0.175074306,0.2713226502018911,0.04867734979810887,0.32,2e-09,0.7400000000000001,0.005084852568330192,0.9072635944430242,-1341.1600000000000819,-1219.9329999999999927,-1322.7193466125770556,-37987.885668026909116,-37774.14936111402494,-37955.372802476420475
0.0347078,0.2004327,0.14832019800000001,0.2713226502018911,0.04867734979810887,0.32,2e-09,0.7400000000000001,0.005084852568330192,0.9072635944430242,-1221.5650000000000546,-1110.9320000000000164,-1204.7358711243307425,-34578.93252144766302,-34380.38432823104813,-34548.730021907074843
0.0300532,0.2390408,0.1792806,0.2713226502018911,0.04867734979810887,0.32,2e-09,0.7500000000000001,0.005154397097587454,0.9206720790388758,-1183.0519999999999072,-1061.5370000000000346,-1164.5675369977586797,-38588.61436211533146,-38321.8144756958136,-38548.029638998646988
0.03006539,0.01984743,0.014885572500000001,0.2713226502018911,0.04867734979810887,0.32,2e-09,0.7500000000000001,0.005154397097587454,0.9206720790388758,-126.445599999999998886,-115.56860000000000355,-124.7910264570186456,-4114.070462549194417,-4080.3648778464089446,-4108.943279621921647
0.03006961,0.01576553,0.011824147500000002,0.2713226502018911,0.04867734979810887,0.32,2e-09,0.7500000000000001,0.005154397097587454,0.9206720790388758,-92.47926999999999964,-87.13987000000000194,-91.667057995274930704,-3011.8600832541433192,-2994.777904702270007,-3009.2615983145078644
0.03014178,0.00994738,0.007460535000000002,0.2713226502018911,0.04867734979810887,0.32,2e-09,0.7500000000000001,0.005154397097587454,0.9206720790388758,-45.65431000000000239,-44.59089999999999776,-45.492547560784977634,-1473.1485589177423208,-1469.5807425046798471,-1472.605834394135627
0.0302008,0.01252301,0.0093922575,0.2713226502018911,0.04867734979810887,0.32,2e-09,0.7500000000000001,0.005154397097587454,0.9206720790388758,-65.92282000000000153,-63.484139999999996462,-65.55185600185733108,-2134.257068212028571,-2126.300861272574366,-2133.046796123722288
0.03021428,0.007901484,0.005926113000000001,0.2713226502018911,0.04867734979810887,0.32,2e-09,0.7500000000000001,0.005154397097587454,0.9206720790388758,-31.264459999999999695,-30.813949999999998397,-31.19592989732016619,-996.46248408024246146,-994.9188121797093345,-996.22766577688071266
0.03023679,0.2025103,0.15188272500000002,0.2713226502018911,0.04867734979810887,0.32,2e-09,0.7500000000000001,0.005154397097587454,0.9206720790388758,-1082.8740000000000236,-972.13649999999995543,-1066.0289749272872086,-35110.05786771440762,-34864.74846620280732,-35072.742206632705347
0.03027414,0.03552746,0.026645595,0.2713226502018911,0.04867734979810887,0.32,2e-09,0.7500000000000001,0.005154397097587454,0.9206720790388758,-249.05019999999998959,-216.07699999999999818,-244.03442503011558529,-8019.670017569485026,-7936.5586338548046115,-8007.0273866404704677
0.0302986,0.08035788,0.060268410000000015,0.2713226502018911,0.04867734979810887,0.32,2e-09,0.7500000000000001,0.005154397097587454,0.9206720790388758,-551.264699999999948,-479.63049999999998363,-540.3679405909133493,-17764.642360221245326,-17588.214649809797265,-17737.804755928191298
0.03034429,0.1505841,0.11293807500000001,0.2713226502018911,0.04867734979810887,0.32,2e-09,0.7500000000000001,0.005154397097587454,0.9206720790388758,-908.4380999999999631,-823.394800000000032,-895.50159230598274007,-29384.39963582755081,-29206.580410800554091,-29357.350358897961996
0.03036734,0.3659989,0.27449917500000004,0.2713226502018911,0.04867734979810887,0.32,2e-09,0.7500000000000001,0.005154397097587454,0.9206720790388758,-1485.9490000000000691,-1328.1400000000001,-1461.9436128303443638,-47947.492802042172116,-47595.825773960947117,-47893.998367859763675
0.03041041,0.1,0.07500000000000001,0.2713226502018911,0.04867734979810887,0.32,2e-09,0.7500000000000001,0.005154397097587454,0.9206720790388758,-683.8785000000000309,-626.747600000000034,-675.18793498881007054,-22100.952624393987207,-21993.44788647810492,-22084.599356479968264
0.03051254,0.08885837,0.06664377750000001,0.2713226502018911,0.04867734979810887,0.32,2e-09,0.7500000000000001,0.005154397097587454,0.9206720790388758,-613.2320999999999458,-550.14239999999995234,-603.6351018888819908,-19697.272934579315915,-19566.235516370525147,-19677.339952570593596
0.03051492,0.3264671,0.24485032500000004,0.2713226502018911,0.04867734979810887,0.32,2e-09,0.7500000000000001,0.005154397097587454,0.9206720790388758,-1411.4980000000000473,-1262.5789999999999509,-1388.8449304544230927,-45330.053842710251047,-45001.677101115368714,-45280.102250472191372
0.03053905,0.06523477,0.048926077500000005,0.2713226502018911,0.04867734979810887,0.32,2e-09,0.7500000000000001,0.005154397097587454,0.9206720790388758,-475.12569999999999482,-424.50099999999997635,-467.4248367802364328,-15240.238595543998599,-15117.072107890639018,-15221.502913659913247
0.03062039,0.04188009,0.031410067500000007,0.2713226502018911,0.04867734979810887,0.32,2e-09,0.7500000000000001,0.005154397097587454,0.9206720790388758,-304.272199999999998,-271.52359999999998763,-299.29059044500513664,-9724.548597088589304,-9655.168019656239267,-9713.994651348371917
0.03068668,0.1236128,0.0927096,0.2713226502018911,0.04867734979810887,0.32,2e-09,0.7500000000000001,0.005154397097587454,0.9206720790388758,-781.72670000000005075,-684.55299999999999727,-766.9449556685109428,-24898.267666421415925,-24664.245385555477696,-24862.668965089342237
0.03069336,0.4155889,0.31169167500000006,0.2713226502018911,0.04867734979810887,0.32,2e-09,0.7500000000000001,0.005154397097587454,0.9206720790388758,-1594.8779999999999291,-1427.7590000000000146,-1569.4564061846556342,-50928.544764399142878,-50563.186921877939312,-50872.967728455740144
0.03073361,0.2311998,0.17339985000000002,0.2713226502018911,0.04867734979810887,0.32,2e-09,0.7500000000000001,0.005154397097587454,0.9206720790388758,-1182.7419999999999618,-1059.2580000000000382,-1163.9580191797822408,-37719.718176687565574,-37452.641889154045202,-37679.091408340529597
0.03078416,0.1157402,0.08680515000000001,0.2713226502018911,0.04867734979810887,0.32,2e-09,0.7500000000000001,0.005154397097587454,0.9206720790388758,-754.1819000000000415,-666.27750000000003183,-740.81017116377222465,-23971.467144608355738,-23760.66605648928089,-23939.400774907746381
0.03079007,0.1083645,0.08127337500000001,0.2713226502018911,0.04867734979810887,0.32,2e-09,0.7500000000000001,0.005154397097587454,0.9206720790388758,-729.75670000000002346,-658.91060000000004493,-718.97982377646314944,-23252.710658060725109,-23097.777127812980325,-23229.14267791283055
0.0308655,0.4583219,0.34374142500000004,0.2713226502018911,0.04867734979810887,0.32,2e-09,0.7500000000000001,0.005154397097587454,0.9206720790388758,-1676.8460000000000036,-1502.3589999999999236,-1650.3036102055541505,-53254.279233452420158,-52876.551230300035968,-53196.820489271194674
0.03088621,0.5159945,0.3869958750000001,0.2713226502018911,0.04867734979810887,0.32,2e-09,0.7500000000000001,0.005154397097587454,0.9206720790388758,-1767.5380000000000109,-1583.821999999999889,-1739.5917250140330452,-56098.036396564733877,-55701.007214528493932,-56037.64162039587245
0.03089591,1.253626,0.9402195000000001,0.2713226502018911,0.04867734979810887,0.32,2e-09,0.7500000000000001,0.005154397097587454,0.9206720790388758,-2470.655999999999949,-2214.224999999999909,-2431.6485578560032081,-78390.978897973531275,-77837.69979041870101,-78306.815895928419195
0.03089625,0.05831879,0.04373909250000001,0.2713226502018911,0.04867734979810887,0.32,2e-09,0.7500000000000001,0.005154397097587454,0.9206720790388758,-440.01850000000001728,-404.182200000000023,-434.5671996544688227,-13998.0472489901439985,-13926.423716666584369,-13987.152112312985992
0.03090151,0.9968038,0.7476028500000002,0.2713226502018911,0.04867734979810887,0.32,2e-09,0.7500000000000001,0.005154397097587454,0.9206720790388758,-2285.1900000000000546,-2048.0169999999998254,-2249.1120216135409464,-72493.26929015015776,-71981.68730780406622,-72415.44911794680229
0.0309064,0.8056859,0.6042644250000001,0.2713226502018911,0.04867734979810887,0.32,2e-09,0.7500000000000001,0.005154397097587454,0.9206720790388758,-2115.4050000000002,-1895.8520000000000891,-2082.007318186799239,-67096.59454379588715,-66623.05292736386764,-67024.560947211430175
0.03091238,0.6838746,0.51290595,0.2713226502018911,0.04867734979810887,0.32,2e-09,0.7500000000000001,0.005154397097587454,0.9206720790388758,-1986.6230000000000473,-1780.4400000000000546,-1955.2591187080515738,-62999.680848495918326,-62555.01254712259106,-62932.03936583941686
0.03091269,0.6076063,0.4557047250000001,0.2713226502018911,0.04867734979810887,0.32,2e-09,0.7500000000000001,0.005154397097587454,0.9206720790388758,-1894.5860000000000127,-1697.9249999999999545,-1864.6705740979814436,-60080.251537343465316,-59656.045044039165077,-60015.72263777720218
0.03091625,0.5552578,0.4164433500000001,0.2713226502018911,0.04867734979810887,0.32,2e-09,0.7500000000000001,0.005154397097587454,0.9206720790388758,-1825.3450000000000273,-1635.8669999999999618,-1796.5222284842309364,-57877.798900826157478,-57469.070558880594035,-57815.62448684714036
0.03094479,0.07507136,0.05630352000000001,0.2713226502018911,0.04867734979810887,0.32,2e-09,0.7500000000000001,0.005154397097587454,0.9206720790388758,-531.62649999999996453,-461.694500000000005,-520.98867366849572136,-16772.517372141290252,-16597.863926243091555,-16745.949663143062935
0.03096613,0.4845911,0.36344332500000004,0.2713226502018911,0.04867734979810887,0.32,2e-09,0.7500000000000001,0.005154397097587454,0.9206720790388758,-1724.3959999999999582,-1545.7159999999998945,-1697.2157848064807695,-54590.577271756606933,-54206.178281114254787,-54532.103758851793827
0.03104951,0.1556198,0.11671485000000002,0.2713226502018911,0.04867734979810887,0.32,2e-09,0.7500000000000001,0.005154397097587454,0.9206720790388758,-944.71249999999997726,-851.39649999999994634,-930.5175763319988391,-29846.272504217227834,-29646.443128452370729,-29815.875115392089356
0.03105103,0.4356374,0.32672805000000005,0.2713226502018911,0.04867734979810887,0.32,2e-09,0.7500000000000001,0.005154397097587454,0.9206720790388758,-1648.7999999999999545,-1478.4970000000000709,-1622.8940665541645103,-52057.686861438349297,-51692.985827458796848,-52002.209737054734433
0.03105109,0.3811294,0.28584705000000005,0.2713226502018911,0.04867734979810887,0.32,2e-09,0.7500000000000001,0.005154397097587454,0.9206720790388758,-1549.4110000000000582,-1389.3740000000000236,-1525.0666967823751747,-48919.50406229982036,-48576.895590432875906,-48867.38758595962281
0.03108098,0.1364338,0.10232535000000001,0.2713226502018911,0.04867734979810887,0.32,2e-09,0.7500000000000001,0.005154397097587454,0.9206720790388758,-861.4493999999999687,-775.0325000000000273,-848.3039447819743373,-27180.922418132751773,-27004.109674049032037,-27154.026243781103403
0.03112518,0.2556446,0.19173345000000003,0.2713226502018911,0.04867734979810887,0.32,2e-09,0.7500000000000001,0.005154397097587454,0.9206720790388758,-1267.33400000000006,-1136.1020000000000891,-1247.3714188477954394,-39916.93553723662626,-39633.847598989290418,-39873.87312913133792
0.03114432,0.3519489,0.26396167500000006,0.2713226502018911,0.04867734979810887,0.32,2e-09,0.7500000000000001,0.005154397097587454,0.9206720790388758,-1495.6769999999999072,-1341.5550000000000637,-1472.2324671700494036,-47083.893086739903083,-46754.59882923585974,-47033.80192499292025
0.03116422,0.3975598,0.29816985000000007,0.2713226502018911,0.04867734979810887,0.32,2e-09,0.7500000000000001,0.005154397097587454,0.9206720790388758,-1586.4500000000000455,-1423.2239999999999327,-1561.6205965682931947,-49910.760699703161663,-49562.98789720419154,-49857.858642335937475
0.031175,0.07252795,0.054395962500000006,0.2713226502018911,0.04867734979810887,0.32,2e-09,0.7500000000000001,0.005154397097587454,0.9206720790388758,-521.96889999999996235,-455.39960000000002083,-511.8425965565147635,-16356.023365471188299,-16190.782857048970982,-16330.887521629669209
0.03118232,0.3037531,0.22781482500000003,0.2713226502018911,0.04867734979810887,0.32,2e-09,0.7500000000000001,0.005154397097587454,0.9206720790388758,-1391.0429999999998927,-1247.72199999999998,-1369.2414798424536002,-43736.86248719847208,-43430.411473529537034,-43690.24616473488277
0.03134785,0.03898651,0.029239882500000005,0.2713226502018911,0.04867734979810887,0.32,2e-09,0.7500000000000001,0.005154397097587454,0.9206720790388758,-286.40780000000000882,-252.7949000000000126,-281.29471596553480595,-8929.058178884824883,-8854.783688343730319,-8917.759787143744688
0.03142402,0.1119925,0.08399437500000001,0.2713226502018911,0.04867734979810887,0.32,2e-09,0.7500000000000001,0.005154397097587454,0.9206720790388758,-757.09789999999998145,-677.453899999999976,-744.9827161021231632,-23613.482500455684203,-23435.001501821916463,-23586.332556696896063
0.03143515,0.1834472,0.13758540000000002,0.2713226502018911,0.04867734979810887,0.32,2e-09,0.7500000000000001,0.005154397097587454,0.9206720790388758,-1054.91599999999994,-947.82389999999998054,-1038.62550121151844,-32908.109460338993813,-32687.114183030585991,-32874.492384035016585
0.0315204,0.09815355,0.07361516250000001,0.2713226502018911,0.04867734979810887,0.32,2e-09,0.7500000000000001,0.005154397097587454,0.9206720790388758,-697.5968000000000302,-641.19860000000005584,-689.0176909081759504,-21762.252264959199238,-21663.947760948522046,-21747.2985064327695
0.0315215,0.1014495,0.076087125,0.2713226502018911,0.04867734979810887,0.32,2e-09,0.7500000000000001,0.005154397097587454,0.9206720790388758,-716.30700000000001637,-657.7676000000000158,-707.40217859133929323,-22343.106773936753598,-22236.60779843713317,-22326.906499300705036
0.03152793,0.1457113,0.109283475,0.2713226502018911,0.04867734979810887,0.32,2e-09,0.7500000000000001,0.005154397097587454,0.9206720790388758,-923.59749999999996817,-842.3663999999999987,-911.24089165879627217,-28780.950757500566397,-28627.312452071666485,-28757.579802701340668
0.03156613,0.09186246,0.06889684500000001,0.2713226502018911,0.04867734979810887,0.32,2e-09,0.7500000000000001,0.005154397097587454,0.9206720790388758,-656.0866999999999507,-596.55550000000005184,-647.03100923030876857,-20408.660401306915446,-20299.109810961097537,-20391.995925035502296
0.03165105,0.05606144,0.042046080000000007,0.2713226502018911,0.04867734979810887,0.32,2e-09,0.7500000000000001,0.005154397097587454,0.9206720790388758,-434.64220000000000255,-401.9241999999999848,-429.66524521657959212,-13509.58953816165922,-13451.026997167773516,-13500.681196620953415
0.03168267,0.03083309,0.023124817500000002,0.2713226502018911,0.04867734979810887,0.32,2e-09,0.7500000000000001,0.005154397097587454,0.9206720790388758,-222.6074999999999875,-193.56870000000000687,-218.19021304588332555,-6850.682761446090808,-6776.8899614020383524,-6839.4576428825712355
0.03174035,0.06761522,0.05071141500000001,0.2713226502018911,0.04867734979810887,0.32,2e-09,0.7500000000000001,0.005154397097587454,0.9206720790388758,-505.93310000000002447,-449.39699999999999136,-497.3330140127472987,-15606.4141535841899895,-15472.938791613500143,-15586.110319571449509
0.03175617,0.04926425,0.03694818750000001,0.2713226502018911,0.04867734979810887,0.32,2e-09,0.7500000000000001,0.005154397097587454,0.9206720790388758,-380.95839999999998327,-351.30410000000000537,-376.44748520588103702,-11794.814505019900025,-11746.0946372331891325,-11787.4033986249887676
0.03180122,0.2832147,0.21241102500000003,0.2713226502018911,0.04867734979810887,0.32,2e-09,0.7500000000000001,0.005154397097587454,0.9206720790388758,-1367.7200000000000273,-1230.54099999999994,-1346.8527807251412014,-42186.113793458614964,-41904.983313046745025,-42143.349147415116022
0.03180402,0.3388142,0.25411065000000005,0.2713226502018911,0.04867734979810887,0.32,2e-09,0.7500000000000001,0.005154397097587454,0.9206720790388758,-1499.1330000000000382,-1348.6820000000000164,-1476.2468876422647099,-46235.395189074231894,-45926.169129281937785,-46188.356735701723665
0.03200828,0.1662025,0.12465187500000002,0.2713226502018911,0.04867734979810887,0.32,2e-09,0.7500000000000001,0.005154397097587454,0.9206720790388758,-1002.4519999999999982,-891.38199999999994816,-985.5563961185125663,-30675.494320442550816,-30432.10966205778459,-30638.471444968523429
0.03205663,0.07004436,0.05253327000000001,0.2713226502018911,0.04867734979810887,0.32,2e-09,0.7500000000000001,0.005154397097587454,0.9206720790388758,-523.4189999999999827,-461.3768000000000029,-513.9813441511117844,-15972.438642866572991,-15825.615958686747035,-15950.104458003701438
0.0320865,0.02496393,0.018722947500000003,0.2713226502018911,0.04867734979810887,0.32,2e-09,0.7500000000000001,0.005154397097587454,0.9206720790388758,-178.10149999999998727,-158.30039999999999623,-175.08942165285205306,-5422.3890981945150997,-5369.560042078607694,-5414.352915556833068
0.03219674,0.1048516,0.07863870000000002,0.2713226502018911,0.04867734979810887,0.32,2e-09,0.7500000000000001,0.005154397097587454,0.9206720790388758,-748.06960000000003674,-684.43899999999996453,-738.3903219560513662,-22837.161680760134914,-22716.741695587283175,-22818.843787819689169
0.03221024,0.2644518,0.19833885000000004,0.2713226502018911,0.04867734979810887,0.32,2e-09,0.7500000000000001,0.005154397097587454,0.9206720790388758,-1331.5299999999999727,-1194.4429999999999836,-1310.6767754632080596,-40536.05890637147968,-40252.744411460647825,-40492.962035210075555
0.03229413,0.1320189,0.09901417500000001,0.2713226502018911,0.04867734979810887,0.32,2e-09,0.7500000000000001,0.005154397097587454,0.9206720790388758,-867.37620000000003984,-775.0865000000000009,-853.3373937198045951,-26322.108616215919028,-26133.615826022978581,-26293.43571158265695
0.03234363,0.07767971,0.05825978250000001,0.2713226502018911,0.04867734979810887,0.32,2e-09,0.7500000000000001,0.005154397097587454,0.9206720790388758,-570.47900000000004184,-498.51029999999997244,-559.5313575487026583,-17236.190508284878888,-17071.416491874755593,-17211.125625677268545
0.03235346,0.04448331,0.033362482500000006,0.2713226502018911,0.04867734979810887,0.32,2e-09,0.7500000000000001,0.005154397097587454,0.9206720790388758,-344.76209999999997535,-313.16879999999997608,-339.95623088944807932,-10456.097047369210486,-10399.374864066681766,-10447.468655000680883
0.03235943,0.1717614,0.12882105000000002,0.2713226502018911,0.04867734979810887,0.32,2e-09,0.7500000000000001,0.005154397097587454,0.9206720790388758,-1032.5440000000000964,-918.259900000000016,-1015.15947777480607783,-31255.159744995682559,-31011.524468523719406,-31218.098746320731152
0.03242554,0.05381048,0.04035786000000001,0.2713226502018911,0.04867734979810887,0.32,2e-09,0.7500000000000001,0.005154397097587454,0.9206720790388758,-427.55410000000000537,-396.85779999999999745,-422.8846795856009635,-12978.791821675427855,-12929.013850149925929,-12971.219760012341794
0.032476,0.160824,0.12061800000000002,0.2713226502018911,0.04867734979810887,0.32,2e-09,0.7500000000000001,0.005154397097587454,0.9206720790388758,-1001.5080000000000382,-898.15020000000004075,-985.7855506719906771,-30239.192750730162516,-30022.911075924432225,-30206.292692169412476
0.03255976,0.1895887,0.142191525,0.2713226502018911,0.04867734979810887,0.32,2e-09,0.7500000000000001,0.005154397097587454,0.9206720790388758,-1120.2870000000000346,-1016.5869999999999891,-1104.5124963310502153,-33788.129093210336578,-33592.269758513408306,-33758.335614003248338
0.03263189,0.06289672,0.04717254000000001,0.2713226502018911,0.04867734979810887,0.32,2e-09,0.7500000000000001,0.005154397097587454,0.9206720790388758,-493.69510000000002492,-448.44999999999998863,-486.8125638770299588,-14855.240597827458259,-14760.3358807437271025,-14840.8040037306582235
0.03269064,0.06059407,0.04544555250000001,0.2713226502018911,0.04867734979810887,0.32,2e-09,0.7500000000000001,0.005154397097587454,0.9206720790388758,-480.38580000000001746,-440.20510000000001583,-474.27364378427228075,-14444.183645151295423,-14365.1897127851661935,-14432.167347408438218
0.03269398,0.1196121,0.08970907500000001,0.2713226502018911,0.04867734979810887,0.32,2e-09,0.7500000000000001,0.005154397097587454,0.9206720790388758,-814.3244999999999436,-719.65239999999994325,-799.92329085055757787,-24378.81414176040198,-24170.274509602546459,-24347.091777318786626
0.03278281,0.05155125,0.03866343750000001,0.2713226502018911,0.04867734979810887,0.32,2e-09,0.7500000000000001,0.005154397097587454,0.9206720790388758,-413.22109999999997854,-383.49200000000001864,-408.69880687536573305,-12406.460620049274439,-12360.472108716079674,-12399.464998634086442
0.03281302,0.2736311,0.20522332500000004,0.2713226502018911,0.04867734979810887,0.32,2e-09,0.7500000000000001,0.005154397097587454,0.9206720790388758,-1381.6430000000000291,-1243.1410000000000764,-1360.5745303070696082,-41308.038881053107616,-41033.03469363390468,-41266.20614659388957
0.03283432,0.09495936,0.07121952000000002,0.2713226502018911,0.04867734979810887,0.32,2e-09,0.7500000000000001,0.005154397097587454,0.9206720790388758,-704.6961000000000013,-647.62609999999995125,-696.0147988969434891,-21107.277812738695502,-21013.142064769232093,-21092.958191699894087
0.03293158,0.2932404,0.21993030000000005,0.2713226502018911,0.04867734979810887,0.32,2e-09,0.7500000000000001,0.005154397097587454,0.9206720790388758,-1442.9710000000000036,-1304.0779999999999745,-1421.843052670285033,-43010.666651877676486,-42741.431427155774145,-42969.71147309092339
0.03340627,0.2163491,0.16226182500000003,0.2713226502018911,0.04867734979810887,0.32,2e-09,0.7500000000000001,0.005154397097587454,0.9206720790388758,-1230.4429999999999836,-1104.2509999999999764,-1211.2470871071157035,-36125.14630359102739,-35874.406988037444535,-36087.004661805585783
0.03344535,0.1775073,0.13313047500000003,0.2713226502018911,0.04867734979810887,0.32,2e-09,0.7500000000000001,0.005154397097587454,0.9206720790388758,-1091.8940000000000055,-979.43899999999996453,-1074.7877144639176095,-32017.175404473146045,-31797.18393628864942,-31983.711024318719865
0.03350586,0.08311063,0.062332972500000014,0.2713226502018911,0.04867734979810887,0.32,2e-09,0.7500000000000001,0.005154397097587454,0.9206720790388758,-627.890700000000038,-557.46460000000001855,-617.1777127980731166,-18351.062596200295957,-18208.855829017946235,-18329.43056948218873
0.03373118,0.0859426,0.06445695,0.2713226502018911,0.04867734979810887,0.32,2e-09,0.7500000000000001,0.005154397097587454,0.9206720790388758,-653.6349999999999909,-586.2947000000000344,-643.39141456684501463,-19000.581209634798142,-18873.02543188087293,-18981.177843345740257
0.03373555,0.19594,0.14695500000000003,0.2713226502018911,0.04867734979810887,0.32,2e-09,0.7500000000000001,0.005154397097587454,0.9206720790388758,-1185.5399999999999636,-1080.4659999999998945,-1169.556487960354616,-34535.14211250891094,-34346.111471331780194,-34506.387391749092785
0.03379077,0.2236412,0.16773090000000004,0.2713226502018911,0.04867734979810887,0.32,2e-09,0.7500000000000001,0.005154397097587454,0.9206720790388758,-1268.900000000000091,-1141.7850000000000819,-1249.5636833762919196,-36844.162985848466633,-36600.050815802213037,-36807.029443688094034
0.0339021,0.3148069,0.23610517500000003,0.2713226502018911,0.04867734979810887,0.32,2e-09,0.7500000000000001,0.005154397097587454,0.9206720790388758,-1535.6369999999999436,-1387.0309999999999491,-1513.0315429871943707,-44465.49240401955467,-44184.930097142576415,-44422.814186669500486
0.03393252,0.2093097,0.156982275,0.2713226502018911,0.04867734979810887,0.32,2e-09,0.7500000000000001,0.005154397097587454,0.9206720790388758,-1230.0440000000000964,-1109.8360000000000127,-1211.7583535483404376,-35579.77119461655093,-35348.86145894283254,-35544.645963444119843
0.03394471,0.1277468,0.09581010000000001,0.2713226502018911,0.04867734979810887,0.32,2e-09,0.7500000000000001,0.005154397097587454,0.9206720790388758,-884.9133000000000493,-788.0358999999999696,-870.1766278520896094,-25543.62397111401151,-25351.350715209213377,-25514.37599444370062
0.03415628,0.1409963,0.10574722500000001,0.2713226502018911,0.04867734979810887,0.32,2e-09,0.7500000000000001,0.005154397097587454,0.9206720790388758,-973.55989999999997053,-891.11980000000005475,-961.0193825465903501,-28026.353006793349778,-27887.555378568526066,-28005.239567105072638
0.03418785,0.04692205,0.03519153750000001,0.2713226502018911,0.04867734979810887,0.32,2e-09,0.7500000000000001,0.005154397097587454,0.9206720790388758,-387.418200000000013,-356.92180000000001883,-382.77918771755298621,-11143.7751866272064944,-11096.90720328527641,-11136.645782816371138
0.03465631,0.2471822,0.18538665000000001,0.2713226502018911,0.04867734979810887,0.32,2e-09,0.7500000000000001,0.005154397097587454,0.9206720790388758,-1386.4390000000000782,-1260.9169999999999163,-1367.3450053082556224,-39309.052328514764667,-39085.408182921506523,-39275.032315060561814
